null_type,random_set,coef,p_wald,logrank_p
panel99_equal,0,0.2591374425641989,1.1617373729677638e-12,4.156529651855568e-11
panel99_equal,1,0.2177086040243042,6.196525514923223e-10,5.4680235153959423e-11
panel99_equal,2,0.26186765944480944,7.127631818093505e-14,8.493530435172649e-13
panel99_equal,3,0.21838661659160144,3.6222491672788237e-10,1.3374420716853593e-08
panel99_equal,4,0.24676871983273838,2.426725487225667e-12,7.525243597158208e-11
panel99_equal,5,0.21658983910316296,7.942795310356132e-10,4.730123709119389e-09
panel99_equal,6,0.20464618262979162,7.422882530860875e-09,6.469036770543877e-09
panel99_equal,7,0.2598090192730538,4.68292071786891e-13,1.5663494016593883e-09
panel99_equal,8,0.15454693302793046,7.318236889375385e-06,1.0704427541060784e-06
panel99_equal,9,0.250098269558092,1.7112977701572163e-12,1.518156336561753e-11
panel99_equal,10,0.12497565985934497,0.0004988984009062225,0.0027399376751170482
panel99_equal,11,0.20486461751020923,2.8651176986471683e-09,1.2290333324239165e-08
panel99_equal,12,0.21199983565475944,1.313163355831648e-09,1.1405199679142213e-06
panel99_equal,13,0.22079780565622328,1.8749735097856046e-10,1.7586733618545614e-10
panel99_equal,14,0.2437773422801722,5.763389765434113e-12,4.007512441207859e-10
panel99_equal,15,0.27689451608416865,5.551115123125783e-15,4.708691798749119e-12
panel99_equal,16,0.2574047957731296,1.361133428190442e-13,1.2108563581364242e-14
panel99_equal,17,0.13887073835924135,0.00011927233421915595,0.0006587085449492242
panel99_equal,18,0.19333454359642532,5.165923444572229e-08,1.03470455096761e-06
panel99_equal,19,0.20948492724150083,1.1316985126796908e-09,1.581952005617243e-09
panel99_equal,20,0.1584639316529963,6.683671078588915e-06,0.0006346553930184569
panel99_equal,21,0.22403268521456432,1.1611134276279245e-10,9.3480726803541e-11
panel99_equal,22,0.2047840495041908,3.2344755762636623e-09,1.2006674238628943e-07
panel99_equal,23,0.25124287344279583,3.2462921240039577e-13,2.6595125049929105e-13
panel99_equal,24,0.25993416332068897,2.0028423364237824e-13,1.7374434123132883e-12
panel99_equal,25,0.25806776126521974,9.443557047461582e-13,5.424761611928883e-09
panel99_equal,26,0.14069762449458906,5.482128756573168e-05,0.00016851848183337383
panel99_equal,27,0.22400643347408705,2.0985280180241261e-10,1.187176094497249e-10
panel99_equal,28,0.19997660142441526,2.4660480324456557e-08,1.2365193972277117e-08
panel99_equal,29,0.2519681550322293,1.6326939800137552e-12,1.8069052895894636e-11
panel99_equal,30,0.1384279622364396,6.904810400087946e-05,2.2561207231287517e-06
panel99_equal,31,0.2229860810102716,4.595859248723855e-10,3.0839816437891595e-06
panel99_equal,32,0.2977647977317873,4.440892098500626e-16,1.4658441061671714e-13
panel99_equal,33,0.21457523711318446,1.5881997939004577e-09,3.0446455542335836e-08
panel99_equal,34,0.25794250294577253,3.135269821541442e-13,1.513494197163158e-12
panel99_equal,35,0.27301536936616855,9.992007221626409e-15,8.56010037186261e-15
panel99_equal,36,0.21147970882770717,3.058374886677484e-09,4.30027668164984e-07
panel99_equal,37,0.17671949127806083,7.199300617877213e-07,3.063235620318068e-07
panel99_equal,38,0.20319251372376723,6.408342079211593e-09,5.848767363114511e-09
panel99_equal,39,0.23722929815850383,1.2631007351160406e-11,1.2048183933618614e-09
panel99_equal,40,0.177026698138124,3.9574865806635273e-07,3.2728876130707584e-05
panel99_equal,41,0.18713166328617728,8.947010354809493e-08,1.4895578909617046e-08
panel99_equal,42,0.2161724226093083,5.457845286827023e-10,2.0194843600611437e-09
panel99_equal,43,0.22444444467708202,1.3990208991288e-10,9.602765247043431e-12
panel99_equal,44,0.24361334839091933,1.031419394337263e-11,1.318046189144485e-09
panel99_equal,45,0.11990004512018694,0.0006995566799339326,0.015723767367295145
panel99_equal,46,0.19224291728187148,4.248230811576548e-08,6.904942521471875e-08
panel99_equal,47,0.252925937138785,1.198374732780394e-12,4.715915445093392e-10
panel99_equal,48,0.255245577393168,3.4927616354707425e-13,1.7076038666213055e-12
panel99_equal,49,0.16996198193705617,8.940215547870167e-07,1.6018518548964331e-07
panel99_equal,50,0.18141308673492487,1.397841971062519e-07,4.8016353937515595e-08
panel99_equal,51,0.2049494821811498,4.1001855244360286e-09,1.3519444734994774e-07
panel99_equal,52,0.23204749699930918,2.3001156534974143e-11,8.498381968937999e-12
panel99_equal,53,0.2230916221634745,1.7226065018860481e-10,9.484794985072596e-11
panel99_equal,54,0.2266343803631881,4.9322324002787354e-11,7.973369199934725e-09
panel99_equal,55,0.19426678222572774,1.66682347924052e-08,4.386096330032211e-09
panel99_equal,56,0.1659815992099888,2.0602714223549867e-06,3.660316284335398e-07
panel99_equal,57,0.19817999121624966,2.8428734921703835e-08,1.361574128426192e-06
panel99_equal,58,0.1358157064344732,0.00012922040929463918,0.00012803967814406907
panel99_equal,59,0.18059640971768162,2.414368192038552e-07,1.7106805142239668e-07
panel99_equal,60,0.23865821620326058,1.5408341269562698e-11,1.796307665016967e-08
panel99_equal,61,0.1257522790691119,0.00026990876397192665,0.0016082923687319186
panel99_equal,62,0.15065603428228655,1.797773980904971e-05,0.00020804015529243827
panel99_equal,63,0.25769702345691664,5.040412531798211e-13,1.3320288762222638e-10
panel99_equal,64,0.15306097138576033,1.3419994454144657e-05,5.653895503866988e-07
panel99_equal,65,0.22691092533393983,6.573541710963582e-11,2.267204211074495e-09
panel99_equal,66,0.2321047711852925,3.544609050720737e-11,2.865825416970724e-09
panel99_equal,67,0.2305583936208396,6.421863041339293e-11,1.6185465661323005e-09
panel99_equal,68,0.18514322631577856,1.93191176167673e-07,1.9320672374388225e-07
panel99_equal,69,0.19048581927647215,9.301328995903191e-08,1.5114253041432706e-05
panel99_equal,70,0.22274772710508464,3.0971381015376664e-10,1.24785991035463e-11
panel99_equal,71,0.18681623890557877,8.050187827457478e-08,5.4195179344757594e-08
panel99_equal,72,0.2150389175564231,1.5636001382546283e-09,3.896822617787907e-08
panel99_equal,73,0.16137446810230863,4.08402321561141e-06,7.280340314426468e-05
panel99_equal,74,0.20834294744840076,5.220847532072526e-09,7.472863945740411e-09
panel99_equal,75,0.24812788207866032,2.382982700055436e-12,9.748569049130501e-10
panel99_equal,76,0.21589429573367824,1.2292065143526543e-09,6.6521168425373666e-09
panel99_equal,77,0.23858176526474018,1.3681944466270579e-11,2.9522219676532566e-09
panel99_equal,78,0.1638712433978035,2.855553081992923e-06,3.3472710121378544e-05
panel99_equal,79,0.22274240721570834,3.3008440425419394e-10,2.395125678026488e-07
panel99_equal,80,0.22351617335222448,3.2425551133030694e-10,4.2596482963876445e-09
panel99_equal,81,0.25154827160548754,1.162847595992389e-12,7.062330462273286e-11
panel99_equal,82,0.19581790847005617,1.9156980224366293e-08,4.18562435184309e-11
panel99_equal,83,0.1954941531566717,2.3254048242549175e-08,1.8227536725296114e-06
panel99_equal,84,0.18832909815125193,1.397078552844988e-07,3.378374027085418e-06
panel99_equal,85,0.10532732585411374,0.0025540862837984957,0.015263114210923665
panel99_equal,86,0.24097012072302212,1.0583756093751617e-11,2.770964088707004e-11
panel99_equal,87,0.2377063774196249,2.2131407817482796e-11,2.2449384160795914e-10
panel99_equal,88,0.22025540243189456,4.758242688751579e-10,1.2319400033629535e-08
panel99_equal,89,0.2036829849875869,7.063916562799477e-09,5.149193240848821e-10
panel99_equal,90,0.26119667929679713,1.871836019518014e-13,8.970379675635941e-10
panel99_equal,91,0.24226329814754682,3.4308111906966587e-12,2.5201890057824758e-12
panel99_equal,92,0.1827660567307623,1.5557536015009532e-07,8.633488949336462e-07
panel99_equal,93,0.22239665994390798,3.6069991438125726e-10,2.7162180071475647e-08
panel99_equal,94,0.2249110475819562,2.2538726440757273e-10,5.24846252858684e-09
panel99_equal,95,0.25665112171170607,2.446931546273845e-13,1.5097963728780747e-13
panel99_equal,96,0.24796417898332287,1.1257661469699087e-12,1.8727821978082068e-14
panel99_equal,97,0.10903492896274126,0.0020131697347247623,0.013063843842883487
panel99_equal,98,0.21316051786951193,1.8975219173711366e-09,1.264779811592433e-07
panel99_equal,99,0.2345394561506204,2.2470691973808243e-11,6.295686156688309e-10
panel99_equal,100,0.21599086360104894,6.193658919073641e-10,1.2952122436696962e-07
panel99_equal,101,0.16982852643100324,9.91647892911729e-07,3.7991957069425455e-06
panel99_equal,102,0.2088951635176706,2.397996246017442e-09,2.2317977307560597e-09
panel99_equal,103,0.21851192855243431,2.932840637015488e-10,1.9746934337189746e-10
panel99_equal,104,0.270215366326606,4.773959005888173e-14,1.9253788712528607e-12
panel99_equal,105,0.21920474308992227,2.614479743812126e-10,1.2578964316097898e-10
panel99_equal,106,0.19021975744534197,3.428923234238823e-08,3.425573196417808e-10
panel99_equal,107,0.2414306316677535,6.608269487173857e-12,2.984358308929731e-11
panel99_equal,108,0.21147701758203905,1.8299335380334014e-09,2.1382438931483702e-10
panel99_equal,109,0.2126743064942638,7.524778578016367e-10,1.3878256528699912e-09
panel99_equal,110,0.17768083874135285,4.4862299475312284e-07,1.1841988258631813e-06
panel99_equal,111,0.20773711361373345,4.87937956705764e-09,9.5964574279573e-07
panel99_equal,112,0.1837235448858693,1.00153896509525e-07,4.915517239837441e-08
panel99_equal,113,0.2381286470439309,5.830003146911622e-12,8.672601779386131e-12
panel99_equal,114,0.2540274878057347,1.6127099655705024e-12,5.716693673427589e-08
panel99_equal,115,0.2393983265641096,8.739675649849232e-12,3.041701934810831e-11
panel99_equal,116,0.20853350536859344,6.5079235334053465e-09,1.746084630919365e-07
panel99_equal,117,0.2237427437863687,1.0248002446644477e-10,7.1383952939789354e-12
panel99_equal,118,0.1346582269274146,0.00012254096172403806,0.00011396312371316125
panel99_equal,119,0.2383072987121402,8.739009516034457e-12,9.008881793149533e-11
panel99_equal,120,0.20211886711563953,1.0631393987381443e-08,3.3364108153309217e-07
panel99_equal,121,0.20110009595910588,1.433226914926422e-08,3.900328262547326e-08
panel99_equal,122,0.1341859898506627,0.0001202848531747236,2.9705205618614113e-05
panel99_equal,123,0.19443702533444404,2.9749391838862493e-08,1.6438358290956907e-06
panel99_equal,124,0.26329555744019884,2.731148640577885e-14,5.611290229291419e-12
panel99_equal,125,0.14847751045450552,2.6077767834253862e-05,0.00011105585089663031
panel99_equal,126,0.20450105534557783,6.832099774811695e-09,5.618084390105075e-09
panel99_equal,127,0.20050387490716873,8.323910671848012e-09,1.3470885283626936e-09
panel99_equal,128,0.19570517994469136,3.2113046444237625e-08,2.4752109877513955e-06
panel99_equal,129,0.22142739653071608,1.9090173886127104e-10,4.214579328937072e-11
panel99_equal,130,0.193931253361626,3.440674389842968e-08,4.5169710547544737e-10
panel99_equal,131,0.18867831264910814,9.43051798873995e-08,1.1973218938875387e-08
panel99_equal,132,0.24941364429337204,2.2957191703198987e-12,1.7785301184693518e-10
panel99_equal,133,0.17232103846457364,1.5217725601868182e-06,6.617954402753368e-07
panel99_equal,134,0.17798462013459143,6.404499226508875e-07,1.7452645518965713e-06
panel99_equal,135,0.20259359269005342,9.446970539173094e-09,1.3296349179701738e-07
panel99_equal,136,0.24097950041516553,6.2301275249865284e-12,7.140463670670718e-10
panel99_equal,137,0.2841890031116776,2.220446049250313e-15,2.4818452310606743e-10
panel99_equal,138,0.25224367047693974,2.5157653738006047e-13,1.0740364627836782e-12
panel99_equal,139,0.21414350118567346,1.3981167334975453e-09,4.900360660521316e-08
panel99_equal,140,0.20697431649861944,3.0778126713926213e-09,1.775860438713624e-09
panel99_equal,141,0.2189529835353436,7.706610904989475e-10,7.341509581891459e-08
panel99_equal,142,0.17365856628857584,5.424953104515851e-07,5.015666262765834e-07
panel99_equal,143,0.21435686419694358,5.121001400709702e-10,7.997275224970236e-09
panel99_equal,144,0.22616328253382903,8.589728928143359e-11,2.5111663254194467e-08
panel99_equal,145,0.23722130867285393,1.642974645221784e-11,6.819598285880726e-11
panel99_equal,146,0.2419003728195688,7.992051465066652e-12,5.747653410539622e-08
panel99_equal,147,0.22498542117250778,1.1298162405637413e-10,2.6498968050831005e-09
panel99_equal,148,0.172261100156995,5.659084949538595e-07,6.248486161357322e-08
panel99_equal,149,0.23212455132200133,3.702016471152092e-11,1.3597826000499642e-09
panel99_equal,150,0.21171567400618277,1.141640559865209e-09,6.714339752755824e-08
panel99_equal,151,0.19600425869147511,1.5898354188692565e-08,8.188674124335733e-09
panel99_equal,152,0.17923622150294646,3.125146539328938e-07,0.00014313370761880607
panel99_equal,153,0.19116505000636982,5.1976861481506376e-08,1.0980323916419986e-08
panel99_equal,154,0.24159617066294517,6.8480776604928906e-12,8.07160611475819e-13
panel99_equal,155,0.20612187890359976,8.032383203016025e-09,3.3779375137689584e-06
panel99_equal,156,0.20914292019206612,1.7166748023100808e-09,5.037287300385419e-09
panel99_equal,157,0.18641156573208334,8.04729347603228e-08,2.584071090268388e-07
panel99_equal,158,0.21306744382722634,2.193206283251925e-09,5.688207288725109e-09
panel99_equal,159,0.24292147631662045,6.483924508415839e-12,8.111494201426916e-11
panel99_equal,160,0.16721444805922211,1.5613342647657902e-06,8.557205429706615e-07
panel99_equal,161,0.23007425446837643,5.629385846361856e-11,9.379772416374526e-10
panel99_equal,162,0.2186231068100758,3.163378448078902e-10,9.359711242724198e-10
panel99_equal,163,0.24580679072650993,2.134514787144326e-12,1.1118709708726752e-11
panel99_equal,164,0.23988154162091674,7.0667915963440464e-12,1.5704076441981996e-12
panel99_equal,165,0.22411475557836666,1.0763567814819908e-10,1.9772571745542137e-10
panel99_equal,166,0.19962585005521874,1.282985140349524e-08,1.1522561532756561e-07
panel99_equal,167,0.21728715118473446,6.719569345392529e-10,3.8440416804990305e-09
panel99_equal,168,0.2537184884337499,3.7769787297747826e-13,2.7230042755467437e-13
panel99_equal,169,0.22853772137138498,1.302207230935437e-10,7.639806258779192e-07
panel99_equal,170,0.2340621119804171,3.889355504327341e-11,8.49788233965405e-09
panel99_equal,171,0.2027078747998818,1.2670258842106819e-08,6.226412349621298e-06
panel99_equal,172,0.2525472309121735,1.2216894162975223e-12,7.240761377362797e-11
panel99_equal,173,0.17567598748549187,4.900245824668303e-07,1.3773892423023987e-05
panel99_equal,174,0.18614014749599028,1.4687508409494399e-07,2.916406498857518e-07
panel99_equal,175,0.1811952122289222,3.240925459113697e-07,1.511849423936186e-05
panel99_equal,176,0.2539111190780501,7.183142969324763e-13,2.3604621811033607e-11
panel99_equal,177,0.1832651972311599,2.25230534445231e-07,5.3996628356128444e-05
panel99_equal,178,0.23487277789766764,2.6918023365851695e-11,1.8934327147928463e-07
panel99_equal,179,0.2283785837005906,7.970402116086461e-11,1.2672739206996162e-11
panel99_equal,180,0.19660286076813588,1.4987501906205125e-08,3.120352747059931e-06
panel99_equal,181,0.2583817503906312,2.3314683517128287e-13,4.1967845240574946e-10
panel99_equal,182,0.22945531650561757,9.349321317131398e-11,1.4268988874350917e-07
panel99_equal,183,0.21825759153623947,2.2707458136039804e-10,7.034587788437287e-11
panel99_equal,184,0.1861548922347957,1.7076998704013135e-07,3.00839894086678e-07
panel99_equal,185,0.21275146494601882,1.071155164567017e-09,8.028684738320309e-09
panel99_equal,186,0.1496705825457922,2.4797115692809513e-05,0.0010926511862295134
panel99_equal,187,0.1808455231359202,2.3756637679284154e-07,6.229358386568266e-07
panel99_equal,188,0.19998033266833382,7.850791128305445e-09,8.699159353137848e-08
panel99_equal,189,0.1971993386285021,2.749549143921115e-08,6.100333285884045e-09
panel99_equal,190,0.2332605820384989,9.671374812114664e-12,1.1819563501663395e-11
panel99_equal,191,0.1861759694113275,8.898346215424624e-08,2.0314459453390056e-09
panel99_equal,192,0.21694629785196418,8.805476348072716e-10,3.3708857771381916e-07
panel99_equal,193,0.19945201621522662,1.2124660164758438e-08,5.130931120712494e-09
panel99_equal,194,0.19870191135655885,9.693738478588898e-09,5.349498743485074e-09
panel99_equal,195,0.25112454353989144,1.510791491909913e-12,4.4956964967254615e-10
panel99_equal,196,0.1999566195910863,1.136390737066506e-08,1.2734173573521069e-06
panel99_equal,197,0.1959701148246018,3.972979101263263e-08,2.180101577549128e-05
panel99_equal,198,0.21311756836584803,1.5879735304480391e-09,1.2930632451112212e-09
panel99_equal,199,0.2362124604926545,2.102518159574629e-11,1.1806424930416885e-11
panel99_equal,200,0.15507060632743688,1.4673542063192713e-05,1.3274248555911688e-05
panel99_equal,201,0.23222042257483322,2.9007685142801165e-11,4.9931988034084245e-08
panel99_equal,202,0.15398476761775118,1.5241696171175434e-05,0.0019392954823809507
panel99_equal,203,0.21263684298157884,2.215180483489121e-09,1.0494063829595361e-07
panel99_equal,204,0.2550538196837133,1.865174681370263e-13,1.6917780642784747e-11
panel99_equal,205,0.26118311253121507,7.482903185973555e-14,1.6010438494750446e-11
panel99_equal,206,0.2233277291333562,1.9737123047036675e-10,3.64736789862222e-12
panel99_equal,207,0.19937186792291697,1.0872003075590442e-08,2.39157253832217e-06
panel99_equal,208,0.2293409272046919,1.0471801203948417e-10,4.448479572157592e-10
panel99_equal,209,0.17080198732042173,1.0440168760617041e-06,5.725704526415516e-08
panel99_equal,210,0.21962932897332646,5.444786843611382e-10,5.200485799344565e-08
panel99_equal,211,0.24492860403040642,5.1454396299277505e-12,1.8892137794312448e-13
panel99_equal,212,0.11168832948195562,0.0014743237700116651,0.022921241944495536
panel99_equal,213,0.22705806168351286,8.665224093817869e-11,4.918759304219094e-09
panel99_equal,214,0.18129206234454165,1.45533763706851e-07,2.4427669920669623e-08
panel99_equal,215,0.23850058181845074,8.217426739065559e-12,3.1020868934960505e-11
panel99_equal,216,0.23621217350656123,1.2354339773423817e-11,6.213371467895638e-11
panel99_equal,217,0.18002511321478243,3.929447549566589e-07,6.546863398907053e-06
panel99_equal,218,0.16731359518710642,2.445552945706808e-06,4.824537687469427e-06
panel99_equal,219,0.22075241213671173,5.682843084997558e-10,7.974021276879925e-08
panel99_equal,220,0.267835424256751,8.72635297355373e-14,1.537776433394442e-12
panel99_equal,221,0.2433770324130051,1.8904877663317166e-12,7.966215050296045e-10
panel99_equal,222,0.14235664595956893,6.053392184468542e-05,8.685279373733095e-05
panel99_equal,223,0.1874148866121515,7.709166194302952e-08,2.5184684182388015e-07
panel99_equal,224,0.19233109033091383,4.96807421868084e-08,1.3694396815689306e-10
panel99_equal,225,0.24019211376195682,1.5050849455633397e-11,6.073439339812579e-07
panel99_equal,226,0.21219418374138332,1.1772940400334164e-09,1.0699219369693094e-09
panel99_equal,227,0.2284830623166046,7.423439640774632e-11,3.2129864602056152e-09
panel99_equal,228,0.20624605586391007,3.6439513628749864e-09,2.1619017088105584e-07
panel99_equal,229,0.21534641167261656,7.915614830267259e-10,2.0658819469636013e-08
panel99_equal,230,0.2510210305217785,1.290523243824282e-12,2.4726594087392633e-11
panel99_equal,231,0.2602885503897941,1.092459456231154e-13,6.284665502536349e-11
panel99_equal,232,0.21473094939539913,1.3509375840214943e-09,1.4406354941134824e-09
panel99_equal,233,0.21338524382743962,7.04616809343861e-10,2.5096857157372507e-09
panel99_equal,234,0.22467760408168483,3.1627900298758505e-10,2.7802242995468566e-06
panel99_equal,235,0.21560889117808485,8.474958512749708e-10,4.894902023640691e-10
panel99_equal,236,0.21979566272569173,6.2216232166179e-10,3.623397017220357e-09
panel99_equal,237,0.2555623801223354,2.948752353404416e-13,6.2453048659684285e-12
panel99_equal,238,0.20571252449954547,7.476010699392077e-09,8.389937903367455e-07
panel99_equal,239,0.24520625669787613,4.168887457467463e-12,5.383197286232713e-09
panel99_equal,240,0.1481844187991947,3.185612053990816e-05,3.212175783818238e-05
panel99_equal,241,0.2505781293420047,1.488809076022335e-12,3.675282871266833e-08
panel99_equal,242,0.21769314308850926,8.9922669310738e-10,3.6829000914284057e-10
panel99_equal,243,0.21395630334149002,1.7456807110960426e-09,8.875719068419946e-10
panel99_equal,244,0.1926930854558323,5.1338311157778094e-08,7.56900286796546e-07
panel99_equal,245,0.2087419459683885,3.7080416515067327e-09,3.579827995431399e-07
panel99_equal,246,0.23226228116440106,3.2834401864079155e-11,1.8362563238405854e-10
panel99_equal,247,0.21866078544055725,2.9104096910259614e-10,2.593214950091052e-08
panel99_equal,248,0.23880612712655333,4.633293748668166e-11,1.6402295048361255e-08
panel99_equal,249,0.2299025913316702,3.6127101310512444e-11,7.302249561506898e-11
panel99_equal,250,0.19159669871595153,3.7252361195783124e-08,2.602623835850434e-07
panel99_equal,251,0.23562367720000565,2.994626768781927e-11,1.2025957942086375e-08
panel99_equal,252,0.25290356971987427,6.341593916658894e-13,4.495137925508071e-13
panel99_equal,253,0.20612822547736684,3.693110040003944e-09,1.3279466539441644e-07
panel99_equal,254,0.1820331520075469,3.577518685737857e-07,3.663337235746615e-06
panel99_equal,255,0.22009169871603973,6.114093675790855e-10,1.0513040870710923e-07
panel99_equal,256,0.23071193888901126,2.0123458455145737e-11,2.012823369193392e-12
panel99_equal,257,0.19367571686833765,4.416695698061801e-08,1.2952185297550447e-08
panel99_equal,258,0.17008982514918908,2.776172834062507e-06,0.0004140919561590444
panel99_equal,259,0.21444341621128424,9.237282050378326e-10,1.3207660228420292e-08
panel99_equal,260,0.24833320462861544,4.462430425178354e-12,4.305886363433172e-08
panel99_equal,261,0.17587145698287143,6.460233752392242e-07,2.5420675621679574e-07
panel99_equal,262,0.2075931482688139,2.4914752483340408e-09,4.298298862223573e-09
panel99_equal,263,0.22146905937703096,5.391862512027501e-10,2.504538284046201e-08
panel99_equal,264,0.25411418777063643,5.617728504603292e-13,6.591741539348324e-11
panel99_equal,265,0.22205535751978453,1.8098367249308467e-10,2.033076733939329e-07
panel99_equal,266,0.20581532035570663,6.666454499537622e-09,1.0011196536419871e-07
panel99_equal,267,0.2583304638711572,3.390621117205228e-13,1.0376880783700932e-11
panel99_equal,268,0.20352777954051965,1.1578907610498845e-08,1.637805485905931e-06
panel99_equal,269,0.19134062566966897,4.6354700744544175e-08,1.0688257136029572e-08
panel99_equal,270,0.17977577030087505,2.4546469457042974e-07,3.6277806114267844e-07
panel99_equal,271,0.19300813599879088,5.066815833565386e-08,2.8402878169105058e-06
panel99_equal,272,0.2477563235779879,2.09321449062827e-12,2.757005611058679e-09
panel99_equal,273,0.21620958958318448,5.964886362619382e-10,2.6800061889777206e-07
panel99_equal,274,0.16028649742531453,3.930832245258031e-06,8.785757749768176e-06
panel99_equal,275,0.18003869121346647,5.04525679456691e-07,5.517921052911185e-05
panel99_equal,276,0.21490643270378912,4.992981583740175e-10,5.611492238091441e-14
panel99_equal,277,0.22757077845412682,1.31013644377731e-10,2.5323247090570523e-10
panel99_equal,278,0.21144230170148537,3.09098191486612e-09,1.825805612790817e-07
panel99_equal,279,0.20190230401248094,6.588482870384382e-09,4.2958265197368565e-08
panel99_equal,280,0.25918140193590383,5.142553050063725e-13,6.14678608069408e-10
panel99_equal,281,0.1685499318805465,2.559025361836831e-06,8.091214288425754e-05
panel99_equal,282,0.2340342679643798,5.203282249510721e-11,4.423095625272946e-07
panel99_equal,283,0.1708377872563816,1.6166480163448682e-06,1.383387714477995e-06
panel99_equal,284,0.24833259247434153,1.5363266214762916e-12,1.2046907646150069e-09
panel99_equal,285,0.22105818289037565,3.420079774940632e-10,1.0861141177531325e-08
panel99_equal,286,0.2165919609848278,1.1263947552464515e-09,2.3298949377685654e-08
panel99_equal,287,0.23701144408085484,1.9934054407144686e-11,3.656398629916886e-11
panel99_equal,288,0.17838218909067569,3.3091867468471037e-07,9.971892434045171e-08
panel99_equal,289,0.22348738706442775,6.690825671284983e-11,1.6106117427792488e-12
panel99_equal,290,0.22684363810782526,1.6960699511514576e-10,3.799972341632113e-09
panel99_equal,291,0.2543051111049701,5.822009541134321e-13,7.668531705006118e-12
panel99_equal,292,0.20140337504833586,1.3829000167220329e-08,2.045155133140351e-08
panel99_equal,293,0.14146774635850987,9.400524444269642e-05,0.0021627879684613183
panel99_equal,294,0.2504917999366636,7.294165271787278e-13,6.911786215319067e-11
panel99_equal,295,0.22574456758165423,2.814799504591292e-10,1.1972902821001009e-08
panel99_equal,296,0.24277442422948606,6.3016258877723885e-12,7.930522026179664e-11
panel99_equal,297,0.22330098105179763,7.850342598203497e-11,2.6791231582472522e-12
panel99_equal,298,0.17785998530912095,2.881305554147673e-07,2.7432123404474843e-06
panel99_equal,299,0.23143359874002567,4.887956706056684e-11,7.438935478932041e-12
panel99_equal,300,0.19475314000592137,2.7568508365050093e-08,2.29167690188066e-07
panel99_equal,301,0.241776914620496,8.251843652828939e-12,1.4941808717519283e-06
panel99_equal,302,0.15989467227673457,5.985954331766408e-06,1.1676457053414241e-05
panel99_equal,303,0.21632083552413073,6.49795994789315e-10,3.2531303710233214e-09
panel99_equal,304,0.2589809964222596,2.2137847111025621e-13,1.8572179247028615e-10
panel99_equal,305,0.18912306365622125,1.1158986645831703e-07,2.8720811253425866e-05
panel99_equal,306,0.20664781601344462,3.9803973450602825e-09,1.549754984518903e-08
panel99_equal,307,0.251692240354119,5.020428517354958e-13,6.121612138921188e-11
panel99_equal,308,0.238089624309743,1.0021761198686363e-11,1.267577881213565e-11
panel99_equal,309,0.21418541701207852,1.3241907570460398e-09,1.564251290732795e-12
panel99_equal,310,0.1642983020025019,2.6986770291781426e-06,2.574382197079015e-06
panel99_equal,311,0.2559958368014039,7.287503933639528e-13,2.316573485803007e-10
panel99_equal,312,0.2631885799232223,1.5298873279334657e-13,2.019714824764082e-15
panel99_equal,313,0.27446933793291173,2.220446049250313e-15,2.400100605138234e-13
panel99_equal,314,0.21245332193178357,8.636882320445238e-10,1.307992054969131e-10
panel99_equal,315,0.24040163862239822,8.22142354195421e-12,2.261630827940806e-10
panel99_equal,316,0.2544436737719543,7.081002451059248e-13,6.573849131243071e-10
panel99_equal,317,0.2600863395104679,6.59472476627343e-14,2.106762996769283e-13
panel99_equal,318,0.2219990538378718,6.340650227087963e-10,8.621488697458037e-07
panel99_equal,319,0.22229563333074673,7.95917998175355e-10,3.0989648532567115e-09
panel99_equal,320,0.25673900268252614,1.176836406102666e-13,6.318909178175818e-14
panel99_equal,321,0.2658848155317305,1.4299672557172016e-13,8.815034127743789e-11
panel99_equal,322,0.16012787985281923,4.4979712989778875e-06,5.908931063875277e-06
panel99_equal,323,0.24410413983975282,3.3419933487266462e-12,2.644039866797093e-11
panel99_equal,324,0.24626583348588693,1.1823875212257917e-12,1.5017369044273492e-12
panel99_equal,325,0.29223048835516274,2.220446049250313e-16,2.699308833961038e-13
panel99_equal,326,0.25549463361894814,2.8332891588433995e-13,4.14274952115919e-14
panel99_equal,327,0.236365049063683,5.428102411997315e-12,4.363598597261891e-13
panel99_equal,328,0.19788582067250804,1.568560370479588e-08,9.548062199079312e-09
panel99_equal,329,0.21385821429497565,9.214580209970791e-10,4.5011799538004635e-08
panel99_equal,330,0.2370030346350663,1.3448131497284521e-11,2.4095212873758456e-11
panel99_equal,331,0.2073976731180076,2.7281557013481006e-09,5.987382721847285e-10
panel99_equal,332,0.20556022883819403,2.5154986982300898e-09,3.4334399404406915e-07
panel99_equal,333,0.22167081436784067,3.991991182061838e-10,1.3050694718975678e-07
panel99_equal,334,0.23150172967654878,4.1780134907298816e-11,7.002077110664705e-10
panel99_equal,335,0.2510574399510703,3.962608019492109e-12,2.0764026557383523e-13
panel99_equal,336,0.1867494452521445,2.0646195331153194e-07,2.0155018634924693e-06
panel99_equal,337,0.23149640987409476,6.475886493717553e-11,2.4143852454269917e-09
panel99_equal,338,0.25357866559095815,3.5926817076870066e-13,4.4803059233086483e-10
panel99_equal,339,0.20289243654540293,1.0885930823434364e-08,4.3729569706754785e-07
panel99_equal,340,0.18362328341185197,1.7326310208787277e-07,4.0650014133414044e-07
panel99_equal,341,0.22924268755265748,7.773048871229093e-11,7.469117933516204e-09
panel99_equal,342,0.23323299620177543,3.12034842409048e-11,1.0404878470257559e-07
panel99_equal,343,0.22481705914957772,3.980653584534366e-10,2.321679260149719e-07
panel99_equal,344,0.21566659092996754,5.630704791315111e-10,1.1503446282537949e-12
panel99_equal,345,0.2138858116159669,9.701761616298654e-10,9.020762263539747e-09
panel99_equal,346,0.18833118504462848,7.669371093754762e-08,1.893908449532506e-06
panel99_equal,347,0.22421084942259323,1.3440693003019533e-10,1.6076208922230156e-10
panel99_equal,348,0.1610101388358481,5.042963247214871e-06,8.190383951535916e-05
panel99_equal,349,0.20326237901374405,1.158420936953064e-08,6.228686097482029e-06
panel99_equal,350,0.20402688440878497,9.881832685465497e-09,2.569927239845154e-06
panel99_equal,351,0.25231476182573825,1.1641798636219391e-12,1.904335472396423e-10
panel99_equal,352,0.23899426226855291,1.0399681116268766e-11,3.769398669758258e-09
panel99_equal,353,0.2213505294284687,2.9801072720658794e-10,1.4981670328621783e-10
panel99_equal,354,0.10633912265730747,0.0026919676140071402,0.014744495054964571
panel99_equal,355,0.04455129314680927,0.20727655851496074,0.25763443401678876
panel99_equal,356,0.24082661691895485,5.929035040708186e-12,8.365351134350679e-09
panel99_equal,357,0.20394083229322177,4.783306417621702e-09,3.4712271159333783e-07
panel99_equal,358,0.240430652576693,6.374234473582874e-12,6.743204555016189e-11
panel99_equal,359,0.22557554490103862,1.9999046863006242e-10,5.060037447167694e-12
panel99_equal,360,0.23210078636679143,4.9330317608564656e-11,1.9791985963427122e-09
panel99_equal,361,0.22636439472712566,1.5128254204910263e-10,5.1596433617722846e-11
panel99_equal,362,0.24786715723781516,2.077449323678593e-12,9.779998527511144e-09
panel99_equal,363,0.24024786324195516,1.7001511309899797e-11,2.7537618342942505e-07
panel99_equal,364,0.21906406177662044,8.811917862061591e-10,5.5719721879635105e-08
panel99_equal,365,0.269379968166456,4.1744385725905886e-14,6.686723834126353e-11
panel99_equal,366,0.2159337735430561,5.296649785435648e-10,1.828031460886031e-10
panel99_equal,367,0.1865593626347229,9.961229441302066e-08,2.992299578172931e-08
panel99_equal,368,0.20868224387151935,3.1463074368076605e-09,1.9820791888497096e-09
panel99_equal,369,0.21044653331812385,2.640504925821574e-09,1.1619282466650263e-06
panel99_equal,370,0.21260045518866513,1.373004154814339e-09,4.0054015108112133e-07
panel99_equal,371,0.22725343223907182,4.5968340245394756e-11,1.670873995369896e-08
panel99_equal,372,0.20338462024307344,5.202512642910051e-09,4.7429976784311713e-08
panel99_equal,373,0.21862792957738772,4.035960454729093e-10,6.512131045930776e-10
panel99_equal,374,0.25739286174980275,3.7991831902672857e-13,2.6610146250259507e-13
panel99_equal,375,0.2328644191742996,3.9334757673259446e-11,3.2054242552470196e-09
panel99_equal,376,0.22486160053355966,2.2440893587827304e-10,1.0804905806754535e-08
panel99_equal,377,0.2372003743110632,5.524025681324929e-12,4.382674939207621e-13
panel99_equal,378,0.21049235541518807,1.9988823929395494e-09,3.5258473181474374e-07
panel99_equal,379,0.21076997456290777,7.179403738177825e-10,8.21427567913106e-11
panel99_equal,380,0.18247400192012167,2.2915099306963782e-07,3.742053402812929e-06
panel99_equal,381,0.2069254590716122,2.5769839595568556e-09,3.081325795879159e-08
panel99_equal,382,0.2215246195979822,4.727291891271079e-10,7.669930859819937e-11
panel99_equal,383,0.1913342669938375,4.3951232209238356e-08,1.625413036687544e-08
panel99_equal,384,0.15713897342155864,7.1075524070707274e-06,5.48961313752135e-06
panel99_equal,385,0.24203403247289826,1.2767342738584375e-11,4.167372648537864e-10
panel99_equal,386,0.19814345972104117,2.7549627468204108e-08,6.426546136957539e-07
panel99_equal,387,0.1986968026994491,2.335930870955849e-08,5.218602191258023e-07
panel99_equal,388,0.17954770820733473,3.789476785698298e-07,7.613801644613013e-09
panel99_equal,389,0.25607531958849417,6.212808045802376e-13,1.1126451721764786e-10
panel99_equal,390,0.24853067068291268,2.1402879468723768e-12,4.436172917345143e-09
panel99_equal,391,0.27110457695606666,2.375877272697835e-14,1.6147591433927018e-12
panel99_equal,392,0.25129296821331587,1.4479528687161292e-12,2.925548953108882e-10
panel99_equal,393,0.1873621923457637,7.461637197003768e-08,4.353909510706326e-08
panel99_equal,394,0.22764599484029446,7.921752143147387e-11,1.7518487822315464e-09
panel99_equal,395,0.1615622330378843,7.04535437812126e-06,0.00022313638019181968
panel99_equal,396,0.17861248187357606,2.5884214527316374e-07,4.026026406954836e-07
panel99_equal,397,0.2511638175300154,4.960476474025199e-13,1.4756071985624223e-12
panel99_equal,398,0.24951225449692654,3.782307800292983e-12,2.8400491138167505e-12
panel99_equal,399,0.21087466739368957,2.8831927956218806e-09,1.5959568158606972e-10
panel99_equal,400,0.20485293626269716,4.154128596667306e-09,3.4288408007198897e-09
panel99_equal,401,0.2193015186617131,8.229796844005932e-10,9.618810487821841e-09
panel99_equal,402,0.21009076820136544,2.540225807479146e-09,1.0391071415605254e-07
panel99_equal,403,0.18922104951116386,3.422873651182101e-08,1.3381153254500197e-06
panel99_equal,404,0.22502003772311777,1.2602141552520152e-10,3.1678264813407315e-10
panel99_equal,405,0.23084041162602714,3.022471162239526e-11,1.0821983153079549e-10
panel99_equal,406,0.2029022771429418,6.909557592749138e-09,1.920249533532503e-06
panel99_equal,407,0.199143991838537,1.4903914546948727e-08,1.8404969758588533e-07
panel99_equal,408,0.15864393239732938,8.821139273473833e-06,2.3999040739445433e-06
panel99_equal,409,0.21661835947636046,6.628539939157463e-10,2.3952542223657408e-08
panel99_equal,410,0.22325995551223665,3.2519142934006595e-10,1.2337963183926893e-07
panel99_equal,411,0.15250708277727126,1.6549525325704195e-05,3.424848252008208e-05
panel99_equal,412,0.19340623017965208,2.6165662969646064e-08,2.0081434710519255e-07
panel99_equal,413,0.19582835993345096,2.408959232091945e-08,2.782420932250322e-08
panel99_equal,414,0.2455623259699448,3.348432642269472e-12,2.4081049684329617e-11
panel99_equal,415,0.199700080172914,9.754627328106835e-09,2.879183815404481e-07
panel99_equal,416,0.20777490660169595,2.132704901569582e-09,4.5437580804830164e-08
panel99_equal,417,0.2506885783651421,1.2612133559741778e-12,2.3860197440632074e-13
panel99_equal,418,0.24815232626554137,6.690425990996118e-12,2.2336911123286014e-08
panel99_equal,419,0.17530115131686358,1.036607006899004e-06,0.00010020501903621727
panel99_equal,420,0.23597975389487644,1.6256329615771392e-11,1.051660238541439e-09
panel99_equal,421,0.20333604299767793,6.709708344487808e-09,1.558246926554231e-08
panel99_equal,422,0.20399502931355576,6.514905059873399e-09,3.7639769403051396e-09
panel99_equal,423,0.25640548245429595,3.7569947153315297e-13,2.970821570406691e-08
panel99_equal,424,0.1848667737515966,2.228040323348779e-07,3.7828057519102276e-07
panel99_equal,425,0.262121509055288,3.597122599785507e-14,3.434618309887475e-13
panel99_equal,426,0.25129366582689444,2.3778756741421603e-12,6.317209283562635e-10
panel99_equal,427,0.17622236619618717,5.166273226997475e-07,2.404354965268358e-07
panel99_equal,428,0.21273089058038797,8.212814872621266e-10,2.5526591267655775e-10
panel99_equal,429,0.22866466044457248,2.776334717680129e-11,1.4641248499517042e-12
panel99_equal,430,0.1788356667943289,4.738134653514692e-07,1.02279534239585e-06
panel99_equal,431,0.24043241157444922,1.322875142761859e-11,1.1274021332056845e-10
panel99_equal,432,0.260605684745093,1.1968204205459188e-13,9.304475414077842e-15
panel99_equal,433,0.2300580437116913,1.4402146142344918e-10,1.8405093093144039e-09
panel99_equal,434,0.18640823949926044,8.79027481914818e-08,4.270276990321069e-08
panel99_equal,435,0.2780303943024345,5.995204332975845e-15,1.2816054995838002e-11
panel99_equal,436,0.2136256736833299,7.952580816095178e-10,1.1475554742700087e-08
panel99_equal,437,0.22145786149143387,2.6962121424389807e-10,1.7609070654410983e-10
panel99_equal,438,0.26026804582540847,7.793765632868599e-14,3.0075735156870783e-12
panel99_equal,439,0.24446384282648878,5.083489185153667e-12,4.009511630988406e-10
panel99_equal,440,0.2151573108417346,1.425463969084717e-09,1.5636248520513617e-09
panel99_equal,441,0.15924954608083736,7.133624101429703e-06,0.00015490128646773724
panel99_equal,442,0.24947886589631874,9.974243653232406e-13,2.815872883322305e-10
panel99_equal,443,0.20018557913938417,5.430426552877066e-09,5.99748212633529e-10
panel99_equal,444,0.1801339272474977,4.858620643588552e-07,8.921188873871302e-06
panel99_equal,445,0.20726677752763817,3.324913233626603e-09,3.640082107459543e-08
panel99_equal,446,0.23122025495298829,3.3061331450312537e-11,7.622088141198748e-10
panel99_equal,447,0.19577612732217847,2.7117287304534443e-08,7.23194654273299e-09
panel99_equal,448,0.23471802142305506,4.523759145058648e-11,1.6897523664761996e-08
panel99_equal,449,0.21101466612859637,3.575632678831653e-09,5.289924527970137e-07
panel99_equal,450,0.23598936810833437,2.233679907703845e-11,2.9071638088288364e-10
panel99_equal,451,0.19433613403897554,2.5335955777805452e-08,4.856183765331632e-07
panel99_equal,452,0.2077095742876168,4.2033050373646574e-09,1.854031511553926e-07
panel99_equal,453,0.1785193212093089,2.494918471818153e-07,7.012260936123169e-06
panel99_equal,454,0.17343801427278852,7.847484406742211e-07,5.334789041658019e-05
panel99_equal,455,0.2740738474752752,7.105427357601002e-15,1.7615235905641466e-12
panel99_equal,456,0.22817545410764906,1.7699353094258186e-10,1.6100463120184577e-09
panel99_equal,457,0.2072826799839592,5.868866059799416e-09,5.282358609278451e-08
panel99_equal,458,0.18000200107507483,3.1076956341635764e-07,1.4867148060147044e-05
panel99_equal,459,0.1139494214196251,0.0013724618702952718,0.006233217462320811
panel99_equal,460,0.21090511329893485,2.9119369138186357e-09,5.5207391490289624e-08
panel99_equal,461,0.22487982683756566,7.165334992009775e-11,1.7844028058763855e-10
panel99_equal,462,0.2366526095036303,1.4151346761082095e-11,1.6198482505079955e-12
panel99_equal,463,0.23762570629780533,1.5476953052484532e-11,4.558531789232613e-11
panel99_equal,464,0.21746367153873203,6.093177074006917e-10,1.8714914255440054e-09
panel99_equal,465,0.19010375402546512,6.247267325676376e-08,8.248893802187329e-06
panel99_equal,466,0.16907205742128656,1.4230501457213052e-06,1.1778065508854508e-06
panel99_equal,467,0.19547869577141583,4.0434736225947177e-08,1.8556243758390012e-05
panel99_equal,468,0.2141822708550099,2.5812141313252823e-09,6.565976419625529e-09
panel99_equal,469,0.21550674298450562,8.79080364057927e-10,9.726320528554192e-08
panel99_equal,470,0.19663062453233202,2.6428062627203985e-08,6.149248138176923e-08
panel99_equal,471,0.13751572593534286,0.00011993454409142679,0.0034243365832969867
panel99_equal,472,0.20679372942231167,1.7891716996842888e-09,6.767964270329547e-11
panel99_equal,473,0.21067871655857692,2.0235513265021154e-09,2.4616516189907808e-09
panel99_equal,474,0.18340510588403053,1.478820244038559e-07,3.1148438152866904e-07
panel99_equal,475,0.18724910098801198,8.434754317221405e-08,1.115763346672168e-06
panel99_equal,476,0.20342192321619867,1.235566493562601e-08,1.456472186090728e-07
panel99_equal,477,0.17947882330231127,3.411454847501716e-07,1.6423657654080405e-06
panel99_equal,478,0.230515675072485,5.1664450495536585e-11,2.6513172430981665e-10
panel99_equal,479,0.17320954697216162,8.217642872843101e-07,2.4162113068598497e-05
panel99_equal,480,0.22404260403671047,1.9251356064842184e-10,3.028288004202819e-06
panel99_equal,481,0.2953103882991956,2.220446049250313e-16,4.511990029114147e-12
panel99_equal,482,0.22805039579514316,1.2634204793471326e-10,4.707184993008738e-08
panel99_equal,483,0.21104517670879575,8.623033398436064e-10,8.178675913777702e-10
panel99_equal,484,0.1667589895733485,3.275177641315352e-06,0.00021302081833741605
panel99_equal,485,0.2220279300226794,4.5189940678369567e-10,4.498719929359361e-10
panel99_equal,486,0.22688294516298058,1.1645995279252475e-10,8.279400527598566e-11
panel99_equal,487,0.2093768993059538,1.379440561777301e-09,6.894011929300634e-11
panel99_equal,488,0.23651266192611115,1.1505241204190497e-11,6.086270467496441e-11
panel99_equal,489,0.24551002241466702,5.413003378862413e-12,3.140346419881102e-09
panel99_equal,490,0.20967049402138332,2.9781941357498454e-09,1.723236185744316e-08
panel99_equal,491,0.17489495192951932,6.753029684336553e-07,1.987015295149921e-07
panel99_equal,492,0.22716869591274563,2.757101214001523e-10,1.988751851952133e-06
panel99_equal,493,0.24245297051156947,6.520561868228469e-12,1.910691324155249e-08
panel99_equal,494,0.26229151885295365,7.638334409421077e-14,3.5954584985956505e-12
panel99_equal,495,0.24847709106421886,1.7754686609805503e-12,1.5707798080314627e-10
panel99_equal,496,0.16845173757232407,1.6289483633080692e-06,7.3091975127393155e-06
panel99_equal,497,0.20220872970794498,5.54004708774869e-09,1.1254421054133623e-07
panel99_equal,498,0.20641998311286736,5.04008923485344e-09,1.7891218356884648e-10
panel99_equal,499,0.2422341838516446,2.2999380178134743e-12,3.802251777953417e-09
panel99_equal,500,0.18891123420935,4.488383442691202e-08,8.251557994645859e-11
panel99_equal,501,0.17099298027790513,1.3441951856041356e-06,5.453909307605399e-06
panel99_equal,502,0.16711067492154658,1.6232711108621345e-06,4.8388287891797816e-08
panel99_equal,503,0.20230088959594505,7.787961164851254e-09,6.051750264198335e-08
panel99_equal,504,0.23033204077845731,9.853673432758114e-11,1.6486710785097207e-08
panel99_equal,505,0.22108835662854273,4.653848417746076e-10,1.2291155918089937e-09
panel99_equal,506,0.22246429962518124,9.947509482799433e-11,1.507768546373862e-10
panel99_equal,507,0.21227218153289623,1.1832175239590015e-09,1.623037155268379e-07
panel99_equal,508,0.19873127240285424,1.1646144937316194e-08,1.4743042739229294e-08
panel99_equal,509,0.25059314189987136,1.0409451078885468e-12,2.2763631279451064e-10
panel99_equal,510,0.23689691492312787,2.2781998509913137e-11,8.058091851376939e-08
panel99_equal,511,0.2536545361089346,3.6926017799032707e-13,8.88716761179446e-13
panel99_equal,512,0.13075713872758593,0.0001793922551909244,0.0009431642868071291
panel99_equal,513,0.1454496429097902,4.539820791116256e-05,4.818010404783058e-07
panel99_equal,514,0.24370362075623464,6.224354365258478e-12,1.4182508630776023e-10
panel99_equal,515,0.18204602364284814,1.8196164508488266e-07,1.9155708891910077e-06
panel99_equal,516,0.1625737264101559,2.950991600636499e-06,0.00010846146217059725
panel99_equal,517,0.24661125380477233,3.668843007176292e-12,7.328144202339699e-10
panel99_equal,518,0.18959527337150217,4.8158201426673486e-08,7.126536315053436e-06
panel99_equal,519,0.20109734357496575,8.29816393377314e-09,4.7342541367081823e-07
panel99_equal,520,0.2480880231197213,1.794786541609028e-12,1.8213102893907232e-09
panel99_equal,521,0.17869098746672415,3.3092738327411553e-07,2.7407047740299575e-06
panel99_equal,522,0.25389816431095236,1.723288178823168e-12,3.761838917144901e-12
panel99_equal,523,0.22611140789560294,2.7757973697362104e-10,2.6413454147868966e-08
panel99_equal,524,0.1962845442015603,1.9866859046757668e-08,4.2904610030483253e-07
panel99_equal,525,0.24457954117209188,4.484856930275782e-12,4.253128514636923e-11
panel99_equal,526,0.18313972149034044,2.4067018977724786e-07,6.714358791892729e-06
panel99_equal,527,0.24098317131814595,8.395728556820359e-12,4.920410034732518e-11
panel99_equal,528,0.23644039329560063,1.8944179558388896e-11,2.384194170970278e-10
panel99_equal,529,0.1640251512283864,3.048225355239964e-06,6.376706999769194e-07
panel99_equal,530,0.17808498514820156,4.697733257952308e-07,9.087702650603074e-07
panel99_equal,531,0.16593055967834236,1.965227060418684e-06,6.814594005335323e-05
panel99_equal,532,0.21644364779073294,6.547338227136379e-10,3.983239977645879e-09
panel99_equal,533,0.2424924891735474,1.2880585487096141e-11,5.339872870848385e-09
panel99_equal,534,0.2464075901688905,1.5156764732182637e-12,4.164540827169972e-13
panel99_equal,535,0.19361215061223783,5.962487148458706e-08,5.057089019187382e-07
panel99_equal,536,0.19218093012237245,5.158440696817479e-08,8.881826530353655e-08
panel99_equal,537,0.2587296726076586,3.297362383136715e-13,7.600525949453042e-14
panel99_equal,538,0.1977302624964524,2.390237630045533e-08,8.039449983394881e-06
panel99_equal,539,0.2262236021444856,5.106182143777005e-11,3.541079186531623e-11
panel99_equal,540,0.26924214644071603,3.597122599785507e-14,1.0364320625945654e-12
panel99_equal,541,0.18992382381938933,7.43187902330078e-08,1.9047768972145968e-06
panel99_equal,542,0.2313584297719417,3.3865799053955925e-11,5.891470312136163e-10
panel99_equal,543,0.20259119077862223,8.456833677783493e-09,1.1235838168884314e-07
panel99_equal,544,0.24486014974090842,7.512435118428584e-12,1.5031462178570336e-12
panel99_equal,545,0.23689978720112706,1.4380052704154878e-11,1.4069912548952754e-08
panel99_equal,546,0.24063775821103645,1.0783596238184145e-11,5.088378709895212e-12
panel99_equal,547,0.17504663724008415,5.557768205655123e-07,1.0776925368886025e-08
panel99_equal,548,0.2076367925347908,7.946992841567635e-09,2.4806576580446435e-06
panel99_equal,549,0.21604365657206134,4.1502379310998094e-10,7.466763862572177e-09
panel99_equal,550,0.18857475058269366,7.224111753245666e-08,1.829441502479333e-06
panel99_equal,551,0.19912372434114683,1.3228314443836098e-08,2.8902642445452902e-08
panel99_equal,552,0.13203681655852081,0.00023415853904729111,0.00039652006813196625
panel99_equal,553,0.18255351535846875,1.7423616482936666e-07,1.4586721528651341e-05
panel99_equal,554,0.2729444878916785,8.43769498715119e-15,2.740313746665739e-12
panel99_equal,555,0.18722827530451733,1.1517781772774072e-07,8.65428925869223e-07
panel99_equal,556,0.1944433926085874,2.5356258648301377e-08,8.949444782942775e-06
panel99_equal,557,0.2036092145267584,4.3717558462219586e-09,3.4738744636236955e-08
panel99_equal,558,0.20386310295021687,2.6326183455438468e-09,5.553856301889764e-09
panel99_equal,559,0.17808672251317312,5.183998272872969e-07,2.17265289116518e-06
panel99_equal,560,0.22539941910867986,1.6280510273247728e-10,4.771208250045821e-10
panel99_equal,561,0.21715442391103243,5.478180131746058e-10,5.904977926335424e-09
panel99_equal,562,0.17127932138540086,1.4132522023757588e-06,2.0247699694046932e-07
panel99_equal,563,0.2182559521826509,7.894693787591223e-10,3.1116237650751694e-10
panel99_equal,564,0.24656537992962393,4.632738637155853e-12,3.137488419243057e-09
panel99_equal,565,0.2300145968291447,4.086242455514366e-11,1.2862511428081054e-09
panel99_equal,566,0.23608709763982452,2.5563107186599154e-11,1.3853935549180118e-09
panel99_equal,567,0.17548169687442772,4.5004735871323476e-07,5.166761078178024e-06
panel99_equal,568,0.20075257872008237,9.622282970411788e-09,6.760682081857212e-10
panel99_equal,569,0.23349386509443365,8.631118042501384e-11,6.561654811131241e-10
panel99_equal,570,0.2207624011343487,2.7336088948004544e-10,4.0834823655130604e-07
panel99_equal,571,0.23465475858072127,1.102828939281153e-11,1.942097884817863e-10
panel99_equal,572,0.2313056642413475,4.99835728362541e-11,4.39003390632534e-10
panel99_equal,573,0.25208885588255237,1.6080470288670767e-12,1.37656115651262e-10
panel99_equal,574,0.20278928866460408,7.010119373873636e-09,2.000032022816326e-06
panel99_equal,575,0.19174581496420107,7.394743639643764e-08,7.851387863590289e-07
panel99_equal,576,0.1734288831218986,6.517419550711168e-07,5.670764072337688e-07
panel99_equal,577,0.2074691042579188,6.456804202414901e-09,1.6081188855863947e-07
panel99_equal,578,0.18168287394037722,3.096226870447083e-07,3.973664851564166e-07
panel99_equal,579,0.24531135958437025,5.427658322787465e-12,2.44733886144822e-09
panel99_equal,580,0.1860636527426832,1.018717759038168e-07,8.580860191887112e-07
panel99_equal,581,0.24351679724195852,3.680389326632394e-12,6.633595171565133e-13
panel99_equal,582,0.21642001932982113,6.436571275969527e-10,3.6417226340526445e-09
panel99_equal,583,0.12616227845395966,0.00036887831404852633,0.0006699930850255913
panel99_equal,584,0.23285102930545892,2.0395241051573976e-11,8.94369334257432e-11
panel99_equal,585,0.27659964140341453,2.4424906541753444e-15,2.2518552472823495e-12
panel99_equal,586,0.24751959299475296,1.9515500326861e-12,3.4599294864344314e-11
panel99_equal,587,0.12472951429299267,0.00045902847996792673,0.004425124827838284
panel99_equal,588,0.19818764407651435,9.31647115010037e-09,4.396374981193127e-09
panel99_equal,589,0.25387817749786956,1.2967404927621828e-12,4.1139366178103745e-10
panel99_equal,590,0.15829790336550015,5.7375803270698356e-06,4.608860911163962e-05
panel99_equal,591,0.2597891125058964,5.5289106626332796e-14,1.520320284790269e-15
panel99_equal,592,0.24093268303035123,7.345235530920036e-12,1.3447161749272738e-11
panel99_equal,593,0.23283047562250989,6.524092377446777e-11,4.0038074991875137e-10
panel99_equal,594,0.17404610095812964,5.368849196329961e-07,1.5797457410851305e-06
panel99_equal,595,0.19143161446790222,4.560916111451263e-08,4.1808327803403936e-08
panel99_equal,596,0.20040209016537763,1.2255339854050362e-08,4.5746049909e-06
panel99_equal,597,0.19510414283719807,3.071663212672604e-08,4.401672518665036e-08
panel99_equal,598,0.23444633011458407,4.194267155810394e-11,3.6545407484652312e-09
panel99_equal,599,0.25186464557319715,1.2967404927621828e-12,4.2176510004458563e-10
panel99_equal,600,0.20999964256852885,3.6203309239368764e-09,2.121631190082719e-09
panel99_equal,601,0.19172493248884045,4.118973406797011e-08,1.2573151951195598e-08
panel99_equal,602,0.24819596282389758,2.617461802856269e-12,5.050469974664641e-12
panel99_equal,603,0.21958992924296244,4.880775783533409e-10,6.703101166556611e-06
panel99_equal,604,0.1900866369669214,5.462133256806112e-08,3.4757374629456812e-09
panel99_equal,605,0.22506096054287267,1.5607892756008823e-10,6.097285582358507e-10
panel99_equal,606,0.2752377620858427,9.103828801926284e-15,1.9797748238765212e-10
panel99_equal,607,0.2805531231078721,2.220446049250313e-15,4.199740491163871e-12
panel99_equal,608,0.27735634504164874,5.10702591327572e-15,6.14923554922674e-10
panel99_equal,609,0.22190514867953468,9.863931893505651e-11,6.837231600996512e-11
panel99_equal,610,0.23978699614362428,6.2589933236267825e-12,4.961977718544886e-12
panel99_equal,611,0.16196206412946906,6.702002908420823e-06,1.8651101074807166e-05
panel99_equal,612,0.2175077398190908,5.12147879661029e-10,8.227663585932345e-10
panel99_equal,613,0.16925668011665712,1.464073366319596e-06,1.4815045309957652e-06
panel99_equal,614,0.22845753525648713,7.209566277310842e-11,1.7880327964583573e-11
panel99_equal,615,0.18620773831785675,9.304947057309221e-08,3.3333088186794546e-06
panel99_equal,616,0.2576284352892926,3.979039320256561e-13,2.0988031245760977e-11
panel99_equal,617,0.16669182658020035,2.748251202833174e-06,1.2154429236644278e-05
panel99_equal,618,0.2075208441215174,6.521366113787508e-09,5.763414682419265e-07
panel99_equal,619,0.18362898899831065,2.19262888290217e-07,3.0009182364426747e-06
panel99_equal,620,0.18804167427289645,1.1885312667381243e-07,8.876768554851173e-07
panel99_equal,621,0.19149049003319857,6.421665377231989e-08,2.4285033551137968e-08
panel99_equal,622,0.23220970836283183,2.3572699348051174e-11,2.16076289305402e-11
panel99_equal,623,0.24904383120944842,1.9946266860415562e-12,1.0492325689706442e-11
panel99_equal,624,0.27208752635894734,2.375877272697835e-14,4.1590281699330126e-11
panel99_equal,625,0.17508453656993328,1.0069241300758591e-06,0.00012933435785677085
panel99_equal,626,0.24283937853461812,8.129052986305396e-12,7.28745685106705e-12
panel99_equal,627,0.25247508789897827,4.813927034774679e-13,6.09347845592589e-13
panel99_equal,628,0.21840464914237787,2.2841950553242896e-10,3.0005698185525387e-09
panel99_equal,629,0.15704840455877478,1.0087047097595558e-05,1.7544999745435993e-05
panel99_equal,630,0.21526806623037748,5.875346875683363e-10,1.3694619041705148e-10
panel99_equal,631,0.2751664678613614,1.6653345369377348e-14,6.514565218555333e-13
panel99_equal,632,0.20670391243573172,4.755063010009053e-09,1.9927251051930133e-06
panel99_equal,633,0.13140289343616793,0.0001375281423547925,0.0001523157399466823
panel99_equal,634,0.11686958819747088,0.001097864888832456,0.015894531721450632
panel99_equal,635,0.16647992638776787,2.4017917765739583e-06,1.4672041367807713e-05
panel99_equal,636,0.234609525661172,4.044453660867475e-11,3.086156177352715e-09
panel99_equal,637,0.2524963944360773,9.059419880941277e-13,2.7167253982656374e-12
panel99_equal,638,0.1846910989958697,1.2858716402774917e-07,6.099133616334239e-07
panel99_equal,639,0.21277524492020458,5.666018765282388e-10,2.6688801083715937e-08
panel99_equal,640,0.24135565316235708,1.475708444331758e-11,3.0123634662091815e-09
panel99_equal,641,0.21548231778986865,6.755365156152493e-10,1.0585182139940896e-07
panel99_equal,642,0.2157300957435586,9.403327005941264e-10,2.7128908376982205e-08
panel99_equal,643,0.25110074424801937,1.6975310046518644e-12,2.8153008819235582e-09
panel99_equal,644,0.2548099247062725,6.794564910705958e-13,2.266588600904226e-11
panel99_equal,645,0.2084624266653522,2.8483433389681068e-09,5.339238001353054e-09
panel99_equal,646,0.23782490557766164,1.5270895659114103e-11,2.3257076938340985e-10
panel99_equal,647,0.204547282606193,9.965914093967854e-09,3.1835341299120957e-08
panel99_equal,648,0.20832860577442444,3.0838360753904226e-09,1.4424691944726193e-09
panel99_equal,649,0.24415131791813424,6.127542917511164e-12,7.728164110492334e-10
panel99_equal,650,0.21955659220119045,2.624600536904609e-10,6.762568450579284e-09
panel99_equal,651,0.19883376077008955,1.0391810523202594e-08,4.013401484090506e-09
panel99_equal,652,0.1529009823407363,1.3693029399908241e-05,3.4753410385703352e-06
panel99_equal,653,0.23161924381150972,2.4246160634788794e-11,2.8271399235265954e-10
panel99_equal,654,0.2298081991205736,6.334399671459323e-11,2.912702792420006e-09
panel99_equal,655,0.16711528123128983,1.4531021432784286e-06,1.0272184023701516e-05
panel99_equal,656,0.20267532759660845,6.305969968423142e-09,3.074233951022935e-07
panel99_equal,657,0.19841846132534174,9.895089636557941e-09,2.7388029549637254e-10
panel99_equal,658,0.17238237552958754,4.962913680017778e-07,5.289542381353507e-07
panel99_equal,659,0.1422492109986749,6.578086224662272e-05,0.0003342322258453221
panel99_equal,660,0.20837338064900698,3.3999252302407967e-09,1.661568014143559e-08
panel99_equal,661,0.22050238156851268,5.170459616010703e-10,2.7655563088299134e-08
panel99_equal,662,0.26494174551188227,4.0190073491430667e-14,6.01561067749063e-11
panel99_equal,663,0.2545419018749876,8.344436253082677e-13,2.6382299479160292e-11
panel99_equal,664,0.22414756169693664,4.1320347143880554e-10,3.650276790852989e-08
panel99_equal,665,0.16988441076308927,1.239388346396808e-06,2.147493822326155e-07
panel99_equal,666,0.2516735949518491,1.3566925360919413e-12,2.785356390585822e-12
panel99_equal,667,0.21034590320171462,3.3649230068988345e-09,2.1523550893886555e-06
panel99_equal,668,0.13971785904775008,9.489803783502282e-05,0.001135568170569347
panel99_equal,669,0.20963252117663442,1.6174124262136047e-09,5.5116044239321e-09
panel99_equal,670,0.20661683305144424,5.734847929872444e-09,5.407436576972662e-07
panel99_equal,671,0.23952002016369506,1.9909629500602932e-11,2.0079890131765094e-11
panel99_equal,672,0.23650536635682018,7.893907749689788e-12,7.798370315083869e-12
panel99_equal,673,0.24006392296703558,9.266365452731407e-12,7.85967373420337e-10
panel99_equal,674,0.23999648054448994,3.396838366143129e-11,1.2790097638836865e-08
panel99_equal,675,0.24235292699546046,5.295763827461997e-12,1.5444804987663235e-12
panel99_equal,676,0.19977082494087334,1.8309645577474498e-08,4.260220458329216e-07
panel99_equal,677,0.24609608111546993,1.531441640167941e-12,1.7980587023366594e-10
panel99_equal,678,0.23729158905362405,5.618172593813142e-12,4.719228730775641e-09
panel99_equal,679,0.14497615345711917,4.0119702630070364e-05,0.00039147192518879705
panel99_equal,680,0.25309817118098765,4.2810199829546036e-13,1.1986523589483152e-11
panel99_equal,681,0.16578635390296914,2.544067903675895e-06,2.490459450631471e-07
panel99_equal,682,0.17217309612571957,6.488079580257988e-07,6.981127515430628e-09
panel99_equal,683,0.15765286881559432,6.249659298296351e-06,5.931155746842864e-05
panel99_equal,684,0.21114600760091415,1.6180461415160607e-09,1.3538561591262646e-08
panel99_equal,685,0.21289623053112394,1.5846051137913264e-09,2.6941939499874275e-07
panel99_equal,686,0.21612964857493955,4.017945975931525e-10,7.175737297823493e-11
panel99_equal,687,0.20045659236069985,7.087894049462307e-09,1.0174392404573565e-06
panel99_equal,688,0.24602360796127748,1.8605117446668373e-12,2.065956949354277e-13
panel99_equal,689,0.2407170678039531,2.02118322079059e-11,3.3571275760723537e-09
panel99_equal,690,0.21775403712810476,4.714622026114057e-10,3.828527379205725e-09
panel99_equal,691,0.24685406394123569,1.9384494009955233e-12,9.788911675390728e-11
panel99_equal,692,0.2147182092406852,6.532028251626798e-10,3.700029280909305e-09
panel99_equal,693,0.17896469288234093,3.8500526744478236e-07,1.4124146555495039e-06
panel99_equal,694,0.2062285683533713,7.923863565295619e-09,9.94019371681513e-08
panel99_equal,695,0.2137474558428925,1.6248837830801222e-09,7.001551100783522e-07
panel99_equal,696,0.1962851323058786,4.224026084465038e-08,0.0005808446040033086
panel99_equal,697,0.2304490475541057,3.441980034324388e-11,7.890661488403185e-10
panel99_equal,698,0.1725468750130248,1.5705047526903826e-06,1.8823368206573222e-06
panel99_equal,699,0.18848426682341313,8.681916563446634e-08,1.1621185770350224e-07
panel99_equal,700,0.2319851371999242,5.656342061399755e-11,2.4051941030396597e-09
panel99_equal,701,0.22497697665835992,1.2160938922534115e-10,6.66484074367707e-08
panel99_equal,702,0.20513087487342743,2.581271196788748e-09,3.106305830223888e-09
panel99_equal,703,0.16293836901160766,2.99199873299294e-06,2.4033710837078674e-05
panel99_equal,704,0.2556303475950708,8.559819519859957e-13,1.0898435464500129e-07
panel99_equal,705,0.20507133620133444,4.373486239828139e-09,8.7898496744741e-08
panel99_equal,706,0.20820411123216218,2.0152379764937223e-09,1.201883052909263e-06
panel99_equal,707,0.22635660131452823,1.3689915867587388e-10,2.081785014389001e-08
panel99_equal,708,0.20884490249286977,1.5759631377676442e-09,9.61072186779183e-07
panel99_equal,709,0.19770554241480348,2.69662419061234e-08,7.119604051086487e-09
panel99_equal,710,0.19677641520495254,1.2275540139938812e-08,4.008109368634402e-09
panel99_equal,711,0.2767921133511493,1.1102230246251565e-14,8.174869466785924e-11
panel99_equal,712,0.15430778381106713,1.4916913548601585e-05,2.7724618642098938e-05
panel99_equal,713,0.21124816756645495,2.187066527881143e-09,8.562990826130738e-08
panel99_equal,714,0.2415891331997551,6.600942015211331e-12,1.6469832718730787e-09
panel99_equal,715,0.26065535872145373,2.1160850849355484e-13,3.4439377483609415e-12
panel99_equal,716,0.1669148787466283,2.3159245698956e-06,7.261096485564858e-05
panel99_equal,717,0.21353249541025934,5.222280829997317e-09,1.3128450072405498e-06
panel99_equal,718,0.19490471495154035,2.7638156430143113e-08,1.5502347609204668e-07
panel99_equal,719,0.22547756270991035,1.1411405154149179e-10,6.76477467420347e-11
panel99_equal,720,0.2206394959963522,5.429283689295517e-10,1.007032414344938e-10
panel99_equal,721,0.2126574089288037,3.705798334863175e-09,2.2583620303585168e-07
panel99_equal,722,0.21211018250191374,1.7521766260131244e-09,1.1989709487381624e-07
panel99_equal,723,0.177774138960697,2.2665332255478177e-07,5.833166878559976e-09
panel99_equal,724,0.23212414852466098,2.8520519279595646e-11,6.089185778914202e-12
panel99_equal,725,0.210681853767604,2.6053321722230294e-09,1.5391455041542607e-09
panel99_equal,726,0.21321021438012636,1.1791063680988145e-09,1.7181003527820108e-10
panel99_equal,727,0.15514295724337906,8.909532987377844e-06,5.402691101570705e-05
panel99_equal,728,0.152040737516855,1.5718470776748816e-05,1.7807007788966172e-05
panel99_equal,729,0.23493954859834337,5.2516213600029005e-11,4.491869049190772e-09
panel99_equal,730,0.20895619281139077,2.2670130217505857e-09,2.003175165052259e-06
panel99_equal,731,0.24104993321538998,8.857581335064424e-12,1.3305141980354655e-11
panel99_equal,732,0.17565737383779584,4.822397428050351e-07,3.2913021423745135e-08
panel99_equal,733,0.20819710925380516,2.2838220203880155e-09,2.6477055511186732e-09
panel99_equal,734,0.24062161965589665,3.934630399271555e-12,8.733043797841707e-11
panel99_equal,735,0.2229354180091657,2.054474368407e-10,5.8157633014942865e-09
panel99_equal,736,0.20395407513244732,5.10498177064278e-09,9.082902212991688e-09
panel99_equal,737,0.2009149833010645,5.813465486781411e-09,7.569331094538104e-09
panel99_equal,738,0.21565417973099799,1.0576950426610665e-09,5.049989562659053e-10
panel99_equal,739,0.165508044647491,2.6773992845008365e-06,3.325786152195573e-07
panel99_equal,740,0.24436595370043862,2.9121149935917856e-12,5.649430535803515e-11
panel99_equal,741,0.2889741862540542,6.661338147750939e-16,3.0495522481506886e-13
panel99_equal,742,0.1737671428576149,6.162416494870371e-07,3.182726697587379e-08
panel99_equal,743,0.2050388370466564,9.897426211935567e-09,1.3521163219870828e-06
panel99_equal,744,0.1766031333545531,3.819373226576772e-07,8.94279025673909e-08
panel99_equal,745,0.18441287087636105,2.2545790345773753e-07,2.26358934126437e-06
panel99_equal,746,0.18742253078283708,6.947037811677603e-08,6.044657746439105e-08
panel99_equal,747,0.24668790540638816,2.545075261650709e-12,3.393558394463195e-14
panel99_equal,748,0.23950832556186544,1.9441115384211116e-11,1.0594865574410897e-08
panel99_equal,749,0.2177167106264887,8.038241183783157e-10,2.143735269334602e-08
panel99_equal,750,0.20338005746435323,6.319378353936145e-09,2.1761289916198906e-08
panel99_equal,751,0.21899577123958267,7.02561120391465e-10,2.541486079802735e-06
panel99_equal,752,0.2354813687718983,2.1221246981895092e-11,4.607460712868745e-13
panel99_equal,753,0.2495315495609507,1.5047962875769372e-12,6.387260343191506e-11
panel99_equal,754,0.2117619153027193,3.400173476109103e-09,1.9848099637871593e-08
panel99_equal,755,0.20599487173805542,4.133818398699418e-09,2.091982997146307e-10
panel99_equal,756,0.22567790825993608,1.5365753114338077e-10,1.1384410393441872e-11
panel99_equal,757,0.2545305755471316,9.041656312547275e-13,5.443752309830074e-10
panel99_equal,758,0.23507392094236518,2.0266455180717458e-11,2.552760859267633e-09
panel99_equal,759,0.20764342136285374,3.6116671875419115e-09,3.4565995871188575e-08
panel99_equal,760,0.23383554629017894,3.574651685767094e-11,4.850042594607578e-10
panel99_equal,761,0.2469957493060261,5.88418203051333e-13,1.6490250279316923e-12
panel99_equal,762,0.21412239694708185,2.017807032572705e-09,2.730222453780918e-07
panel99_equal,763,0.1477470659801167,2.397731029590844e-05,0.0003828340536236056
panel99_equal,764,0.1888828137586164,9.39545408140674e-08,1.5287926446534707e-07
panel99_equal,765,0.22079751458983973,2.059203918491903e-10,8.279935857409707e-12
panel99_equal,766,0.2739175947252624,1.5987211554602254e-14,1.9943280638295042e-11
panel99_equal,767,0.20356626494194577,1.514151271031494e-08,3.1721350825917914e-08
panel99_equal,768,0.16621278524227726,2.7006382350425184e-06,7.91074216609189e-05
panel99_equal,769,0.2448819235078733,3.1157298963080393e-12,4.607719180687558e-11
panel99_equal,770,0.22797388587752254,7.533529355896462e-11,3.1231530474486926e-09
panel99_equal,771,0.23524485210580248,3.6158853689016723e-11,1.581831463017612e-09
panel99_equal,772,0.2727094021377161,7.349676423018536e-14,2.149351194545133e-11
panel99_equal,773,0.22200744657289317,2.2147883527168233e-10,1.499975079143634e-09
panel99_equal,774,0.275915331818945,7.549516567451064e-15,1.0285273149545779e-11
panel99_equal,775,0.24247990240628128,6.697087329143869e-12,1.6750575231553694e-08
panel99_equal,776,0.22594353934231812,1.0153056173578534e-10,2.256445618752178e-10
panel99_equal,777,0.17015297097592916,1.4974499000786068e-06,5.6144105646600216e-05
panel99_equal,778,0.13488977798157947,0.0001438849783328422,0.005796517619772212
panel99_equal,779,0.22630221111744175,1.8159496129044328e-10,2.3478930935512846e-08
panel99_equal,780,0.1744470432453398,3.91894604545584e-07,1.0117689548260943e-08
panel99_equal,781,0.21733788552243002,1.1818421796760958e-09,5.056443445572985e-09
panel99_equal,782,0.17873272827384007,5.325045913107118e-07,1.4926996177777443e-07
panel99_equal,783,0.21074782904702755,2.823742129010043e-09,2.773977686980123e-07
panel99_equal,784,0.1610546618625513,5.35017895764156e-06,1.458535613095763e-05
panel99_equal,785,0.2335743778399265,4.879918691358398e-11,1.3627271777528739e-09
panel99_equal,786,0.18290237635518547,1.4070885345773831e-07,1.7005071572422644e-08
panel99_equal,787,0.1900902379269908,6.089752013771488e-08,8.075809630829432e-08
panel99_equal,788,0.20271232371950426,3.115630420325033e-09,7.87362736833692e-09
panel99_equal,789,0.21699479248971867,7.386167233391916e-10,7.699920151065989e-09
panel99_equal,790,0.17928412709605085,3.0984384369325824e-07,9.256431466946673e-06
panel99_equal,791,0.22940486179658487,4.698397226832185e-11,1.9958883613805653e-10
panel99_equal,792,0.2188216977616379,2.6059954194579404e-10,7.949516714838975e-09
panel99_equal,793,0.2570337394110447,2.1151969065158482e-12,3.548993247619957e-09
panel99_equal,794,0.21440764824432385,1.5932821728625868e-09,2.469219308597252e-08
panel99_equal,795,0.26121760869655053,3.559375016948252e-13,3.3567279960325405e-12
panel99_equal,796,0.2424588502034701,1.978861519091879e-12,1.432080470452675e-10
panel99_equal,797,0.2719367367905705,3.042011087472929e-14,5.310434748072292e-12
panel99_equal,798,0.2599046874020283,2.540190280342358e-13,9.346483910667964e-11
panel99_equal,799,0.22191287537129514,3.606877019279864e-10,2.5667448408599925e-06
panel99_equal,800,0.21690454500122636,3.9074121715998444e-10,1.2891176958010102e-09
panel99_equal,801,0.21694641141189364,5.718305828850134e-10,4.0631341643570936e-08
panel99_equal,802,0.17244016708909737,6.493218345227092e-07,1.6047710049564912e-05
panel99_equal,803,0.23349672249239445,9.729106409395172e-12,9.136669052450383e-13
panel99_equal,804,0.16002551548712773,4.305142200511369e-06,2.0218513473255697e-06
panel99_equal,805,0.2468753035975547,2.915667707270586e-12,4.1472056208235316e-10
panel99_equal,806,0.26331876865633796,5.573319583618286e-14,2.0489192585644483e-13
panel99_equal,807,0.20735123527754468,3.7992933243913285e-09,4.1825569563267644e-08
panel99_equal,808,0.20500966993272696,6.694965470899206e-09,6.656180337201463e-08
panel99_equal,809,0.22716310841769136,1.2549672412376367e-10,9.029685500326643e-09
panel99_equal,810,0.2112705546385842,1.9632899750376964e-09,3.6685557302311365e-07
panel99_equal,811,0.261604671883862,9.237055564881302e-14,1.5101199949359125e-12
panel99_equal,812,0.2124354045363384,2.0524222321682828e-09,3.907880972508495e-06
panel99_equal,813,0.20519437041972496,7.50153472672821e-09,1.0698710307994446e-06
panel99_equal,814,0.11958928129013423,0.0006734938837675841,0.0027477850685379934
panel99_equal,815,0.2081403441787462,3.903125822546372e-09,1.0520957424752728e-06
panel99_equal,816,0.2474107718764004,3.4636737922255634e-12,1.6744380468383048e-09
panel99_equal,817,0.23617408830988124,3.203148857267024e-11,4.321321955518335e-09
panel99_equal,818,0.19004427874724328,7.11896490646069e-08,6.558306219602326e-06
panel99_equal,819,0.26347904683209317,1.2212453270876722e-13,6.334692959918551e-13
panel99_equal,820,0.23005535378848632,1.6955570281140808e-10,3.2106463071748765e-09
panel99_equal,821,0.16533008064968566,3.893172458413474e-06,0.0008185981874257445
panel99_equal,822,0.18045682339589605,2.702245425201255e-07,1.0426642521116043e-06
panel99_equal,823,0.23357526415099183,3.176348073452573e-11,1.8476088587501583e-11
panel99_equal,824,0.22130345921686673,3.293778583213225e-10,2.1742109991761067e-06
panel99_equal,825,0.2242394952491855,1.5206391701383382e-10,2.231057745496174e-10
panel99_equal,826,0.23846994679376654,6.852296507986466e-12,2.0095517225418758e-14
panel99_equal,827,0.22792861594471311,9.152567592707328e-11,4.10395267436544e-08
panel99_equal,828,0.18631084565826864,8.218428471096217e-08,1.1508098074464869e-09
panel99_equal,829,0.2601946802606618,2.799982468104645e-13,1.6659436258950236e-11
panel99_equal,830,0.22537176305265383,1.3475998095202613e-10,1.0560521214412637e-08
panel99_equal,831,0.18149429581057175,1.3002549015261877e-07,3.553330687953608e-08
panel99_equal,832,0.25276374947337527,2.1649348980190553e-13,8.742538641333353e-14
panel99_equal,833,0.21995732530501727,4.3770453928004827e-10,2.256394589713047e-11
panel99_equal,834,0.2115424008825747,5.111694401094269e-09,5.730738678957578e-08
panel99_equal,835,0.20786324662513408,5.312364992349217e-09,1.3691198362405434e-09
panel99_equal,836,0.22457599612028784,1.438238417250659e-10,5.16295372955526e-10
panel99_equal,837,0.1903960050292116,6.195569057787509e-08,6.557254601142098e-06
panel99_equal,838,0.23270612817914973,2.3243629243552277e-11,3.033726379996521e-08
panel99_equal,839,0.25467812183646865,2.16338058578458e-12,3.0934376745750774e-07
panel99_equal,840,0.23300114465895644,3.9084069314299086e-11,9.91900652821961e-08
panel99_equal,841,0.22420639827237987,2.2679635947042698e-10,1.712150000074045e-08
panel99_equal,842,0.20795891750592782,3.602836251559438e-09,8.248335923084106e-09
panel99_equal,843,0.21255681090533754,5.104465738980934e-10,5.945969826970294e-09
panel99_equal,844,0.22865433363715237,4.987876778272948e-11,3.458962509032317e-09
panel99_equal,845,0.24774131558267212,3.2085445411667024e-12,2.2512059423927061e-10
panel99_equal,846,0.2406001869453935,2.298916612630819e-11,1.6139711684024518e-09
panel99_equal,847,0.3029806882726475,0.0,1.2996145609883712e-16
panel99_equal,848,0.20342758091844523,8.503727499942215e-09,9.710829711463324e-09
panel99_equal,849,0.23530176583974555,1.8704371385069862e-11,2.0424950484429525e-07
panel99_equal,850,0.22591598007562075,7.539058266559096e-11,5.309457846573036e-11
panel99_equal,851,0.21058452211514073,2.349046512861719e-09,3.13369142435179e-07
panel99_equal,852,0.13351407485663913,0.0001424659042876808,0.00016727351718328004
panel99_equal,853,0.2066118111123727,6.271094310505987e-09,7.64167600245368e-07
panel99_equal,854,0.18885127168496355,8.859935096694471e-08,3.4578092182566746e-06
panel99_equal,855,0.22382688731455916,1.2392176174103042e-10,1.219847912304811e-07
panel99_equal,856,0.2337417837526588,5.0155657405071e-11,1.4168251266227655e-08
panel99_equal,857,0.262331429398771,1.1013412404281553e-13,2.491012197208562e-12
panel99_equal,858,0.25621254595519166,3.6481928589182644e-13,8.754252679385769e-12
panel99_equal,859,0.18999946224333858,4.194164726634142e-08,5.118156130312259e-07
panel99_equal,860,0.22866252509047164,1.7831314202965132e-10,4.148788649023177e-07
panel99_equal,861,0.13144961219651402,0.0002500484643939149,0.004425928416264798
panel99_equal,862,0.25822465538141204,3.985700658404312e-13,1.5496283649868934e-13
panel99_equal,863,0.22072021202016107,1.4426304595360762e-10,1.1455181641402437e-08
panel99_equal,864,0.2394455043986419,1.3132828158290977e-11,5.477121854235981e-11
panel99_equal,865,0.23579465338728703,1.689004491822743e-11,1.0815451854352365e-10
panel99_equal,866,0.23996505763898573,6.771472271793755e-12,3.1325952725702576e-13
panel99_equal,867,0.2382016422045519,1.1588063841827534e-11,8.750446479418778e-11
panel99_equal,868,0.19580315971295895,3.965419703710893e-08,4.005204102833346e-09
panel99_equal,869,0.2544664574787809,5.693223670277803e-13,1.507941312746356e-11
panel99_equal,870,0.1538993645126407,8.49216671561237e-06,1.7096564858382284e-05
panel99_equal,871,0.18100311073517555,1.9790507765904408e-07,2.934964212542815e-07
panel99_equal,872,0.2170585512287472,3.666977832494922e-10,9.87383710693739e-09
panel99_equal,873,0.21678064310228232,4.1630920932789195e-10,4.563870332548308e-11
panel99_equal,874,0.2013346061412732,1.2107230551450243e-08,2.2690927033329876e-06
panel99_equal,875,0.23688101661999325,2.3913981905820947e-11,6.17423306539773e-11
panel99_equal,876,0.2561530205595635,3.5482727867020003e-13,1.0686458654418532e-11
panel99_equal,877,0.14393154700924427,4.46090799612886e-05,1.3244579393289448e-06
panel99_equal,878,0.22454494546826365,1.323885445714268e-10,5.561728478738106e-09
panel99_equal,879,0.26745555311574737,1.0591527654923993e-13,1.9281931906094918e-12
panel99_equal,880,0.23014849085985162,5.830536053963442e-11,9.846362504154093e-10
panel99_equal,881,0.2759956446796209,1.2434497875801753e-14,1.1052224635722899e-13
panel99_equal,882,0.1799160898907602,1.5214112081274322e-07,2.0670383056055356e-06
panel99_equal,883,0.24809393056829654,7.269740365245525e-13,1.19208724214864e-11
panel99_equal,884,0.2562294324219367,3.82804898890754e-13,6.076321950201856e-12
panel99_equal,885,0.24021594269580232,2.732991610798763e-11,6.669545547363684e-08
panel99_equal,886,0.27295956185038134,4.6629367034256575e-15,4.549119303826095e-15
panel99_equal,887,0.241720049629972,6.523004358882645e-12,3.554976389491841e-11
panel99_equal,888,0.17173486822019843,8.507030475612964e-07,4.111391982313122e-08
panel99_equal,889,0.18719475886235273,1.7562783738434007e-07,2.2729610688964692e-07
panel99_equal,890,0.17440290737523131,5.07264829696652e-07,1.2947961112825211e-06
panel99_equal,891,0.2172692392163596,5.150491144689795e-10,6.95186978100571e-09
panel99_equal,892,0.2384011966220147,5.863309837650377e-12,8.845414295222902e-13
panel99_equal,893,0.2510808703023349,5.275779813018744e-13,1.0567514117693076e-13
panel99_equal,894,0.26349163553587046,1.3078427230084344e-13,1.7047291454434597e-10
panel99_equal,895,0.21037996534128037,1.857254572357192e-09,6.190527006694513e-08
panel99_equal,896,0.220383359770697,5.469771302557547e-10,4.4940622009893935e-10
panel99_equal,897,0.23980628116208558,4.005240583637715e-12,9.068219804746117e-12
panel99_equal,898,0.21591272055921734,1.03065822543158e-09,5.2463928505559e-07
panel99_equal,899,0.25467322285249233,3.816946758661288e-13,1.6433331594778325e-12
panel99_equal,900,0.1940066341691236,3.923994729149172e-08,3.1839949671326735e-08
panel99_equal,901,0.17799989709004643,5.841586936394805e-07,2.732395605821007e-06
panel99_equal,902,0.16707506323737165,1.8648221362660422e-06,1.27139911348733e-05
panel99_equal,903,0.24776969342459362,2.0319301796689615e-12,1.0132982334398682e-09
panel99_equal,904,0.19115196456618352,5.484621778961696e-08,7.20688944953927e-08
panel99_equal,905,0.17282873065224597,1.0343774621279778e-06,3.001466315174084e-07
panel99_equal,906,0.24808057433474187,2.795319531401219e-12,5.019071877878729e-09
panel99_equal,907,0.1933890424961845,5.1359526853644866e-08,1.6420705547677044e-07
panel99_equal,908,0.2141483089748642,1.2106060598426893e-09,1.8444854251039475e-10
panel99_equal,909,0.23136893903272784,3.105116164192623e-11,1.1099094500475114e-09
panel99_equal,910,0.24230932035483124,5.767164523717838e-12,7.540819400048931e-11
panel99_equal,911,0.18808219501751297,1.1343293659926701e-07,3.4192592327013705e-05
panel99_equal,912,0.20220896164324123,6.690595633074281e-09,4.666546406605665e-10
panel99_equal,913,0.13660911044629853,8.930603058865394e-05,0.00028649794187283193
panel99_equal,914,0.16285194946430825,3.0227191254450503e-06,7.599049570150925e-07
panel99_equal,915,0.2512438118358005,8.557599073810707e-13,4.812162267225952e-11
panel99_equal,916,0.20724587436043546,2.6864530600079206e-09,1.6898814210491804e-07
panel99_equal,917,0.19612315138024095,1.4891947008877082e-08,9.563452947273584e-09
panel99_equal,918,0.17845647492111597,5.128523989927913e-07,2.513780315852921e-07
panel99_equal,919,0.24789754019090499,4.017008947698741e-12,9.138725172228344e-09
panel99_equal,920,0.2245666311215898,1.356681433861695e-10,4.892645984065751e-09
panel99_equal,921,0.24023604970382798,4.630740235711528e-12,5.783093175856481e-11
panel99_equal,922,0.17029101789967033,1.4299299690989642e-06,0.00014656935220073482
panel99_equal,923,0.24087583623161832,9.722667115852346e-12,1.0754991025996776e-10
panel99_equal,924,0.21393895549168154,2.1840349528901015e-09,6.196628537458061e-07
panel99_equal,925,0.21926496680929783,6.941183183784005e-10,3.1789382437014502e-09
panel99_equal,926,0.19465626427934588,4.009555931716591e-08,2.506637693969817e-06
panel99_equal,927,0.22539538934489617,1.8919266153716308e-10,3.6436907173660077e-09
panel99_equal,928,0.25778756866118124,4.489741911584133e-13,2.9494585686107534e-12
panel99_equal,929,0.2335441860856624,2.816058497501217e-11,3.617935185408004e-11
panel99_equal,930,0.25814521687026404,3.517186542012496e-13,1.7874594076141602e-12
panel99_equal,931,0.23409323612304828,2.0049739646310627e-11,5.142627483620042e-10
panel99_equal,932,0.26848870730123225,9.85878045867139e-14,1.1607767453731161e-12
panel99_equal,933,0.19746785936724656,3.731687336916423e-08,4.17282249627431e-07
panel99_equal,934,0.18710780371378327,9.064449923990026e-08,1.3210035372572953e-07
panel99_equal,935,0.2069906375323515,2.9772910803416153e-09,4.722734056419927e-09
panel99_equal,936,0.2724490522590278,5.5067062021407764e-14,3.224083710426306e-13
panel99_equal,937,0.25379997736705107,1.2245759961615477e-12,5.212503419773984e-13
panel99_equal,938,0.15894268571529907,7.00683340038033e-06,2.2574842733491177e-05
panel99_equal,939,0.13396761155260256,0.00015888718407319757,0.011706378648951106
panel99_equal,940,0.1420666804242823,7.782279754176002e-05,0.004430774173362713
panel99_equal,941,0.22151676687622154,2.2367618868202044e-10,1.0159102471848072e-10
panel99_equal,942,0.19977154069604655,9.340207718366855e-09,1.1139279313137234e-08
panel99_equal,943,0.22895007459960695,8.464318135281701e-11,5.828466267386618e-09
panel99_equal,944,0.14752336577178085,2.860373705293462e-05,1.5753417873961145e-05
panel99_equal,945,0.1461951131842883,3.493858747449785e-05,2.9128886390624317e-05
panel99_equal,946,0.23269237818293753,4.9080517428023995e-11,8.011048453832224e-11
panel99_equal,947,0.2464445600873602,6.811218256075335e-12,8.784210404343399e-11
panel99_equal,948,0.24065422937707173,6.260769680466183e-12,1.0562153785779047e-11
panel99_equal,949,0.17189754116573477,1.0034467508024392e-06,0.00208878847071273
panel99_equal,950,0.22139289811186494,1.3035357238067036e-09,2.313855795579363e-05
panel99_equal,951,0.18040651086746085,4.728144287202696e-07,4.440465142642826e-05
panel99_equal,952,0.24980324731611914,1.1093348462054564e-12,1.0265866348384971e-13
panel99_equal,953,0.1688539902216633,1.7854592369026534e-06,1.7980515233179967e-06
panel99_equal,954,0.19596285981768316,2.2758094964103748e-08,2.0293201180081738e-09
panel99_equal,955,0.27268718597945,2.2426505097428162e-14,3.131877592341487e-13
panel99_equal,956,0.2725277881946661,5.795364188543317e-14,1.4909175801700708e-09
panel99_equal,957,0.19913692882540912,3.683223948058867e-08,5.1085641931378456e-08
panel99_equal,958,0.20376398749396804,5.660050650391213e-09,1.724077997452055e-09
panel99_equal,959,0.23714928103107524,4.476907733419466e-11,2.9465927437269593e-08
panel99_equal,960,0.20703877421373107,2.659741982213859e-09,2.559581607942971e-09
panel99_equal,961,0.1851319739796013,1.7901701521161328e-07,6.410042768943739e-07
panel99_equal,962,0.1924778359067414,4.059963809588396e-08,5.791160452760031e-07
panel99_equal,963,0.20948736206052246,3.1727305227491343e-09,1.4743757459605128e-07
panel99_equal,964,0.22503919976705736,9.898126762664106e-11,6.049215072939157e-11
panel99_equal,965,0.15861817734465056,6.560060062943407e-06,7.731055673934144e-06
panel99_equal,966,0.19960421093961683,1.5358572857948616e-08,4.0258513380271786e-05
panel99_equal,967,0.21020296977956834,2.081938843545572e-09,2.0670018748000818e-08
panel99_equal,968,0.21086028432783754,1.6893888510338684e-09,6.879580353312601e-08
panel99_equal,969,0.2200276427355581,1.9643509041600282e-10,3.6737084778026244e-10
panel99_equal,970,0.17300976260940668,7.371477990236741e-07,6.927073224895621e-07
panel99_equal,971,0.1913274295051752,5.2297248753774284e-08,3.101711905486645e-09
panel99_equal,972,0.18689341102553814,1.2925198378255232e-07,1.5792431017849948e-07
panel99_equal,973,0.18899624737120038,8.092867931352998e-08,3.2915488103401227e-07
panel99_equal,974,0.2443347862506532,1.2867484855405564e-12,1.3785782845211864e-11
panel99_equal,975,0.17104229619708905,1.9698239690502106e-06,1.090303217367063e-06
panel99_equal,976,0.18160450533870098,2.949008994779234e-07,5.186580773582175e-06
panel99_equal,977,0.20271666044884237,1.1265462562803918e-08,2.702346916381533e-08
panel99_equal,978,0.15078919471614308,2.463774446637146e-05,8.018414428774693e-06
panel99_equal,979,0.24828063017465074,1.942224159279249e-12,1.2948551146303064e-08
panel99_equal,980,0.18478520547019298,1.4536644754592487e-07,1.4907900877961285e-06
panel99_equal,981,0.15953179962015318,7.849794006586919e-06,0.00011344305816115436
panel99_equal,982,0.19868874036677042,1.5427159105740884e-08,1.2997000674991785e-06
panel99_equal,983,0.16207680764662802,3.5060939953535097e-06,0.00011938185195358735
panel99_equal,984,0.21023059477448022,2.1717672105125985e-09,6.144193157898296e-10
panel99_equal,985,0.22699278194887917,4.895572836005613e-11,4.774567791443336e-09
panel99_equal,986,0.2037973271413862,4.619778337655589e-09,3.3187394556599965e-09
panel99_equal,987,0.2000627229648933,1.0061960376006596e-08,1.9386276062566196e-08
panel99_equal,988,0.21443784889264467,7.895084586095891e-10,2.61844232663381e-10
panel99_equal,989,0.20471534791113385,7.077200159244512e-09,4.068081415101025e-09
panel99_equal,990,0.2182735568169038,5.436981975748267e-10,1.1444716420829685e-08
panel99_equal,991,0.24302341378570502,9.562128866491548e-12,3.7633677607801836e-08
panel99_equal,992,0.25484532322373366,6.139533326177116e-13,1.2838712638843833e-12
panel99_equal,993,0.21710686578318109,9.259122357718752e-10,2.3799784956443467e-08
panel99_equal,994,0.183975056575123,2.598841148948594e-07,0.0006648308592590266
panel99_equal,995,0.19521082157003689,3.273443316409441e-08,7.203888298553618e-08
panel99_equal,996,0.2626977007345966,2.6645352591003757e-13,1.636342693824538e-11
panel99_equal,997,0.21592506177811985,3.1356206520172236e-10,5.314980706685052e-10
panel99_equal,998,0.16665821900505232,2.2263322152493714e-06,0.00011446553567643073
panel99_equal,999,0.20590014350904495,2.5673490000599486e-09,1.979195869200374e-08
panel99_equal,1000,0.14912360073433056,1.4234741897878322e-05,7.46359829353075e-07
panel99_equal,1001,0.1968593218806323,1.5646783202427628e-08,8.278015954237285e-08
panel99_equal,1002,0.2263303204426405,1.3019918476686598e-10,2.2991508987658686e-11
panel99_equal,1003,0.2661175302321288,2.864375403532904e-14,3.345653199746105e-12
panel99_equal,1004,0.18046527251818215,2.8222212544726233e-07,2.828141303404508e-08
panel99_equal,1005,0.13985081375562194,5.6025309010721e-05,0.00013306336449968453
panel99_equal,1006,0.15852166003667983,4.736670931926312e-06,8.786714799637364e-05
panel99_equal,1007,0.2375643007887667,1.3147261057611104e-11,1.346048046901611e-09
panel99_equal,1008,0.2598976058999809,1.0680345496894006e-13,1.6140466508733252e-13
panel99_equal,1009,0.22651244156712655,1.7464474311168487e-10,4.344786073165076e-09
panel99_equal,1010,0.20086078625577855,1.6266156865896164e-08,9.83949890186888e-08
panel99_equal,1011,0.18008546382448382,3.792982177230897e-07,1.6684576154302532e-05
panel99_equal,1012,0.195576753854571,1.731881504873911e-08,3.9561320274260595e-08
panel99_equal,1013,0.22053167415519548,6.235254534914247e-10,2.452664336017077e-09
panel99_equal,1014,0.1939866009148224,3.305458284863505e-08,6.062606346623758e-09
panel99_equal,1015,0.19408915438865665,2.570904600318613e-08,4.261099346687794e-08
panel99_equal,1016,0.24179340480605,1.039501817956534e-11,3.4843556975641557e-12
panel99_equal,1017,0.1802568769958737,2.914209891180519e-07,1.1719552460272652e-07
panel99_equal,1018,0.20527844034682877,3.984243157617584e-09,4.992695844863891e-10
panel99_equal,1019,0.22761692817228793,4.487010762943555e-11,9.557835545531838e-13
panel99_equal,1020,0.21499827611829392,3.7881364711722654e-10,1.286414969922221e-10
panel99_equal,1021,0.19944692829433452,9.452032712076175e-09,1.0069206513030888e-07
panel99_equal,1022,0.23814624200830528,6.23856521997368e-12,2.731826861662243e-10
panel99_equal,1023,0.18859487257919302,1.2447840358476014e-07,6.95654475235116e-07
panel99_equal,1024,0.22453809401531213,1.8187340522501927e-10,1.2533088846662285e-12
panel99_equal,1025,0.2821998083977264,2.220446049250313e-15,4.610676588030943e-12
panel99_equal,1026,0.26386540254944296,1.1901590823981678e-13,1.5343439596676167e-10
panel99_equal,1027,0.22145613443995124,4.523992291893819e-10,3.802386192629459e-07
panel99_equal,1028,0.246672347412553,1.6899814880844133e-12,9.090919923514082e-11
panel99_equal,1029,0.20042878422770188,7.898848908283185e-09,6.289309685330524e-09
panel99_equal,1030,0.09509734443599506,0.0075626448297414495,0.005721395354620368
panel99_equal,1031,0.19999508991620904,7.960129000395e-09,6.634010057519699e-10
panel99_equal,1032,0.2074355957810837,3.8319238893080865e-09,3.181719832861446e-08
panel99_equal,1033,0.23767206169119529,2.4164226175571457e-11,2.8513911850521843e-10
panel99_equal,1034,0.1449290907456963,5.0486196448540355e-05,4.64966488646999e-06
panel99_equal,1035,0.21942555476090245,1.8484147545905216e-10,1.9845024421588425e-10
panel99_equal,1036,0.22579694997420266,2.5614110832350434e-10,8.47800605760238e-08
panel99_equal,1037,0.2081755168527425,1.7965802179276125e-09,2.9944891683977976e-08
panel99_equal,1038,0.1834683905117883,2.07326765311322e-07,3.031808796528739e-08
panel99_equal,1039,0.21912841936301228,3.3448421810078344e-10,2.7388800316063424e-09
panel99_equal,1040,0.25050120350191263,1.7046364320094654e-12,1.6938687815700068e-10
panel99_equal,1041,0.19746355242118638,1.7324076617697415e-08,5.964042498605249e-07
panel99_equal,1042,0.18913708945916857,5.072904474268114e-08,8.690027390405294e-07
panel99_equal,1043,0.17029730035994806,8.284978574302215e-07,1.4680355306129727e-08
panel99_equal,1044,0.20934300240294867,4.514346674255876e-09,3.137810568408022e-07
panel99_equal,1045,0.15404162980247169,7.1219172488312665e-06,0.00010423649765878854
panel99_equal,1046,0.23400582232811779,1.4834578010436417e-11,3.81126505324653e-11
panel99_equal,1047,0.2157862575053676,1.0497567259903917e-09,2.49012137202572e-10
panel99_equal,1048,0.22798330416071527,8.22515389131695e-11,5.0709722751207395e-08
panel99_equal,1049,0.21195687214116346,8.508209692337232e-10,6.44862477304582e-11
panel99_equal,1050,0.18806624143060663,5.470937880502902e-08,9.336841762540872e-07
panel99_equal,1051,0.23649661336544084,1.3626211270434396e-11,5.232611671934629e-10
panel99_equal,1052,0.19735285321742996,2.0115928256458915e-08,1.1415457553707536e-09
panel99_equal,1053,0.17415342569275885,6.975975901379883e-07,2.1188925001348475e-05
panel99_equal,1054,0.19162878560341134,5.954746140623968e-08,3.257591235562356e-06
panel99_equal,1055,0.24863124689625524,1.800781745942004e-12,5.152887541956218e-09
panel99_equal,1056,0.17399534302090505,9.605799891065914e-07,6.884886074531664e-05
panel99_equal,1057,0.16953063524663325,1.5396562584868434e-06,6.0808192231536046e-05
panel99_equal,1058,0.23089922381937913,6.423062082205888e-11,5.933403360426641e-10
panel99_equal,1059,0.24651279354613673,3.0460078903615795e-12,6.296399572229253e-11
panel99_equal,1060,0.2578804659441308,3.042011087472929e-13,9.228633511829344e-11
panel99_equal,1061,0.20527702384140123,7.662370515859607e-09,3.8696849889206503e-10
panel99_equal,1062,0.2052966397284877,3.813996229951044e-09,1.762945661022109e-08
panel99_equal,1063,0.1798084210697075,3.399433807782515e-07,3.0081545259561095e-07
panel99_equal,1064,0.2299026816991288,1.166031715627014e-10,7.474269251239958e-10
panel99_equal,1065,0.19266968119737368,4.489689198194924e-08,8.528887270751815e-07
panel99_equal,1066,0.284756366314167,2.6645352591003757e-15,3.8428594218093946e-13
panel99_equal,1067,0.2902623259571653,4.440892098500626e-16,5.164980045702711e-15
panel99_equal,1068,0.15770375597077904,8.755846005792378e-06,0.000406159283167787
panel99_equal,1069,0.24305747953381673,7.72981678665019e-12,2.366154507747995e-10
panel99_equal,1070,0.21483923356040507,7.969851445466247e-10,7.822730667104882e-09
panel99_equal,1071,0.22904600288595747,6.876965663593637e-11,1.8449757135318049e-09
panel99_equal,1072,0.22569252020795755,3.060036668500743e-10,1.9436997715847515e-08
panel99_equal,1073,0.20683268949710085,3.2384679382602144e-09,1.9258904554693836e-08
panel99_equal,1074,0.13574348297909272,0.00015992192653091486,0.00034839905383711553
panel99_equal,1075,0.1598858094022202,3.3160599994808138e-06,4.033446171974368e-06
panel99_equal,1076,0.21775514246197356,3.051741082060744e-10,3.1689583432826777e-09
panel99_equal,1077,0.18956997770797882,1.2105196955936037e-07,5.595161872174274e-06
panel99_equal,1078,0.2517499413740781,9.85656001262214e-13,1.5318273294217307e-11
panel99_equal,1079,0.24659772490287632,4.673150755252209e-12,6.39198665547198e-08
panel99_equal,1080,0.24473876644382037,2.7915447731174936e-12,2.08455421125067e-11
panel99_equal,1081,0.1880700794508961,1.1739020666645672e-07,6.61744396379382e-06
panel99_equal,1082,0.23077044767066243,3.227818012874195e-11,5.4854894311977234e-11
panel99_equal,1083,0.2383467397053484,9.128475753072962e-12,7.996324469200084e-12
panel99_equal,1084,0.2023201673099655,9.991833804789962e-09,3.043596192154646e-08
panel99_equal,1085,0.12683263470362913,0.00031748945317300326,0.00030412719506656973
panel99_equal,1086,0.22341752054001415,1.601654364691285e-10,1.337433401941394e-08
panel99_equal,1087,0.2189127003270672,1.0201006706012095e-09,1.0775964717253605e-08
panel99_equal,1088,0.1831063653506245,1.568631735615611e-07,1.707019242375334e-06
panel99_equal,1089,0.23550676309467972,2.4421353828074643e-11,3.171743766986718e-12
panel99_equal,1090,0.157248630919531,9.79513837551238e-06,2.749717019442097e-05
panel99_equal,1091,0.21038272749431167,1.987829456595591e-09,3.61427957754934e-08
panel99_equal,1092,0.22185265453367725,8.190002009911268e-10,6.5481577456727125e-06
panel99_equal,1093,0.18496151910395497,8.530620831947999e-08,2.0443967518521742e-07
panel99_equal,1094,0.1724589775257229,8.862290774569459e-07,2.183792990228615e-05
panel99_equal,1095,0.2433833107829801,2.665867526729926e-12,1.9626148441863883e-10
panel99_equal,1096,0.2024071816961178,4.801620212546709e-09,5.60343652179794e-10
panel99_equal,1097,0.2629915437282182,2.702282841937631e-13,3.190663987193644e-12
panel99_equal,1098,0.23046976924261425,3.975197948591358e-11,1.2947261211321483e-09
panel99_equal,1099,0.22064469149769983,2.3197643805872303e-10,2.4834160131957787e-11
panel99_equal,1100,0.13473036146474945,0.00013371321665833769,0.0055226159331146964
panel99_equal,1101,0.21959343959567826,2.711952884482116e-10,8.905659388047284e-11
panel99_equal,1102,0.24862028310168394,2.5446311724408588e-12,4.193120785360539e-10
panel99_equal,1103,0.159759436651192,7.396774262202754e-06,0.0005364113988902544
panel99_equal,1104,0.2382924305509406,1.8514301203254035e-11,6.284462821108324e-11
panel99_equal,1105,0.18197370962874443,1.3674664356422284e-07,6.615670541968767e-07
panel99_equal,1106,0.25643261759127794,4.2033043712308427e-13,6.253405067752228e-12
panel99_equal,1107,0.2570091710318235,6.536993168992922e-13,3.4391850430730356e-12
panel99_equal,1108,0.21100772676628907,2.1902339941703985e-09,2.9214557147737946e-07
panel99_equal,1109,0.21359762911919283,5.500804256541869e-10,2.978733926229191e-09
panel99_equal,1110,0.09679026585754877,0.006115718409704041,0.0006650078845029918
panel99_equal,1111,0.23994505503125085,4.872102721265037e-12,5.386578846451126e-11
panel99_equal,1112,0.19283071219144785,3.5291459754560606e-08,6.38996651667676e-08
panel99_equal,1113,0.20311098845277775,6.63657617749891e-09,3.442568346518623e-08
panel99_equal,1114,0.19840692138811675,1.4550074256547418e-08,1.870084723478767e-08
panel99_equal,1115,0.2123775555981159,2.621326933294199e-09,4.480443802954828e-06
panel99_equal,1116,0.2034837985123624,9.044595516982668e-09,5.04822516009588e-08
panel99_equal,1117,0.11445577173767578,0.0012308042885522674,0.0048264607613806
panel99_equal,1118,0.23003018438118922,8.858669353628557e-11,4.570130069665648e-09
panel99_equal,1119,0.19043549125625456,6.668973440149273e-08,5.209351844330951e-08
panel99_equal,1120,0.2545694285791128,5.588862705963038e-13,3.412159909083914e-10
panel99_equal,1121,0.232604050553432,1.7792656237247684e-11,1.5347595550541526e-09
panel99_equal,1122,0.23990636977981644,7.16182668725196e-12,3.3218958237808624e-12
panel99_equal,1123,0.18531193180145453,2.695031018351557e-07,6.569250379269781e-06
panel99_equal,1124,0.2384940445970938,5.3439475067307285e-12,2.987071066261926e-12
panel99_equal,1125,0.2164688104213943,4.2520209575513945e-10,1.2420419172437042e-09
panel99_equal,1126,0.1792603621989239,3.2485345569099877e-07,3.668373222424698e-07
panel99_equal,1127,0.20898812538855105,1.3204499715868678e-09,4.7876154568664185e-12
panel99_equal,1128,0.1984956756907999,1.559997575562022e-08,3.14340300326132e-08
panel99_equal,1129,0.2754820939096089,9.103828801926284e-15,4.569228810061464e-11
panel99_equal,1130,0.21015032054937519,2.4612654137001755e-09,7.378746826762263e-08
panel99_equal,1131,0.22891258216256308,9.989498117590756e-11,2.870559912831916e-10
panel99_equal,1132,0.20644781572830087,2.9409217283671296e-09,4.134401563947934e-08
panel99_equal,1133,0.16078468679187735,6.290205943670912e-06,3.9103511298030866e-05
panel99_equal,1134,0.22616827743413379,2.1085311274759988e-10,1.527167236845486e-08
panel99_equal,1135,0.115621448250653,0.0010647578539231262,0.024761513004416345
panel99_equal,1136,0.24465332502277368,1.7927881401647028e-12,3.179701129663624e-11
panel99_equal,1137,0.21848534569061792,4.760660754499213e-10,6.931506158046343e-11
panel99_equal,1138,0.22265206611149907,3.05758751650842e-10,2.5485511203713953e-09
panel99_equal,1139,0.21783912587601745,7.155807058012442e-10,1.2751831543112882e-09
panel99_equal,1140,0.19050150337936791,7.518626321534327e-08,3.8197384390744026e-07
panel99_equal,1141,0.2597701079582858,4.3010039973978564e-13,9.110448872122954e-10
panel99_equal,1142,0.2124544024612275,5.751552567545559e-10,2.4252051196868267e-11
panel99_equal,1143,0.19186003321005593,4.634731154418148e-08,1.2086007549928917e-07
panel99_equal,1144,0.1678689743093595,2.4983009514478738e-06,3.2898612574422715e-05
panel99_equal,1145,0.2187999087147145,7.45652872780056e-10,7.154712934236901e-11
panel99_equal,1146,0.22780608585594675,1.0270162498215996e-10,1.3433395441878204e-08
panel99_equal,1147,0.22102252289326052,1.699771434715558e-10,1.6212308287670143e-09
panel99_equal,1148,0.25938990110956844,2.318145675417327e-13,5.466641824483437e-11
panel99_equal,1149,0.21009417581882303,2.3120121372954827e-09,2.487726174827474e-08
panel99_equal,1150,0.23606231639878636,2.7239321909178216e-11,6.663271874140141e-11
panel99_equal,1151,0.22290217783400784,1.853377451510596e-10,2.5274520004307668e-11
panel99_equal,1152,0.24036989744621173,1.59565693991226e-11,2.4167335873254573e-09
panel99_equal,1153,0.22127241604548437,1.52146295562261e-10,2.942230900843568e-12
panel99_equal,1154,0.21709986694860395,6.180931322319339e-10,9.059262262608517e-10
panel99_equal,1155,0.20578509057491992,2.527158482479308e-09,8.244517682757946e-10
panel99_equal,1156,0.2254446701090337,1.5849965784298092e-10,4.842688258781906e-09
panel99_equal,1157,0.24750351009649663,1.9235724124655462e-12,4.197045115126148e-08
panel99_equal,1158,0.20122937751510203,1.2376391245183527e-08,1.007227068931922e-05
panel99_equal,1159,0.2522084061290595,6.283862319378386e-13,1.5873696848597892e-10
panel99_equal,1160,0.14806946852428765,2.409610608200552e-05,0.0008151053123207828
panel99_equal,1161,0.2267431989327725,5.017652959793395e-11,4.079485630810423e-08
panel99_equal,1162,0.19259954443098568,6.388486051278619e-08,3.140601506749245e-06
panel99_equal,1163,0.21065563792314582,1.2132481685966923e-09,9.917983519664349e-10
panel99_equal,1164,0.24388498509327006,3.6846081741259695e-12,1.0536079721334651e-10
panel99_equal,1165,0.21137513913154823,1.9010386598239393e-09,7.820550236329023e-10
panel99_equal,1166,0.15293992009356433,1.4569484510618125e-05,0.0008656509730899322
panel99_equal,1167,0.20538654579042026,4.987228408026567e-09,1.0689362017376663e-07
panel99_equal,1168,0.19983087508663477,2.0040731962822633e-08,8.460373729587565e-07
panel99_equal,1169,0.1853826445694301,1.2727776166343574e-07,3.0047596990376257e-06
panel99_equal,1170,0.19335700160372807,6.212086600676514e-08,9.693290252043047e-07
panel99_equal,1171,0.22556549164001952,2.8954283415316695e-10,3.772725974784068e-08
panel99_equal,1172,0.23148303208652013,2.2114088338298643e-11,2.3858217034999175e-11
panel99_equal,1173,0.23317827190566287,8.52657944250268e-11,3.252458308829905e-09
panel99_equal,1174,0.16962797948261032,2.037019521949901e-06,8.956104952518283e-05
panel99_equal,1175,0.24803199311181745,2.8126390105853716e-12,1.6363702075907747e-12
panel99_equal,1176,0.23536679019970702,3.6031844174999605e-11,1.1410659967462999e-08
panel99_equal,1177,0.20625300859267942,5.142950731951146e-09,3.7717382226088203e-08
panel99_equal,1178,0.22587911310518607,1.875180011268185e-10,1.1860420945833979e-08
panel99_equal,1179,0.1934801854428372,4.034209011294365e-08,2.5204635398825694e-07
panel99_equal,1180,0.1964477333047311,1.1313527892298225e-08,4.010339641895822e-11
panel99_equal,1181,0.19053778619463038,5.4244690739224666e-08,8.411635581004552e-09
panel99_equal,1182,0.24571756182471027,3.388844760365828e-12,2.8353636551322127e-11
panel99_equal,1183,0.20987065004762673,6.461995383233443e-10,4.119774954491851e-10
panel99_equal,1184,0.21068144329953864,2.498822482266405e-09,3.396646141106609e-08
panel99_equal,1185,0.201802250657557,1.496981716364587e-08,5.177192902553179e-07
panel99_equal,1186,0.18147626288250945,2.6462682800598714e-07,1.0570464912723515e-05
panel99_equal,1187,0.191084168079805,5.207305830978726e-08,3.633083011553273e-08
panel99_equal,1188,0.14720980176840104,3.092902668999642e-05,3.821207759295591e-05
panel99_equal,1189,0.22371934789140105,2.379914043615372e-10,3.5073638259554684e-10
panel99_equal,1190,0.18271248058757092,1.549101218412119e-07,1.863400865386594e-08
panel99_equal,1191,0.18774323767157836,1.3026446210595566e-07,9.89740092439027e-07
panel99_equal,1192,0.15360092118074717,1.7129276336236288e-05,0.0002409974403512433
panel99_equal,1193,0.20486632959063653,6.652848272281631e-09,7.01429025431408e-08
panel99_equal,1194,0.22671917987156678,1.383320125114551e-10,1.2786373711739158e-08
panel99_equal,1195,0.22678846710436806,6.379785588706e-11,1.1372388311257792e-10
panel99_equal,1196,0.2308228883107739,5.5700777323863804e-11,4.3048698925797097e-10
panel99_equal,1197,0.20876568009083185,5.0016011332587595e-09,8.334346456355973e-07
panel99_equal,1198,0.28173404781151534,4.440892098500626e-16,1.5087503011355874e-14
panel99_equal,1199,0.22818874606210476,8.167266862812994e-11,3.9445605869223596e-10
panel99_equal,1200,0.14491950006782658,5.197324827110883e-05,0.0004133187065269101
panel99_equal,1201,0.21253162004731563,1.0810410344674892e-09,1.4979086842053585e-09
panel99_equal,1202,0.14550906262308813,3.5494873058983245e-05,0.001262495837304067
panel99_equal,1203,0.17199868650785952,1.013380681369469e-06,3.0714332724004813e-06
panel99_equal,1204,0.16931617972875268,1.6924090975312112e-06,1.52000228280734e-07
panel99_equal,1205,0.171036062525744,5.359207504440633e-07,1.610050802254085e-08
panel99_equal,1206,0.24823638663831993,1.6295853555448048e-12,1.862678216046426e-12
panel99_equal,1207,0.2105846519829472,2.028350598592965e-09,5.685674649597268e-07
panel99_equal,1208,0.17411852919764145,4.1488209556739264e-07,5.567138509442582e-07
panel99_equal,1209,0.22995206068928437,5.4440008057099476e-11,3.275998422023445e-11
panel99_equal,1210,0.2689956499937987,1.509903313490213e-14,5.884916328105334e-13
panel99_equal,1211,0.21487274439101683,4.73398431566352e-10,3.461641583353918e-08
panel99_equal,1212,0.2248570558064785,1.1329848170760215e-10,3.537032931400602e-10
panel99_equal,1213,0.12334021621846332,0.0004761063639333596,0.0017665205403257361
panel99_equal,1214,0.2845372406208278,6.661338147750939e-16,3.498919624835195e-11
panel99_equal,1215,0.23214615311610853,5.852118789562155e-11,1.7160392347234626e-09
panel99_equal,1216,0.20116093336755986,5.7660407559723126e-09,5.236736835451424e-10
panel99_equal,1217,0.2501541417843018,1.546318628697918e-12,1.0583906701793818e-10
panel99_equal,1218,0.18350591756551493,1.1318022430373276e-07,8.440750645305075e-09
panel99_equal,1219,0.17918546025401758,3.9212765612361977e-07,7.914729482636377e-09
panel99_equal,1220,0.22984946686454358,6.353162440575488e-11,1.6928657787499855e-10
panel99_equal,1221,0.2001745675853372,1.3596615833222359e-08,6.0803528595203e-07
panel99_equal,1222,0.24897442981966328,5.664357871637549e-13,2.3730065890873336e-12
panel99_equal,1223,0.24495398891658365,8.580469668117985e-12,2.46472904782685e-09
panel99_equal,1224,0.19396136002189532,3.693280148375777e-08,4.0866534607520665e-07
panel99_equal,1225,0.24974653019881793,1.8320900352364333e-12,6.6770418554644065e-09
panel99_equal,1226,0.23697234791097352,1.479016908945141e-11,1.1595230426812245e-08
panel99_equal,1227,0.2023346539929196,1.2573984742303423e-08,2.7060638931297723e-07
panel99_equal,1228,0.2473901571061169,7.858158568296858e-13,1.947214321720004e-09
panel99_equal,1229,0.2018321050602185,9.591035965428318e-09,2.0835761410982928e-07
panel99_equal,1230,0.20198515865575606,6.415172171259087e-09,5.36814572808007e-09
panel99_equal,1231,0.2167426790535271,6.798708263033859e-10,8.090265658332013e-09
panel99_equal,1232,0.22394880070837397,1.660493964550369e-10,4.053722837481752e-10
panel99_equal,1233,0.2261736614715791,3.2073743660987475e-10,1.7601550302230836e-07
panel99_equal,1234,0.2406266087903941,1.3288037337133574e-11,1.911793432387065e-12
panel99_equal,1235,0.261961825753676,9.348077867343818e-14,2.9174252619973752e-12
panel99_equal,1236,0.16606262256561788,3.092541223548295e-06,5.477629415965981e-07
panel99_equal,1237,0.18121613188005728,2.4652554198034693e-07,6.418582169360908e-07
panel99_equal,1238,0.2009965792673359,1.489413214983415e-08,1.300943766757569e-06
panel99_equal,1239,0.22249710640391882,5.309659378838205e-10,2.0574338404256712e-10
panel99_equal,1240,0.23409977994742084,2.1951773732098445e-11,1.7446653694855642e-09
panel99_equal,1241,0.17555585642764068,5.140825662941495e-07,3.980310043339318e-06
panel99_equal,1242,0.20611216793108908,4.420210641953304e-09,7.74768368718446e-09
panel99_equal,1243,0.1061253032134291,0.0028081946140372516,0.0028799119088070333
panel99_equal,1244,0.24831760708515227,1.723288178823168e-12,5.648877814148443e-11
panel99_equal,1245,0.26772522491956985,7.616129948928574e-14,1.1307550337162085e-10
panel99_equal,1246,0.21972988178362274,7.581899552633331e-10,3.523669833946124e-08
panel99_equal,1247,0.22442838586926625,2.697928547235051e-10,6.731082038311637e-10
panel99_equal,1248,0.2193938415471206,1.812092698116885e-10,2.67406066951998e-10
panel99_equal,1249,0.1893501275961368,1.1643107189485136e-07,7.887751066464016e-07
panel99_equal,1250,0.21986454512147421,4.161364586252603e-10,1.8426494854150593e-08
panel99_equal,1251,0.2341200645466768,5.983435968914819e-12,2.2191034401755248e-09
panel99_equal,1252,0.22688669089828534,8.212164281928835e-11,6.749391776535803e-10
panel99_equal,1253,0.20172169954191835,4.352454840983455e-09,3.857989484948735e-11
panel99_equal,1254,0.27414206537173164,2.708944180085382e-14,4.1141419430422635e-11
panel99_equal,1255,0.2398763568386644,4.6849191193132356e-12,9.96143179321339e-10
panel99_equal,1256,0.1989279619455916,1.118214298934106e-08,1.1849060369860483e-08
panel99_equal,1257,0.26034441646392026,2.353672812205332e-13,1.4574879278638807e-11
panel99_equal,1258,0.23207524961701936,8.243628002446712e-12,1.3810731456557757e-10
panel99_equal,1259,0.2172583092623245,6.187632628495976e-10,5.478023942152275e-09
panel99_equal,1260,0.2192034935877062,7.360747567020098e-10,5.49622085621689e-08
panel99_equal,1261,0.18809415126967607,8.028295228612592e-08,1.5004774993808413e-09
panel99_equal,1262,0.23273174956648832,3.856182040351541e-11,1.7513207330126405e-11
panel99_equal,1263,0.24082652934025486,4.622968674539152e-12,8.72921796934741e-11
panel99_equal,1264,0.19527301493316268,2.9278376612040802e-08,4.046001345000618e-05
panel99_equal,1265,0.21204702848478238,1.3628473904958582e-09,2.503431478533362e-11
panel99_equal,1266,0.16504729168060284,1.6430918376997283e-06,3.476326203862231e-07
panel99_equal,1267,0.23369422425844685,2.9327207329288285e-11,4.427905465607749e-09
panel99_equal,1268,0.22591812504736392,1.8450529992719567e-10,3.948945317078311e-09
panel99_equal,1269,0.24142643855735463,5.547562409446982e-12,1.0875864821616966e-12
panel99_equal,1270,0.21765185708498772,6.549973896596839e-10,5.219671447683095e-09
panel99_equal,1271,0.2177033019219993,6.318017220507954e-10,6.547574306028469e-07
panel99_equal,1272,0.21319517150686162,1.3433925083461418e-09,3.816348552004517e-08
panel99_equal,1273,0.21611113620972153,1.5962808852520993e-09,1.572746063319826e-07
panel99_equal,1274,0.1579933109850547,7.858618928713312e-06,4.21471532957462e-07
panel99_equal,1275,0.23331648085562712,3.2381208825427166e-11,1.0208947845092386e-09
panel99_equal,1276,0.20293438185648358,7.96710319939109e-09,2.067561972381634e-09
panel99_equal,1277,0.2349301711436475,1.493227763660343e-11,1.585177188114103e-08
panel99_equal,1278,0.21086028026868575,3.818796390220314e-09,5.249776423630715e-09
panel99_equal,1279,0.21572192901944692,4.4591952352845965e-10,5.73157357496533e-09
panel99_equal,1280,0.1588521357115427,8.894879351739604e-06,0.00014260638165575193
panel99_equal,1281,0.215211552040909,1.7701249355184245e-09,5.807405145230548e-07
panel99_equal,1282,0.15605182091751654,6.770783888221388e-06,1.325068745148741e-06
panel99_equal,1283,0.21571797873786047,2.3356871992064043e-09,1.2733458696199668e-07
panel99_equal,1284,0.19173766681766918,3.63764460775684e-08,1.670909327752969e-08
panel99_equal,1285,0.21281108868706317,7.464739937290688e-10,2.2621326220204346e-09
panel99_equal,1286,0.14546081399359234,4.354526411476378e-05,0.0002731258888951993
panel99_equal,1287,0.258110738569678,2.1227464230832993e-13,1.0811714480974237e-10
panel99_equal,1288,0.23953204347034338,1.078337419357922e-11,5.071987158599584e-10
panel99_equal,1289,0.24636013473965857,4.482192395016682e-12,2.642704245542071e-09
panel99_equal,1290,0.24179449881611642,2.425837308805967e-12,9.37183852725937e-12
panel99_equal,1291,0.22741835424650644,7.436651294767671e-11,1.783334506278155e-11
panel99_equal,1292,0.20729197310759395,4.059495184449702e-09,1.335003919950088e-06
panel99_equal,1293,0.2558506773872655,1.5409895581797173e-13,5.2870664184955185e-12
panel99_equal,1294,0.20593749754292098,5.827591076368321e-09,7.137283843892882e-08
panel99_equal,1295,0.22341089796380714,4.4685100064612016e-10,1.1378095102746024e-08
panel99_equal,1296,0.21926726018133114,3.0836200259898305e-10,6.685466741482805e-09
panel99_equal,1297,0.13563405968503245,0.00013681095936401988,0.0005121178281852569
panel99_equal,1298,0.20906349393378193,2.6210824621841766e-09,1.4030600565707454e-08
panel99_equal,1299,0.2390611437754181,2.525890607785186e-11,4.983389928573054e-10
panel99_equal,1300,0.18251411413563534,1.9569971021482502e-07,1.3871322803500129e-06
panel99_equal,1301,0.22962120460227453,9.087774976990204e-11,7.280951667452802e-10
panel99_equal,1302,0.07891468219089619,0.025250267679440386,0.026396258821176133
panel99_equal,1303,0.2300469481541892,4.089373284443809e-11,1.5752168020061933e-09
panel99_equal,1304,0.1970868513110556,2.3742649180036324e-08,6.077902547224901e-08
panel99_equal,1305,0.25625967312214926,2.666755705149626e-13,3.568804543614726e-12
panel99_equal,1306,0.2712298594345602,2.8199664825478976e-14,8.927279291594397e-12
panel99_equal,1307,0.2628254450464265,4.241051954068098e-14,2.572424857822142e-12
panel99_equal,1308,0.14777647918505615,2.708419634633863e-05,3.933530966217221e-05
panel99_equal,1309,0.19660306158235155,3.539022941367875e-08,1.598332563523617e-05
panel99_equal,1310,0.1667624332783147,1.3192987109444942e-06,1.5884768707596498e-05
panel99_equal,1311,0.21162604640828472,1.0292278140866529e-09,1.408749632653069e-07
panel99_equal,1312,0.22709869286344075,7.09370340246096e-11,5.210660629046489e-10
panel99_equal,1313,0.1908615983767421,3.9950662999999054e-08,7.655045007383577e-09
panel99_equal,1314,0.21497853375894924,1.837158647433057e-09,1.1736788718716154e-08
panel99_equal,1315,0.2871330133360425,4.440892098500626e-16,2.1775488719346363e-15
panel99_equal,1316,0.19593026973164807,2.1278376394207044e-08,1.4490127015530164e-08
panel99_equal,1317,0.23331465409931518,6.678013697580809e-11,1.0974026787297743e-08
panel99_equal,1318,0.19293138643037577,4.4207797866846477e-08,1.3341123576987934e-06
panel99_equal,1319,0.16383895515829802,2.0146258687958607e-06,3.0802084234195706e-07
panel99_equal,1320,0.26790051077884275,4.6629367034256575e-14,1.704240001324297e-14
panel99_equal,1321,0.19497459484552077,5.781886458500196e-08,1.7467957232826357e-05
panel99_equal,1322,0.2154747016856487,1.075630251534676e-09,1.676610560640361e-07
panel99_equal,1323,0.19998434315033675,1.3536803455949098e-08,3.443712581523241e-08
panel99_equal,1324,0.2341953668727694,3.176303664531588e-11,2.9882235330647694e-07
panel99_equal,1325,0.2400518720225354,1.2788659020657178e-11,1.3341940230150224e-07
panel99_equal,1326,0.2575647956691786,2.0339285811132868e-13,9.212124660462548e-10
panel99_equal,1327,0.2312767440674441,1.058733101189091e-10,3.871422749093886e-09
panel99_equal,1328,0.272946145016654,7.771561172376096e-15,1.670411391941932e-10
panel99_equal,1329,0.14064171419519292,6.670825612808962e-05,0.000886604898660931
panel99_equal,1330,0.2366068416088311,1.5756285165480222e-11,2.010777789840083e-10
panel99_equal,1331,0.261902929432476,1.5210055437364645e-13,2.8592410008480346e-14
panel99_equal,1332,0.27680049114846683,2.55351295663786e-14,2.433492555522284e-10
panel99_equal,1333,0.22433613642009398,1.5996004520957285e-10,1.5447190046117556e-08
panel99_equal,1334,0.22731447511179806,2.3898882872686045e-10,7.43827059615426e-09
panel99_equal,1335,0.2229089886034165,1.5189716151553512e-10,1.5918241832806138e-10
panel99_equal,1336,0.1888504271650741,4.2794565668913265e-08,9.809099659577894e-09
panel99_equal,1337,0.20975040360588917,3.6295182415102545e-09,4.750427862805042e-06
panel99_equal,1338,0.24410889528436794,3.746336574295128e-12,1.0720621119012244e-08
panel99_equal,1339,0.18306480738745035,2.256869249261939e-07,1.5169224460924164e-05
panel99_equal,1340,0.22377779428865238,1.0362000146812989e-10,3.57289682847502e-10
panel99_equal,1341,0.16088303397695045,4.553815961649832e-06,9.158287863844948e-06
panel99_equal,1342,0.21980628643167957,4.541245157696494e-10,4.8787867565159014e-11
panel99_equal,1343,0.25872921306919877,2.3314683517128287e-13,1.94206458233792e-11
panel99_equal,1344,0.16095167971821422,6.693264547275035e-06,0.0010467348096729865
panel99_equal,1345,0.2113721740352426,1.2649672420650404e-09,2.0816530102146068e-08
panel99_equal,1346,0.2318797922132758,2.7071234143249967e-11,2.385411813946424e-12
panel99_equal,1347,0.21787301924735664,8.538889595399723e-10,1.4799840997795003e-10
panel99_equal,1348,0.13994913574101414,8.731907550840745e-05,0.00015088675799845212
panel99_equal,1349,0.24451322195177308,1.886713008047991e-12,1.1434067969140105e-12
panel99_equal,1350,0.18418516499984042,1.470242934065169e-07,4.2675323205911715e-08
panel99_equal,1351,0.2021552274364947,1.5751147053322256e-08,1.081293688869943e-08
panel99_equal,1352,0.24161312768123241,3.3602010063304988e-12,6.255148363452035e-11
panel99_equal,1353,0.23874835838514444,1.1331602323139123e-11,4.102680421244659e-12
panel99_equal,1354,0.19425054245911583,2.037485113959292e-08,4.2844960521868167e-07
panel99_equal,1355,0.23286397378606158,1.2668976978602586e-11,4.783776366780976e-13
panel99_equal,1356,0.24113286005850162,1.7021717368947975e-11,6.661009137434269e-11
panel99_equal,1357,0.25120750846835305,4.702904732312163e-13,4.53562356233636e-16
panel99_equal,1358,0.20883662388012375,2.2243635822150054e-09,1.2213845972750654e-08
panel99_equal,1359,0.2172082828669711,5.255398338732675e-10,2.443205378633919e-10
panel99_equal,1360,0.2012314521556531,4.629260974553517e-09,1.4437458596541463e-09
panel99_equal,1361,0.18220962436170715,2.816320434639863e-07,1.8552924036501115e-06
panel99_equal,1362,0.1601698483229562,5.943933279572988e-06,5.173734887830875e-05
panel99_equal,1363,0.20422009742733582,4.5480887944648885e-09,6.092465455648468e-12
panel99_equal,1364,0.222669611670569,2.499793705368347e-10,3.437875666459992e-10
panel99_equal,1365,0.1949403592241146,1.9260037120716333e-08,2.5244251920285673e-06
panel99_equal,1366,0.1766944490082288,9.566312231257257e-07,0.0003354436712403502
panel99_equal,1367,0.17402073255973352,9.946924022230519e-07,5.202801986580175e-05
panel99_equal,1368,0.21870549104703985,1.0124716620651952e-09,2.771013199430468e-06
panel99_equal,1369,0.20874339820629306,2.8482782798988637e-09,3.4009085035147396e-09
panel99_equal,1370,0.22259168572347843,1.606914601381959e-10,2.4806354090670128e-11
panel99_equal,1371,0.2168143705993102,7.775060595349714e-10,2.7581431091326787e-08
panel99_equal,1372,0.22918358433304947,6.384071049581053e-11,1.3432667473344227e-11
panel99_equal,1373,0.1947802005443078,2.8723448286527287e-08,1.8388804575134816e-06
panel99_equal,1374,0.17936487158971423,2.808844588031434e-07,2.0460838237976853e-07
panel99_equal,1375,0.13789710029993202,0.00010244276005977326,0.00019195987213029448
panel99_equal,1376,0.22510142622275828,2.1092461111038574e-10,3.7419475625587424e-07
panel99_equal,1377,0.23244918286572236,2.080891015054931e-11,5.49655363051977e-11
panel99_equal,1378,0.26264096605246984,3.774758283725532e-14,3.3452274230836336e-11
panel99_equal,1379,0.20682564814474472,5.9642113470204094e-09,2.4347636098873694e-07
panel99_equal,1380,0.26836136521039183,1.0436096431476471e-14,4.99648097589948e-13
panel99_equal,1381,0.2866678039585079,1.1102230246251565e-15,4.730579960283519e-12
panel99_equal,1382,0.20188238263465377,1.219489753623293e-08,1.081080403965268e-05
panel99_equal,1383,0.18447992199954918,1.0281156526126267e-07,1.8196201088612374e-07
panel99_equal,1384,0.1300482306706944,0.00035845423056546366,0.021000239916391623
panel99_equal,1385,0.20602246911642247,1.3244869645490098e-09,1.02115299610738e-08
panel99_equal,1386,0.1535096634581966,1.0772356095589686e-05,9.349707689400243e-06
panel99_equal,1387,0.17666296055967315,4.879725774564747e-07,1.5010356601309896e-05
panel99_equal,1388,0.23071781517390824,1.686306649872904e-10,8.375375715009228e-09
panel99_equal,1389,0.26454195250529783,1.0147438445073931e-13,6.815440359985139e-13
panel99_equal,1390,0.1861722831773178,7.532803492082962e-08,9.681646086051516e-10
panel99_equal,1391,0.18959222846518717,1.3584936264798841e-07,2.9422649726268515e-05
panel99_equal,1392,0.2604356485855888,2.3159252293680765e-13,6.967106502463478e-12
panel99_equal,1393,0.13484140569956038,0.00012010162656062029,0.0006828735661532825
panel99_equal,1394,0.16867011184798927,1.4449682379513717e-06,5.505314890361932e-06
panel99_equal,1395,0.23803481796304912,2.8378854821653476e-11,1.9244098232837587e-12
panel99_equal,1396,0.22315769380530429,2.5860824592882636e-10,1.6921871753890975e-09
panel99_equal,1397,0.2548780016343656,3.3173463975799677e-13,1.0847546650000311e-11
panel99_equal,1398,0.24615304807530608,4.793943020331426e-12,6.335378304840816e-12
panel99_equal,1399,0.16319842880081098,4.650948281836875e-06,7.965317950654837e-05
panel99_equal,1400,0.22428619401659466,2.0176904591551192e-10,2.6026750853269e-06
panel99_equal,1401,0.18001609351515818,2.211853498135241e-07,3.242164037316876e-07
panel99_equal,1402,0.18354759429695264,2.0295532232594837e-07,0.00011065743771208578
panel99_equal,1403,0.16909917284468184,2.0990469562498504e-06,0.0026868350158243573
panel99_equal,1404,0.15492970243391382,8.241046886015013e-06,1.4494279687000876e-06
panel99_equal,1405,0.1741736467436674,7.760484890262376e-07,9.018652322356887e-07
panel99_equal,1406,0.22027147586610743,4.8357806647914e-10,6.291033075705456e-08
panel99_equal,1407,0.20245094272232064,1.4054649888350923e-08,1.42190501346178e-08
panel99_equal,1408,0.22863250437265759,1.189548459734624e-10,1.1616798786296677e-08
panel99_equal,1409,0.23000842459575366,1.569790963884543e-10,2.969056301475585e-11
panel99_equal,1410,0.24054930367512448,9.809042467168183e-12,2.6403127984766257e-10
panel99_equal,1411,0.2164080322942988,1.1054288595602202e-09,2.832606439034017e-09
panel99_equal,1412,0.17256487190966982,6.567758223940956e-07,2.285117927983185e-08
panel99_equal,1413,0.16936371132559946,1.4827241812120917e-06,2.3098720272788917e-08
panel99_equal,1414,0.19733629440455427,4.03635707080241e-08,5.836803789519447e-08
panel99_equal,1415,0.1899363207699475,3.29519043162918e-08,1.95127423770932e-09
panel99_equal,1416,0.2392150945753364,5.0173198928860074e-12,4.1665540744436883e-11
panel99_equal,1417,0.17993753032286577,2.122159759032627e-07,2.6929708583275493e-08
panel99_equal,1418,0.2545693613387295,3.0042635046356736e-13,2.805048716209636e-14
panel99_equal,1419,0.19399945262710586,3.284613891985089e-08,1.364378379286327e-07
panel99_equal,1420,0.20435066616359565,1.123375037437313e-08,2.609767945291595e-07
panel99_equal,1421,0.2369583635346234,3.029843043123037e-11,8.335360429222956e-08
panel99_equal,1422,0.23301637603978936,3.1324720595193867e-11,8.879045497075001e-09
panel99_equal,1423,0.23427928213296134,2.1700197194718385e-11,3.642733487281212e-11
panel99_equal,1424,0.23314700262540963,2.9256597144922125e-11,2.84409416542489e-11
panel99_equal,1425,0.13468835355442635,0.00014904352166422719,0.0028374594174592274
panel99_equal,1426,0.21519123082739533,5.683291615099506e-10,1.0198302779576292e-09
panel99_equal,1427,0.19909947732552744,8.909745830010252e-09,1.2829867541049865e-07
panel99_equal,1428,0.21036205544283829,2.0671531153482192e-09,4.776184805229142e-08
panel99_equal,1429,0.21100403582291846,1.7042218747320703e-09,6.87860605939503e-11
panel99_equal,1430,0.2083308663195294,4.363224226366924e-09,2.0265240871204376e-08
panel99_equal,1431,0.200658576808049,9.26999721428956e-09,9.695733541174705e-08
panel99_equal,1432,0.2565501551311763,1.0793588245405772e-12,1.6431634954399788e-10
panel99_equal,1433,0.18326467436441715,1.9810975371292727e-07,1.2481299438774938e-05
panel99_equal,1434,0.24949483687043536,1.2998491172311333e-12,1.312305972374428e-12
panel99_equal,1435,0.234078048149364,4.426992106232319e-11,5.01331385358003e-13
panel99_equal,1436,0.1846557509322573,1.219241201333432e-07,4.9022350994708926e-09
panel99_equal,1437,0.18871813823347214,1.4174232321195745e-07,2.6682502983404825e-06
panel99_equal,1438,0.23597735255108931,1.2510215086081189e-11,5.565623194330774e-12
panel99_equal,1439,0.20934707181490045,1.7363122051250457e-09,1.536826853479172e-10
panel99_equal,1440,0.2367582115400808,1.2761569578856324e-11,4.736708790647932e-10
panel99_equal,1441,0.2539081372586002,3.601563491884008e-13,1.1807969770649418e-10
panel99_equal,1442,0.2211101882126141,6.409857089550997e-10,3.3227726703111644e-08
panel99_equal,1443,0.264610756268179,6.727951529228449e-14,8.773267615623836e-12
panel99_equal,1444,0.20559638804512662,3.799335734910869e-09,7.107639006920012e-08
panel99_equal,1445,0.2182395292329197,6.182250267272593e-10,9.160506060041218e-08
panel99_equal,1446,0.24199625841781988,1.606292876488169e-11,1.959575486169988e-09
panel99_equal,1447,0.20448217800126034,1.2136508020788028e-08,1.1321103938393402e-07
panel99_equal,1448,0.22422471421667253,8.395795170201836e-11,2.6456604343062912e-11
panel99_equal,1449,0.20774337573801757,3.5696683386987615e-09,4.1828894235074453e-07
panel99_equal,1450,0.2115262700826706,1.1065974803159406e-09,1.3056965654184714e-10
panel99_equal,1451,0.20521660312783688,5.680049541822996e-09,8.94336412855658e-08
panel99_equal,1452,0.2442818232131194,9.796830013897306e-12,1.0645532390568591e-11
panel99_equal,1453,0.07637465647732065,0.030822972087727996,0.01652262403389959
panel99_equal,1454,0.21882323956121813,1.0683725015780965e-09,3.939656914222334e-07
panel99_equal,1455,0.18793461224023628,8.435190723687924e-08,7.677770037594579e-10
panel99_equal,1456,0.2263862344160882,2.2184987180651206e-10,4.4440568865361204e-07
panel99_equal,1457,0.25580815838043164,3.8813396940895473e-13,2.539686567285187e-10
panel99_equal,1458,0.15760254763504283,4.751288840809664e-06,9.758692845915646e-07
panel99_equal,1459,0.1856571992359666,1.2914707303579576e-07,2.718407363452662e-05
panel99_equal,1460,0.2305609168394931,6.279532449582348e-11,1.2184203562177775e-07
panel99_equal,1461,0.23604104288704367,3.520495006625879e-11,4.172267831752825e-10
panel99_equal,1462,0.17409572617321678,7.321319090980438e-07,8.207641058220479e-06
panel99_equal,1463,0.2285693002304716,1.1142664568808414e-10,2.1159532432373602e-09
panel99_equal,1464,0.235745660381129,3.1124658406156414e-11,1.3739031922511415e-07
panel99_equal,1465,0.20694514574436415,2.6706132860709886e-09,8.52835030402878e-10
panel99_equal,1466,0.22153544018653007,4.281486276624946e-10,7.649513076419537e-11
panel99_equal,1467,0.2308123898632053,5.7064575287313346e-11,1.4506356825722817e-09
panel99_equal,1468,0.2385593767839225,9.447775894955157e-12,2.913293570706695e-11
panel99_equal,1469,0.2281375502969869,6.00801630668002e-11,3.824955085764877e-08
panel99_equal,1470,0.24120681192162483,6.0746963015390065e-12,5.207601267597627e-09
panel99_equal,1471,0.1988464055258109,1.4843964946109622e-08,3.0235381824461834e-09
panel99_equal,1472,0.2211402266497107,2.7551472214781825e-10,5.81032476807924e-09
panel99_equal,1473,0.19521916554725935,3.2146556749879096e-08,1.4265948446865022e-06
panel99_equal,1474,0.2189163427245966,5.194542573860872e-10,5.943907641384538e-10
panel99_equal,1475,0.22975699632941352,1.1055201198928444e-10,1.9537714378751177e-08
panel99_equal,1476,0.25619754454634147,5.844214001626824e-13,2.866114614790539e-11
panel99_equal,1477,0.24398941248103123,5.3079762807328734e-12,1.6897227378192097e-12
panel99_equal,1478,0.17572485281713612,5.667853146817947e-07,4.170381148932748e-06
panel99_equal,1479,0.23557296552117718,5.439249051164552e-11,5.462963181738662e-09
panel99_equal,1480,0.22849706715556187,3.358358036109621e-11,3.838995190229451e-09
panel99_equal,1481,0.235297218449206,3.5753844329633466e-11,4.0383024898198653e-08
panel99_equal,1482,0.16300835698240163,3.259269672151177e-06,1.652372703859973e-06
panel99_equal,1483,0.2137253676746119,2.3550519312465212e-09,3.1502073882975364e-07
panel99_equal,1484,0.18420783814822306,1.588970528487721e-07,7.151995840316497e-07
panel99_equal,1485,0.23783789587951962,1.0611733713972171e-11,1.2725689842818871e-10
panel99_equal,1486,0.2318976917349766,4.8144377373660063e-11,2.100056898207151e-11
panel99_equal,1487,0.2536403883992482,8.670841822322473e-13,1.1521063736060113e-11
panel99_equal,1488,0.27355407103171187,1.4432899320127035e-14,2.0845436575744165e-13
panel99_equal,1489,0.20087906447816523,1.8970736315182535e-08,4.240960766859482e-08
panel99_equal,1490,0.23083687135537853,8.94004870133358e-11,3.1077314518996277e-09
panel99_equal,1491,0.1973622436236011,2.953046518427982e-08,4.283901617981167e-06
panel99_equal,1492,0.1942121771852049,2.1697658336705672e-08,1.0291962809076627e-09
panel99_equal,1493,0.20985932333500532,3.892776323510816e-09,2.1955558613322914e-07
panel99_equal,1494,0.15506617448087678,1.275384376930866e-05,1.3145939714829214e-05
panel99_equal,1495,0.18474036113417225,2.3749908750758664e-07,1.5769918692785347e-06
panel99_equal,1496,0.23542857842670442,6.725064949364423e-11,1.0755667660033455e-07
panel99_equal,1497,0.16443901253001433,3.930052033362941e-06,4.517813989788503e-06
panel99_equal,1498,0.2197141403113958,3.292628392159713e-10,4.720940358275264e-09
panel99_equal,1499,0.22271417916618047,2.274760380061025e-10,6.960406458603727e-10
panel99_equal,1500,0.20431534102173043,5.8125950719301045e-09,3.4845007278013367e-07
panel99_equal,1501,0.2295093157232945,4.349565152494961e-11,7.516595161597982e-10
panel99_equal,1502,0.1962837393534176,1.8884079411307653e-08,3.754480099114727e-07
panel99_equal,1503,0.2282207396908997,1.0416534301782576e-10,1.718678372416403e-09
panel99_equal,1504,0.22415189360789037,1.0910627956661756e-10,1.3473195231337948e-11
panel99_equal,1505,0.24581937014626382,1.3880008253863707e-12,2.2196915217743185e-13
panel99_equal,1506,0.24744085230846458,1.4885870314174099e-12,2.3576092241312194e-10
panel99_equal,1507,0.1871245732956105,1.1610472117062898e-07,6.200881593534766e-07
panel99_equal,1508,0.1627858223620636,4.2088404992313144e-06,6.175804447830913e-05
panel99_equal,1509,0.17772947287518612,5.738362280904852e-07,0.00015414111962791182
panel99_equal,1510,0.18698958406477928,6.793525941795053e-08,2.591380600660801e-08
panel99_equal,1511,0.20316594230514076,5.748362896795811e-09,6.340244649873982e-09
panel99_equal,1512,0.29139506405623034,2.220446049250313e-16,2.021879101774094e-13
panel99_equal,1513,0.2551148927508469,5.306866057708248e-13,4.6015397394779286e-09
panel99_equal,1514,0.1088808419436678,0.001854590229904307,0.008817013443097056
panel99_equal,1515,0.23048494229784114,8.24316170877637e-11,7.615991961189964e-08
panel99_equal,1516,0.2105546066736074,2.302418478095092e-09,2.8201786776665703e-08
panel99_equal,1517,0.1959349292293403,2.5310725515481636e-08,5.097885020247123e-06
panel99_equal,1518,0.11579355485447024,0.0011971788916567139,0.013659365554139317
panel99_equal,1519,0.2064492239405493,2.3474009402946194e-09,4.90267468064367e-10
panel99_equal,1520,0.19768353164034647,1.2164996121555305e-08,5.85463569590698e-07
panel99_equal,1521,0.22419954229478173,1.5109269391189173e-10,2.504416016438046e-10
panel99_equal,1522,0.2079801231156331,5.914904122050757e-09,2.9634822507297887e-07
panel99_equal,1523,0.18564737432432415,1.3538882925878681e-07,1.1108243618154508e-05
panel99_equal,1524,0.10743391663030628,0.001974889018002246,0.006820046701898596
panel99_equal,1525,0.21485308536356862,6.02015992612337e-10,3.000592116998999e-11
panel99_equal,1526,0.23059999565565545,8.383693739233422e-11,2.476921478328127e-11
panel99_equal,1527,0.1598507125910754,5.715933230510117e-06,2.2137357439170095e-05
panel99_equal,1528,0.22056803342012432,4.667479736042424e-10,1.692024856354506e-11
panel99_equal,1529,0.21441390068357663,1.8936370249633683e-09,7.581142991028615e-08
panel99_equal,1530,0.17213178372885207,9.065924175821749e-07,1.360469752674075e-08
panel99_equal,1531,0.24991885524477575,1.3362644324388384e-12,6.006149484203269e-09
panel99_equal,1532,0.22628430656326756,8.993650268962483e-11,2.03586397295616e-10
panel99_equal,1533,0.18806582546841336,5.706044103881425e-08,4.806150729373459e-10
panel99_equal,1534,0.23121431083358063,1.7625900738948985e-11,1.9940441709706613e-12
panel99_equal,1535,0.21969610905265927,2.3150281691641794e-10,5.1144625906306104e-11
panel99_equal,1536,0.19780024301104412,2.0125469957221753e-08,2.6588557369892716e-07
panel99_equal,1537,0.248282393120073,1.4799272918253337e-12,2.188014807398349e-12
panel99_equal,1538,0.26809764182139767,8.637535131583718e-14,5.463574368500781e-11
panel99_equal,1539,0.22756593954637303,5.527089896872894e-11,2.7361037295087903e-09
panel99_equal,1540,0.3039305902905563,0.0,6.532626331463038e-12
panel99_equal,1541,0.1882105888379018,1.0939327199643856e-07,2.6696179092569054e-06
panel99_equal,1542,0.21228085666808102,5.228268928902935e-10,4.9070421118255074e-11
panel99_equal,1543,0.1607256128250945,3.500580679105525e-06,6.93726564058865e-06
panel99_equal,1544,0.26106347108635486,5.195843755245733e-13,1.2444286163288555e-12
panel99_equal,1545,0.20917728888219536,4.286561550159718e-09,4.502024872292594e-08
panel99_equal,1546,0.1779762677163332,4.5602523401910844e-07,8.553522332993599e-06
panel99_equal,1547,0.1443025424897283,4.5972611560474164e-05,0.0001308774768652421
panel99_equal,1548,0.17986546473987503,4.1508085280028695e-07,9.68103984015114e-06
panel99_equal,1549,0.21378821747832372,6.267661945003056e-10,1.583139146439336e-10
panel99_equal,1550,0.24339867281724778,9.311440507531188e-12,9.988474925925597e-10
panel99_equal,1551,0.2137013841966369,9.500831232855944e-10,1.4130706076550746e-10
panel99_equal,1552,0.20151803346488448,9.093723996045355e-09,6.270489013489008e-11
panel99_equal,1553,0.22102925112753782,2.6529400898311906e-10,1.95183711020368e-08
panel99_equal,1554,0.2465123020519388,3.1301627956281664e-12,4.894233792354397e-12
panel99_equal,1555,0.19357887804660573,2.5924310920188987e-08,4.395003304910507e-08
panel99_equal,1556,0.24048603253865783,3.8924641287962913e-11,1.3022188647035623e-10
panel99_equal,1557,0.2110483905439658,1.4167205186765841e-09,1.6971701829954715e-10
panel99_equal,1558,0.259483980457613,3.68816088780477e-13,8.588847407009071e-12
panel99_equal,1559,0.15635789649294368,6.162456463565391e-06,9.764219236146229e-06
panel99_equal,1560,0.24644577842799156,3.0582203436324562e-12,8.093065932829472e-11
panel99_equal,1561,0.16968630176539443,9.064115233936576e-07,6.139985709681458e-05
panel99_equal,1562,0.16188246473092643,5.08633023321714e-06,1.7064228589058294e-05
panel99_equal,1563,0.23663431843897428,1.5828893751290707e-11,3.958472368605528e-12
panel99_equal,1564,0.20333704236857564,5.462168273240309e-09,2.5994457765692167e-09
panel99_equal,1565,0.27687043624371893,5.995204332975845e-15,3.294538500129852e-13
panel99_equal,1566,0.17251040793299696,6.688898295248435e-07,8.342264244174321e-08
panel99_equal,1567,0.21519991610927364,2.2598216631308787e-09,1.1020653980593076e-07
panel99_equal,1568,0.1315696266407079,0.0002447593225478606,0.0007978025242685533
panel99_equal,1569,0.2173891995946516,7.531473222854856e-10,6.857668512909921e-09
panel99_equal,1570,0.24129577591268964,1.5340839709665488e-11,9.328592099545911e-11
panel99_equal,1571,0.21964742375499277,3.3011726685572285e-10,3.8480709810163683e-07
panel99_equal,1572,0.20303072762502347,1.2146466055185101e-08,5.724696583930142e-06
panel99_equal,1573,0.22899485798439678,5.1660009603438084e-11,1.0098293031872046e-12
panel99_equal,1574,0.15704654929349252,1.0204942090474844e-05,2.9643688315095554e-05
panel99_equal,1575,0.255437844516408,1.5720758028692217e-13,1.3159023750728194e-11
panel99_equal,1576,0.24021764086158529,1.7348789072002546e-11,6.718866786836979e-12
panel99_equal,1577,0.16387219610527604,2.3333758780719194e-06,4.084803242884136e-06
panel99_equal,1578,0.19590963865946423,2.3062572740428777e-08,8.859969083991359e-07
panel99_equal,1579,0.17124383603086465,1.6138572036528132e-06,6.762463284580129e-06
panel99_equal,1580,0.18703364300030412,1.2173577390584e-07,2.2937488759066765e-05
panel99_equal,1581,0.25767765492595823,3.40394379350073e-13,1.2782903452900013e-10
panel99_equal,1582,0.18783222627665216,1.2537110660737483e-07,4.4879307995811515e-05
panel99_equal,1583,0.25888946851644845,2.327027459614328e-13,3.2418181803123277e-12
panel99_equal,1584,0.14931788473579996,2.5457044621868263e-05,0.00017426072747111574
panel99_equal,1585,0.20631501927950352,3.1596354421736805e-09,9.005479869378612e-08
panel99_equal,1586,0.20866049438668294,3.909696566495313e-09,7.40874913568284e-08
panel99_equal,1587,0.2294991918587535,6.26128038305751e-11,1.7049608234994449e-09
panel99_equal,1588,0.2460331652272376,1.9753088054130785e-12,2.6780818803135384e-11
panel99_equal,1589,0.16183500115440122,3.2222515586877165e-06,8.733315816979343e-06
panel99_equal,1590,0.1848612412732219,1.1756727547052037e-07,3.918223516687437e-08
panel99_equal,1591,0.24453366913410104,9.275913370743183e-12,1.2241791534380984e-08
panel99_equal,1592,0.1651765675350761,2.39323717732276e-06,1.3278902567444857e-06
panel99_equal,1593,0.19693007708941415,1.5529907360090078e-08,4.645637331373831e-08
panel99_equal,1594,0.18599362735129574,1.1889155104860549e-07,1.328265678981189e-08
panel99_equal,1595,0.2174863451701778,7.816456371045888e-10,1.5750277357575833e-09
panel99_equal,1596,0.19074242129419824,6.227290216820336e-08,1.4864363564842266e-07
panel99_equal,1597,0.2185309351792452,1.0634784164409439e-09,5.467666600613543e-09
panel99_equal,1598,0.18442390460059888,1.090359127431384e-07,6.8918903599330615e-09
panel99_equal,1599,0.23483785713572597,1.75559566883976e-11,3.660215642029462e-12
panel99_equal,1600,0.206590311270823,4.115020546535675e-09,9.610641697922247e-09
panel99_equal,1601,0.2267254012698149,8.558487252230407e-11,3.011430149579146e-11
panel99_equal,1602,0.22175221331000564,3.2157654317188644e-10,3.5050570946904375e-08
panel99_equal,1603,0.2400774271299498,7.2093442327059165e-12,3.3899520046020527e-13
panel99_equal,1604,0.1563454553264948,1.0429460781669064e-05,8.582113192772979e-05
panel99_equal,1605,0.24234316358188585,6.9828587356823846e-12,4.8868590664784246e-09
panel99_equal,1606,0.24633281425612902,3.2602809341142347e-12,9.404972695363237e-11
panel99_equal,1607,0.250568498029304,1.1364242880063102e-12,1.0185955900404708e-12
panel99_equal,1608,0.25910868327985753,4.791722574282176e-13,2.3567994604093667e-10
panel99_equal,1609,0.18500693688538455,1.3818634214679548e-07,3.35299882292914e-08
panel99_equal,1610,0.19498369235371674,2.4454389402350785e-08,2.5592837284533207e-06
panel99_equal,1611,0.22993715518760705,8.234479764723801e-11,1.7099923630083054e-07
panel99_equal,1612,0.2580691338738872,3.1596947280831955e-13,6.63947140518277e-15
panel99_equal,1613,0.15504466013932922,1.174069366127739e-05,9.110252852084e-05
panel99_equal,1614,0.22553971021120023,3.8186542816731617e-10,1.7460129089479644e-08
panel99_equal,1615,0.1822389684608294,3.394158294423022e-07,4.2985398715904974e-05
panel99_equal,1616,0.2202620783817887,8.846043897392519e-10,5.165517988879847e-09
panel99_equal,1617,0.23241416090641168,5.377409628692931e-11,1.4099945101964278e-10
panel99_equal,1618,0.19362195247114114,4.294601008147936e-08,1.763945464613984e-07
panel99_equal,1619,0.2139920833741885,1.8541159718665767e-09,2.3803289999609714e-07
panel99_equal,1620,0.2032818230011352,8.07350719611577e-09,6.6938378568176835e-06
panel99_equal,1621,0.19891500091470268,1.3098775841768884e-08,8.30215278596562e-08
panel99_equal,1622,0.20894566144432608,1.7144567987514847e-09,2.943838144579322e-11
panel99_equal,1623,0.21742367710822127,7.35914440497254e-10,1.5185104022155078e-09
panel99_equal,1624,0.2515751002640506,2.6652013929151508e-12,2.18105157584879e-09
panel99_equal,1625,0.2284463128885283,1.889861600545828e-10,7.2694002507314955e-09
panel99_equal,1626,0.15534725586829634,1.2359899733471735e-05,0.002004977094662002
panel99_equal,1627,0.20450883550601567,6.289156306849009e-09,4.2729102133306114e-07
panel99_equal,1628,0.2321233258539886,4.2380321474411176e-11,6.231568787256886e-10
panel99_equal,1629,0.2235944198630266,2.609972238332148e-10,1.966011442331032e-10
panel99_equal,1630,0.2168268863320402,1.0135539074695998e-09,7.840837984039313e-08
panel99_equal,1631,0.1687812790692834,1.675791752475675e-06,1.041578558824238e-05
panel99_equal,1632,0.2000987867795222,7.646056898735765e-09,8.24442054862548e-11
panel99_equal,1633,0.21696562179002366,1.0756708856973773e-09,2.9907100420452062e-09
panel99_equal,1634,0.2774455343194953,3.1086244689504383e-15,2.9307982768161923e-10
panel99_equal,1635,0.21016614428262934,2.9266069567768227e-09,1.1439657453158619e-06
panel99_equal,1636,0.2202606415952133,2.6906032957185744e-10,7.587261125166559e-12
panel99_equal,1637,0.19414437180025879,2.4425133915428887e-08,7.94383752981147e-08
panel99_equal,1638,0.2183722185049766,9.19986087311031e-10,3.829268269596323e-09
panel99_equal,1639,0.2536885074752647,1.610489519521252e-12,2.0693691736826326e-13
panel99_equal,1640,0.267388085890679,7.638334409421077e-14,6.0856921744855015e-12
panel99_equal,1641,0.19429959145088457,3.125690617444832e-08,6.041489073943321e-08
panel99_equal,1642,0.1687637215931626,2.2874242688875057e-06,0.00020965740431385025
panel99_equal,1643,0.20979161760977175,2.7466089402850002e-09,1.2725903766297854e-09
panel99_equal,1644,0.2499962944773554,3.3510971775285725e-12,3.688744134104837e-09
panel99_equal,1645,0.20755395100407253,5.576918704619516e-09,5.324106229865991e-06
panel99_equal,1646,0.23024817723343524,6.158806797884608e-11,4.2259876627293714e-11
panel99_equal,1647,0.259463277017738,1.254552017826427e-13,8.75221206846454e-11
panel99_equal,1648,0.24176884228396894,7.403633262015319e-12,1.5706296540146848e-09
panel99_equal,1649,0.1658249490004817,1.796130157938336e-06,4.208391241469676e-06
panel99_equal,1650,0.25925246003623004,1.34781075189494e-13,8.73422805032647e-13
panel99_equal,1651,0.20987305541412465,1.550942041461667e-09,4.99000400090338e-09
panel99_equal,1652,0.2486483059646804,2.000399845769607e-12,7.060271044488825e-12
panel99_equal,1653,0.26105741909156127,1.0347278589506459e-13,8.452179638791713e-15
panel99_equal,1654,0.22450122768519842,1.191304832559581e-10,1.129014722110011e-09
panel99_equal,1655,0.21874941627694292,6.463671820000627e-10,1.3389263096633918e-09
panel99_equal,1656,0.22461598394369933,1.0057932264828651e-10,2.176937972472506e-10
panel99_equal,1657,0.21674907070048008,7.204776775182609e-10,7.141852602282024e-10
panel99_equal,1658,0.21331617209528791,1.4299261774652905e-09,7.058255259114738e-10
panel99_equal,1659,0.22534873943804795,1.4671508452579474e-10,1.77100041970911e-10
panel99_equal,1660,0.206537036427827,8.377061933018126e-09,2.9600730228600095e-06
panel99_equal,1661,0.20410816125225573,1.4024382100075172e-08,9.916570766323894e-06
panel99_equal,1662,0.21508334126498732,4.584692625542175e-10,2.3749103263990086e-08
panel99_equal,1663,0.21903174075814125,6.069174052214521e-10,3.5273461036922024e-07
panel99_equal,1664,0.25283487451747527,4.924949337237194e-13,4.454756566606305e-13
panel99_equal,1665,0.21929990939497174,2.917093233634205e-10,3.369809918477925e-10
panel99_equal,1666,0.22922358145473867,9.264855549417916e-11,2.804860547930088e-10
panel99_equal,1667,0.2543075303112706,3.0198066269804258e-12,3.981929850189421e-11
panel99_equal,1668,0.24073384987754573,8.50919334993705e-12,7.691280995889505e-12
panel99_equal,1669,0.20768872426024326,2.769290796678092e-09,5.427862566047665e-11
panel99_equal,1670,0.1765957929145981,3.55874862245642e-07,1.7391154670157513e-07
panel99_equal,1671,0.24949161622066296,1.909139513145419e-12,7.582747570664127e-10
panel99_equal,1672,0.2333965468304925,1.3893330930159209e-11,2.0802315435977016e-11
panel99_equal,1673,0.19737909086403566,4.166082856471576e-08,2.0170424479007237e-07
panel99_equal,1674,0.17749587191233793,5.369771887142605e-07,9.403243743709015e-06
panel99_equal,1675,0.17422019930195826,7.590120523204291e-07,6.226229641763213e-08
panel99_equal,1676,0.2707785657106541,1.687538997430238e-14,3.20768640032991e-13
panel99_equal,1677,0.24797620237632217,2.4302782009044677e-12,7.305712396684494e-11
panel99_equal,1678,0.22184227877429424,3.005347082307708e-10,2.2753239932508854e-08
panel99_equal,1679,0.17844613676613025,5.214375586870545e-07,5.541173001756654e-06
panel99_equal,1680,0.18493639822094526,1.5768172412222725e-07,1.1756631306214767e-06
panel99_equal,1681,0.22494073763259265,2.1296409080662215e-10,6.2542325510433675e-06
panel99_equal,1682,0.1640650636177542,3.654605755576412e-06,2.737397913471861e-05
panel99_equal,1683,0.25193049934337847,9.046097204645775e-13,2.1806341797637865e-11
panel99_equal,1684,0.22557686381381015,2.2364687879417033e-10,2.1953196536222382e-10
panel99_equal,1685,0.21063731182720438,4.036468936874371e-09,4.4465606088666224e-07
panel99_equal,1686,0.17828981292981275,4.898603678249458e-07,1.0664826773480202e-05
panel99_equal,1687,0.24967630576866567,4.375388940047742e-12,6.88431403764198e-09
panel99_equal,1688,0.16284856340470696,4.350127337016119e-06,5.180588555909323e-05
panel99_equal,1689,0.21899516037039288,3.226177103243799e-10,7.457141304870403e-12
panel99_equal,1690,0.24997298465402487,1.4170886686315498e-12,4.5083996567359784e-11
panel99_equal,1691,0.19438112686590134,3.350596400331085e-08,2.05299716459766e-09
panel99_equal,1692,0.20252778419740555,4.549321142022222e-09,1.185285307369553e-08
panel99_equal,1693,0.22701713412203992,5.2837956232565375e-11,5.353174342892369e-12
panel99_equal,1694,0.19057060509405607,5.7850801038483723e-08,5.556856560781686e-08
panel99_equal,1695,0.20958063082069664,1.659866466496851e-09,5.84398196340802e-10
panel99_equal,1696,0.21484755547254214,1.1208365346959681e-09,2.996484461548123e-08
panel99_equal,1697,0.18454200012114846,2.083636423400037e-07,5.187980077769682e-06
panel99_equal,1698,0.20503019577902293,2.634480189556143e-09,2.3441693145674997e-08
panel99_equal,1699,0.21385428922004032,2.0088748442503856e-09,1.2500753354466106e-07
panel99_equal,1700,0.22224634078843747,1.3794476672046585e-10,1.358752681027658e-09
panel99_equal,1701,0.2329897350693353,3.440003837340555e-11,1.143349070530827e-09
panel99_equal,1702,0.28008959849257264,3.1086244689504383e-15,1.8813825692750003e-12
panel99_equal,1703,0.12139982270267331,0.0005301424996257964,0.0012347092831284723
panel99_equal,1704,0.22911207663276154,4.316746959887041e-11,6.526230415824314e-11
panel99_equal,1705,0.24007792808415018,1.0059952870733468e-11,5.207286376607376e-11
panel99_equal,1706,0.2120831379848959,1.3349590322064842e-09,8.231169755696252e-09
panel99_equal,1707,0.2072957754296396,3.854014885007473e-09,2.3749478886520375e-09
panel99_equal,1708,0.2393382735840705,1.0724088284064237e-11,7.59676785753202e-09
panel99_equal,1709,0.19061817072571954,5.0971739717908804e-08,2.8335258360332412e-09
panel99_equal,1710,0.2508047130470248,2.446931546273845e-13,5.072544679477891e-13
panel99_equal,1711,0.2338192742700449,2.397504417217533e-11,9.154758724587749e-11
panel99_equal,1712,0.20261314154995336,6.145006503643913e-09,1.380875010034335e-08
panel99_equal,1713,0.2160043001093047,5.411788794873473e-10,4.3271353621055554e-10
panel99_equal,1714,0.27578529967715293,8.659739592076221e-15,2.9082556439238833e-12
panel99_equal,1715,0.22247636545629554,2.209206151349008e-10,1.6285143650888558e-09
panel99_equal,1716,0.23327307291254187,1.7079893055438333e-11,3.6495615456409284e-11
panel99_equal,1717,0.26336717123736186,2.2493118478905672e-13,2.973098566255977e-11
panel99_equal,1718,0.2611062664855894,1.4921397450962104e-13,1.1817269710129585e-12
panel99_equal,1719,0.2200218541360702,3.843860785224251e-10,1.655482403422607e-10
panel99_equal,1720,0.22466752983481583,1.6075052400310597e-10,4.835573939977374e-10
panel99_equal,1721,0.24237065340154196,1.2854606268319912e-11,1.5202749760133023e-10
panel99_equal,1722,0.1996506228879329,1.8786368904954998e-08,1.8826099356636873e-09
panel99_equal,1723,0.20694560895518152,2.7464628349349596e-09,1.6846075429546245e-07
panel99_equal,1724,0.20469637372267685,4.736260050819396e-09,9.507558886483758e-08
panel99_equal,1725,0.22283575849523166,1.8875945251295434e-10,7.6059697014536e-09
panel99_equal,1726,0.24409125339430993,3.1248337251099656e-12,1.467836951852287e-12
panel99_equal,1727,0.2648692159809674,7.238654120556021e-14,7.933074875555798e-14
panel99_equal,1728,0.239032637242453,6.59650112311283e-12,6.116300535419897e-10
panel99_equal,1729,0.21155340857220603,1.1003820077348792e-09,4.2136795684824807e-10
panel99_equal,1730,0.23551921889430202,3.757327782238917e-11,3.632659260470046e-10
panel99_equal,1731,0.19729637918002318,2.9015574165569546e-08,1.0700078507699613e-05
panel99_equal,1732,0.22769922392250994,1.5088774674154593e-10,6.101875736445675e-09
panel99_equal,1733,0.24565294150137268,3.0802027595200343e-12,2.2929402843374604e-11
panel99_equal,1734,0.2132016469801427,1.2026588613878175e-09,8.311368499646028e-07
panel99_equal,1735,0.1933726389108645,3.4818378846779297e-08,1.21330918351825e-07
panel99_equal,1736,0.23627466729918137,2.582156710673189e-11,2.388730206727729e-09
panel99_equal,1737,0.2193472266974877,3.203672882534647e-10,8.720491418503828e-09
panel99_equal,1738,0.19748106480046798,1.5689221033454714e-08,1.8865416350546723e-08
panel99_equal,1739,0.21096506569758625,1.4573833251319002e-09,1.3619932308367367e-07
panel99_equal,1740,0.20168402319501028,9.169727643865144e-09,4.681565353761966e-09
panel99_equal,1741,0.24976779818200529,1.084687895058778e-12,1.3921923240337268e-11
panel99_equal,1742,0.18064160737518833,2.445355467006749e-07,3.728837518658309e-05
panel99_equal,1743,0.21148657374114413,2.3992807740569333e-09,3.362059834478216e-07
panel99_equal,1744,0.1805910957025523,3.211448258433336e-07,1.700219993055063e-07
panel99_equal,1745,0.2378219748737334,9.215073148993724e-12,3.1665216692459525e-10
panel99_equal,1746,0.21252255199446876,1.3878553861701448e-09,1.436567830208081e-07
panel99_equal,1747,0.20260490742248866,7.534610491077842e-09,4.554320302317448e-08
panel99_equal,1748,0.20164712430811974,6.6573626611443615e-09,5.021806483577658e-09
panel99_equal,1749,0.11109083008750088,0.0017329852043355132,0.010508288738006962
panel99_equal,1750,0.1929881084279968,1.9944060847265632e-08,2.333658604797791e-10
panel99_equal,1751,0.19511718586535176,3.481793320325721e-08,4.5170058939363084e-08
panel99_equal,1752,0.2516324784010396,4.665157149474908e-13,2.441616490627919e-12
panel99_equal,1753,0.24706599582305405,2.788436148648543e-12,2.0335767823569168e-11
panel99_equal,1754,0.20808187285147545,3.0725484378990586e-09,3.3845889147646986e-09
panel99_equal,1755,0.24333351460101782,5.526024082769254e-12,2.96255894153789e-10
panel99_equal,1756,0.22522578593838646,2.3649082692145384e-10,1.4540788945453165e-09
panel99_equal,1757,0.1817440604853206,1.880566442569176e-07,1.2341431750338445e-06
panel99_equal,1758,0.20877704272475617,1.4437273598844058e-09,9.239906834193567e-10
panel99_equal,1759,0.2622369989110788,2.0539125955565396e-13,3.311791181295207e-11
panel99_equal,1760,0.1510388240348045,2.1895222351631105e-05,0.0005489186779722044
panel99_equal,1761,0.2739540914282197,2.6201263381153694e-14,5.925379927359037e-09
panel99_equal,1762,0.27132220246063293,2.8199664825478976e-14,3.307506590988697e-10
panel99_equal,1763,0.1703103500502682,1.0571560202787822e-06,0.00030500655495432753
panel99_equal,1764,0.18937780374716678,7.79526521110796e-08,2.0672229570543252e-07
panel99_equal,1765,0.25402090605896294,2.44759768008862e-12,1.4267353122364275e-08
panel99_equal,1766,0.17442556943864979,7.29517648956346e-07,0.00014506180135248522
panel99_equal,1767,0.2250838185126659,1.7079315739465528e-10,4.627423754570968e-11
panel99_equal,1768,0.18758835972231994,9.219296570606161e-08,2.5165783118119795e-08
panel99_equal,1769,0.18868052056860599,4.705902023616204e-08,1.4118253565421337e-07
panel99_equal,1770,0.2276425160288177,7.176037541967162e-11,4.9973804791810294e-11
panel99_equal,1771,0.26438386792269775,2.3314683517128287e-14,3.699799167828437e-14
panel99_equal,1772,0.2729778452721992,3.4638958368304884e-14,4.490247703439446e-12
panel99_equal,1773,0.2574257561284445,1.8496315590255108e-13,3.2696475466847694e-14
panel99_equal,1774,0.18378074973613245,1.0894899071800523e-07,1.9062666185745559e-06
panel99_equal,1775,0.2562866696613533,1.6431300764452317e-13,6.066841981682926e-15
panel99_equal,1776,0.24829307271840792,5.195843755245733e-12,7.44668459363387e-09
panel99_equal,1777,0.22956302541862628,2.928945974645103e-11,2.6161560869546944e-10
panel99_equal,1778,0.16340225457224225,3.976856069343171e-06,2.43972595454045e-06
panel99_equal,1779,0.2233162680101939,2.385793784753787e-10,1.5241289415207888e-10
panel99_equal,1780,0.22419448898622676,2.9222180231158745e-10,8.115280313201376e-07
panel99_equal,1781,0.12769172934088407,0.00035709304551967413,0.0051075415944897545
panel99_equal,1782,0.2682621057039971,2.7755575615628914e-14,8.663957399670209e-15
panel99_equal,1783,0.2227388602210768,3.306803719738127e-10,7.60274441658202e-10
panel99_equal,1784,0.24618013899232571,4.028555267154843e-12,1.6882392678279784e-09
panel99_equal,1785,0.2319533238232665,2.722755354511719e-11,3.0848350450576156e-09
panel99_equal,1786,0.20264013955955998,2.9257789524450573e-09,2.5802488979548196e-09
panel99_equal,1787,0.21811601347959497,6.37409902637387e-10,1.579755676677146e-08
panel99_equal,1788,0.2167415582791035,3.2009950245992513e-10,1.1559183589846093e-09
panel99_equal,1789,0.2286641811157479,6.228062510160726e-11,1.743378259665615e-08
panel99_equal,1790,0.11253790120116923,0.0012669448541351436,0.0005601129526329467
panel99_equal,1791,0.23642035954831123,9.313438908975513e-12,1.3653758149934724e-10
panel99_equal,1792,0.2364628490225612,2.2509549779670124e-11,4.14738328000674e-09
panel99_equal,1793,0.24679059824236704,3.3422153933315712e-12,3.38335879357991e-12
panel99_equal,1794,0.20791203812793688,5.846585438007423e-09,2.004283736399914e-08
panel99_equal,1795,0.21702045763105762,1.0715384135551176e-09,1.2391284122672227e-06
panel99_equal,1796,0.26561634872979817,5.484501741648273e-14,2.64059829714492e-14
panel99_equal,1797,0.22445668840817184,8.888023650399646e-11,6.629799429766327e-10
panel99_equal,1798,0.16837864908970604,1.650015777343583e-06,2.2652824702428692e-07
panel99_equal,1799,0.2572897830688753,1.438849039914203e-13,4.407501460605889e-14
panel99_equal,1800,0.22512197490320998,1.3378698149324464e-10,1.0438418469805643e-09
panel99_equal,1801,0.22170071121241294,2.8993829559453843e-10,3.2156105075301874e-06
panel99_equal,1802,0.2592771487044272,2.349231920106831e-13,7.510190511246526e-12
panel99_equal,1803,0.24348047925449445,6.853406731011091e-12,5.405710207939428e-10
panel99_equal,1804,0.21602823406245583,7.027471937703922e-10,6.1216032761130714e-09
panel99_equal,1805,0.20933788622830823,5.141676862052691e-09,2.3229178432820095e-07
panel99_equal,1806,0.175213209222209,6.131334802095267e-07,1.1203254642934943e-06
panel99_equal,1807,0.2625697563023505,6.439293542825908e-14,8.422887769412315e-11
panel99_equal,1808,0.2210246350263397,6.528686480322676e-10,1.9420518008335146e-07
panel99_equal,1809,0.22761616880833893,1.8139001412009748e-10,2.5505003401211466e-08
panel99_equal,1810,0.19695769469662402,3.218354582834593e-08,9.906135302596379e-05
panel99_equal,1811,0.2299850928691981,9.947109802510568e-11,1.1895582617496338e-07
panel99_equal,1812,0.15493949269719234,1.0186407791490382e-05,1.6044933316689867e-05
panel99_equal,1813,0.18341666120753566,2.630322677443786e-07,6.975299783257642e-06
panel99_equal,1814,0.22591650163258162,2.981059843421008e-10,8.840706445526264e-09
panel99_equal,1815,0.20013621361125022,4.983108592426788e-09,1.5686869271052898e-07
panel99_equal,1816,0.2281530207860129,9.018030766583252e-11,9.570107926531198e-10
panel99_equal,1817,0.2458178652569019,1.7181811529098923e-12,7.545933610567203e-13
panel99_equal,1818,0.2317209472996904,3.297451200978685e-11,1.8820021329632494e-10
panel99_equal,1819,0.1918593727576081,6.279754960480943e-08,4.7637192314429536e-09
panel99_equal,1820,0.21015834900367383,1.618113643075958e-09,2.9786415977778627e-10
panel99_equal,1821,0.21140750162976646,1.353278600291219e-09,5.7402349222850034e-09
panel99_equal,1822,0.2560225541889309,3.859135233597044e-13,1.4487714838842174e-10
panel99_equal,1823,0.2444184888367632,1.0899725566559937e-11,3.29372270104227e-09
panel99_equal,1824,0.23724533305108364,1.5128565067357158e-11,2.8279011168644704e-11
panel99_equal,1825,0.1847992952181323,1.8001563706349089e-07,2.947178339312697e-07
panel99_equal,1826,0.21462076932424826,2.223985218208213e-09,2.2724311130488168e-06
panel99_equal,1827,0.2055467246163186,4.062079561606424e-09,6.881317926576884e-09
panel99_equal,1828,0.21613339293775483,1.3853267422092586e-09,4.24376166732027e-07
panel99_equal,1829,0.19726625545345203,2.958829425914189e-08,8.925737974705736e-07
panel99_equal,1830,0.26000042987430405,3.093081346605686e-13,3.183399661217437e-10
panel99_equal,1831,0.146271203486562,3.2469457758033116e-05,0.0005127674456326111
panel99_equal,1832,0.2563900748955849,1.0629275237761249e-12,6.097029970329409e-12
panel99_equal,1833,0.1657365235613871,1.5932629298109902e-06,8.331562054987278e-07
panel99_equal,1834,0.22502931694643832,1.5363799121814736e-10,8.278939245353788e-09
panel99_equal,1835,0.23450620350754997,3.175659735177305e-11,8.809354586628609e-13
panel99_equal,1836,0.23175845543153248,4.594169489280375e-11,5.242639207837018e-11
panel99_equal,1837,0.22371672126750006,2.2919977027413552e-10,1.2001860176653392e-08
panel99_equal,1838,0.2680012305605119,9.259260025373806e-14,1.979005369649382e-10
panel99_equal,1839,0.23453380436982002,5.5632831674756744e-11,4.294051539459735e-07
panel99_equal,1840,0.14728082901477874,3.270071864203139e-05,0.00204696073962387
panel99_equal,1841,0.21389915444642832,1.7455954459677514e-09,4.1942810031409214e-10
panel99_equal,1842,0.17556449278647487,6.11413988327314e-07,9.483018406105687e-05
panel99_equal,1843,0.2101707242852589,2.7329534191267157e-09,8.443636729739915e-07
panel99_equal,1844,0.20296026243213255,6.717354006369192e-09,1.404423948390168e-09
panel99_equal,1845,0.16615167958169358,3.0638658483628234e-06,0.00010911181882791908
panel99_equal,1846,0.13910668007480745,9.391861066099239e-05,0.0048806579588854355
panel99_equal,1847,0.2146897852065484,9.093967801021563e-10,7.820798548221206e-08
panel99_equal,1848,0.22266834782376918,1.310891395434055e-10,3.6328473071711797e-10
panel99_equal,1849,0.21103422208473863,1.370546121037819e-09,5.336556940030708e-09
panel99_equal,1850,0.2760741762264994,6.439293542825908e-15,1.567852322184101e-12
panel99_equal,1851,0.08477708288056775,0.015946779153715784,0.0006932251633539587
panel99_equal,1852,0.16290721778432726,4.645295290428564e-06,7.904111631469422e-05
panel99_equal,1853,0.23784731296892808,2.1594726007378995e-11,3.3058189606264106e-09
panel99_equal,1854,0.25599755642091715,6.328271240363392e-13,1.4098721858871295e-07
panel99_equal,1855,0.2627678439287484,3.781419621873283e-13,4.057065246134752e-12
panel99_equal,1856,0.28935297803259086,4.440892098500626e-16,4.054294523246888e-12
panel99_equal,1857,0.24099724368930867,2.878808302853031e-12,7.547441299468245e-11
panel99_equal,1858,0.18995312444058596,4.4977271018709075e-08,6.653932747648242e-06
panel99_equal,1859,0.1911986654602195,6.632578353205076e-08,3.511476873064299e-07
panel99_equal,1860,0.2407780485654986,1.0055511978634968e-11,7.554327703259971e-13
panel99_equal,1861,0.26037423447415614,2.537969834293108e-13,1.2514188536010542e-11
panel99_equal,1862,0.21868538884554667,6.111930961338885e-10,1.577806720473927e-08
panel99_equal,1863,0.24823898229209304,2.256195230643243e-12,2.764636507562129e-12
panel99_equal,1864,0.2248161888176988,2.7071855868143757e-10,2.8063545309751566e-10
panel99_equal,1865,0.22129384463713556,1.3721312974723787e-10,6.148523085101913e-10
panel99_equal,1866,0.2146512797742704,1.0698855135160557e-09,3.356273757833769e-07
panel99_equal,1867,0.19063305313922294,6.437402988446195e-08,3.1580469433472433e-09
panel99_equal,1868,0.1837282078263486,1.3820349042958924e-07,1.740023837968785e-06
panel99_equal,1869,0.2680999654948552,2.8199664825478976e-14,1.4731878293890023e-11
panel99_equal,1870,0.19322631385723044,4.49065700180995e-08,4.241414214017639e-05
panel99_equal,1871,0.2770930873327156,1.5543122344752192e-15,2.316547383151926e-16
panel99_equal,1872,0.212398202868807,1.110322278563558e-09,1.2275219834656562e-10
panel99_equal,1873,0.20319399268713906,1.0322498855686035e-08,3.3323508653687595e-07
panel99_equal,1874,0.28153592979731273,1.1102230246251565e-15,2.2486665808353132e-13
panel99_equal,1875,0.2217932814845123,3.2043923070546043e-10,1.1315137755593667e-11
panel99_equal,1876,0.17229605119350122,1.022065980071929e-06,8.378861340601711e-06
panel99_equal,1877,0.19736863757545628,1.8068356366640614e-08,8.280769675001507e-08
panel99_equal,1878,0.2449012205061057,3.813172000377563e-12,9.340771344870272e-09
panel99_equal,1879,0.21143629592210966,2.778111296564134e-09,5.918190039413336e-08
panel99_equal,1880,0.22247229282916245,5.409668268896439e-10,2.6957910631045637e-08
panel99_equal,1881,0.2510352466526534,2.2024604362513855e-12,2.8128767091210664e-09
panel99_equal,1882,0.22923155199366196,1.6171441963308553e-10,1.2744970662964618e-08
panel99_equal,1883,0.24401566817097267,5.529576796448055e-12,3.626662340109389e-09
panel99_equal,1884,0.171616430051456,8.869426493252064e-07,9.810098800751404e-07
panel99_equal,1885,0.21794680508117065,9.564060654554396e-10,4.69657099403179e-08
panel99_equal,1886,0.17702559884714736,2.994216710128228e-07,1.4833799699170609e-08
panel99_equal,1887,0.20371040653127415,4.672153330886886e-09,5.11722713897034e-08
panel99_equal,1888,0.20378702139518712,5.855389284548096e-09,5.985918457159398e-09
panel99_equal,1889,0.2534038523739865,5.904166044956582e-13,5.477341941673451e-11
panel99_equal,1890,0.21033570630471227,1.3556682443294221e-09,1.1703931705790197e-07
panel99_equal,1891,0.1863450574067273,9.85122918795156e-08,3.177252369227095e-05
panel99_equal,1892,0.19362906251383366,5.334304464810202e-08,3.3823249893493796e-06
panel99_equal,1893,0.1161910829577362,0.0009149186955714761,0.00027432463629077874
panel99_equal,1894,0.19775887046772805,3.246476709684032e-08,5.6845374474579994e-09
panel99_equal,1895,0.19930112929798005,1.8048281535953947e-08,1.7136069225424244e-08
panel99_equal,1896,0.2252978606155607,5.5219384620386336e-11,6.958270399281039e-10
panel99_equal,1897,0.21472634471716853,3.067739839934802e-09,1.593646094384627e-05
panel99_equal,1898,0.1901859125390796,7.712039717944208e-08,8.707626768889991e-09
panel99_equal,1899,0.16537864501640193,1.9882896495904134e-06,1.0261243288202773e-05
panel99_equal,1900,0.23268923734732938,5.710010242410135e-11,6.700826589510492e-09
panel99_equal,1901,0.1945679871152834,5.1834210479384524e-08,6.175333433127067e-08
panel99_equal,1902,0.20379464828893148,7.02316893530508e-09,2.7404581796811246e-07
panel99_equal,1903,0.24714828902091238,5.763167720829188e-12,7.295202117639345e-12
panel99_equal,1904,0.1877804396475002,1.4888024790771226e-07,1.0481501386754132e-06
panel99_equal,1905,0.17810580470365,2.887099790349623e-07,9.59007202786471e-07
panel99_equal,1906,0.2762875897211875,7.993605777301127e-15,3.5986503556307273e-10
panel99_equal,1907,0.2387529064986862,8.37108160567368e-12,1.3449527398613753e-11
panel99_equal,1908,0.23384605872668393,5.067968267269407e-11,3.9371568321722894e-09
panel99_equal,1909,0.21946179795872434,1.2610104072052764e-09,6.865812726459113e-08
panel99_equal,1910,0.21854627172895208,2.629472195536664e-10,1.7623425736537375e-08
panel99_equal,1911,0.24267638933307523,4.729772129508092e-12,3.9870222632119746e-11
panel99_equal,1912,0.19797700187947873,1.2106456948046684e-08,7.860508652732947e-08
panel99_equal,1913,0.1913988438601526,4.031966627238148e-08,5.975858825534363e-09
panel99_equal,1914,0.2527868187450805,1.4939161019356106e-12,7.816997625504015e-11
panel99_equal,1915,0.18972868003344956,6.131488183847011e-08,3.7182235043690525e-09
panel99_equal,1916,0.26398063083338597,5.750955267558311e-14,2.739607276969156e-10
panel99_equal,1917,0.21274077738508337,7.084157704895233e-10,3.229410370974633e-10
panel99_equal,1918,0.15549444439112464,1.1725767609549465e-05,1.229869719525463e-06
panel99_equal,1919,0.23488337227796915,3.108335810964036e-11,3.644522981906841e-13
panel99_equal,1920,0.21675948398487363,1.6936236857389986e-09,2.1583596694116503e-07
panel99_equal,1921,0.21675169476542613,6.931211160576822e-10,7.611945027136495e-10
panel99_equal,1922,0.22620710449658935,2.184181724373957e-10,5.1537612626142355e-08
panel99_equal,1923,0.24787660304409362,2.2590818105072685e-12,4.1476331711146e-13
panel99_equal,1924,0.26453124207432993,7.238654120556021e-14,4.674784952036046e-15
panel99_equal,1925,0.2024617722049651,1.0947258655136238e-08,9.058264457969068e-09
panel99_equal,1926,0.23576980289749538,3.360556277698379e-11,1.3829829311999253e-09
panel99_equal,1927,0.23406138237617935,5.758860055493642e-11,7.269030550273101e-11
panel99_equal,1928,0.2416581489230901,8.908429549592256e-12,5.668027872598488e-09
panel99_equal,1929,0.23188545623569856,7.821943093233585e-11,6.471547762524486e-10
panel99_equal,1930,0.23177410589015446,4.0454306571291454e-11,3.873442417948589e-15
panel99_equal,1931,0.20717757020474847,4.113604124000858e-09,1.215970331832926e-07
panel99_equal,1932,0.15422008694096648,1.1049343164870606e-05,6.706580657227996e-05
panel99_equal,1933,0.27318448970975,2.020605904817785e-14,2.714644717460457e-11
panel99_equal,1934,0.21310931404012703,1.2720251518771875e-09,2.402666965607467e-10
panel99_equal,1935,0.20896191976636072,1.3670131693288567e-09,1.945059119738722e-10
panel99_equal,1936,0.16250747871835755,5.05359116065307e-06,0.00016004929129615413
panel99_equal,1937,0.25214788106878716,9.274803147718558e-13,2.525859389943189e-11
panel99_equal,1938,0.2235724934647415,5.4003468363816864e-11,4.447611185584367e-13
panel99_equal,1939,0.17258567293106455,6.099922089664034e-07,1.1081675261007868e-07
panel99_equal,1940,0.23028383684505865,5.137557046452912e-11,3.668572856408764e-10
panel99_equal,1941,0.19121119829357935,4.590135560533781e-08,3.9585435769673454e-07
panel99_equal,1942,0.21959216406471255,3.335809406479484e-10,1.445460378932048e-08
panel99_equal,1943,0.19587667343871232,3.0667510975135315e-08,3.344338146155438e-10
panel99_equal,1944,0.21064237936254476,1.044184960719008e-09,9.164216491288631e-09
panel99_equal,1945,0.23320782248601857,5.7970517275407474e-11,8.322047632529859e-09
panel99_equal,1946,0.2067666747047137,5.046670858988023e-09,5.21134111488886e-07
panel99_equal,1947,0.21661419689666245,8.655629546439059e-10,2.5631572233373505e-08
panel99_equal,1948,0.24918776434633585,7.12652159506888e-12,2.740616812775432e-10
panel99_equal,1949,0.22720417144750935,9.53668255476714e-11,1.0997407938492043e-10
panel99_equal,1950,0.18611001512695927,1.402423723817492e-07,7.841993751834627e-07
panel99_equal,1951,0.22647914526041626,1.272888461301136e-10,6.086152589434829e-11
panel99_equal,1952,0.18059636505133397,1.202339001693531e-07,5.743471615536915e-07
panel99_equal,1953,0.26346600167784995,1.0613732115416497e-13,4.1477920586005237e-10
panel99_equal,1954,0.22824240287678554,6.142353292659664e-11,1.4898880150664497e-11
panel99_equal,1955,0.1997020978365531,1.2046645903041053e-08,8.912068737988063e-08
panel99_equal,1956,0.24173524529634335,1.2632339618789956e-11,7.342668036342449e-10
panel99_equal,1957,0.22242359712465182,1.9681589691344925e-10,6.592808426161813e-09
panel99_equal,1958,0.18603761011896894,9.35627439968556e-08,1.2822912282439422e-06
panel99_equal,1959,0.19178207635895142,2.6920458973123118e-08,4.1741938267229924e-09
panel99_equal,1960,0.21038050147743517,1.368908097987287e-09,6.665465443766096e-08
panel99_equal,1961,0.18505157715511866,9.390029420686119e-08,4.8487805761691e-09
panel99_equal,1962,0.27647207533380685,6.661338147750939e-15,2.6198819901318737e-11
panel99_equal,1963,0.233349623046907,1.2002621119222567e-11,9.187022178064749e-10
panel99_equal,1964,0.23456133048913547,3.721134511636137e-11,5.568883053114758e-07
panel99_equal,1965,0.23552153382282962,4.1446845955306344e-11,6.661080850975273e-09
panel99_equal,1966,0.238209032947453,1.0846656905982854e-11,1.9667632411203006e-09
panel99_equal,1967,0.22487038096977088,1.1755840745308888e-10,7.88659244990571e-10
panel99_equal,1968,0.22480779743963536,9.689959945546889e-11,8.37477306456455e-08
panel99_equal,1969,0.2741658285947397,1.532107773982716e-14,2.556569562413788e-11
panel99_equal,1970,0.14733148763398016,3.2750563946581934e-05,1.5263578964401424e-05
panel99_equal,1971,0.1855476258463169,9.591702188060935e-08,4.29857599578641e-09
panel99_equal,1972,0.24914566046908487,7.858158568296858e-12,7.126855916526047e-11
panel99_equal,1973,0.20203165465105372,8.247846849940288e-09,1.0550532446040825e-07
panel99_equal,1974,0.25879298788682503,4.070077608275824e-13,1.915885184015878e-12
panel99_equal,1975,0.23892419965579692,1.29414257088456e-11,5.6185415782201475e-08
panel99_equal,1976,0.1999126020819553,1.520500303442418e-08,1.5391542277653821e-07
panel99_equal,1977,0.22488780503908842,2.8284374842257876e-10,2.2743969637089625e-09
panel99_equal,1978,0.19853718521228075,2.5199560660382758e-08,1.0211139190048845e-06
panel99_equal,1979,0.25493090622867903,5.917488721252084e-13,4.746513416973994e-10
panel99_equal,1980,0.17668707092794247,4.2889811990853843e-07,8.564664853899353e-08
panel99_equal,1981,0.20027651997751683,5.701567440397071e-09,1.5970615277235136e-09
panel99_equal,1982,0.22851076058964725,9.023826130771795e-11,1.9321955623833382e-09
panel99_equal,1983,0.26642935945545815,3.597122599785507e-14,2.6395513486981167e-10
panel99_equal,1984,0.2469903459334403,3.417932603611007e-12,3.8583810668112803e-10
panel99_equal,1985,0.17369682586962676,8.943403937422545e-07,6.6720528243901095e-06
panel99_equal,1986,0.19852856333679053,2.3497505052816337e-08,4.861459828199118e-08
panel99_equal,1987,0.2315721853124673,3.9668712759066693e-11,1.7506117981378797e-08
panel99_equal,1988,0.2135813289254875,1.2843777152937719e-09,8.952452753464241e-07
panel99_equal,1989,0.1997807925741377,8.30870838797182e-09,1.1618270284878508e-08
panel99_equal,1990,0.17824488711959552,4.497842485129411e-07,4.2643225688669264e-07
panel99_equal,1991,0.25681335634377456,3.9812597663058114e-13,1.3169112956990773e-11
panel99_equal,1992,0.22033578850381652,9.165783687592466e-10,2.311598676687204e-07
panel99_equal,1993,0.20343584557925765,8.373647553128194e-09,1.0894419591307845e-08
panel99_equal,1994,0.20342029228603503,6.168105137760449e-09,1.2074848481226934e-08
panel99_equal,1995,0.185486823010123,1.0595530541834819e-07,9.917484917903872e-07
panel99_equal,1996,0.18985864631082255,6.322680023984617e-08,2.5953044951817578e-08
panel99_equal,1997,0.18307644894962577,1.8503980947492948e-07,4.289786062295997e-06
panel99_equal,1998,0.15981409482389924,4.861163964697823e-06,2.660714674373268e-07
panel99_equal,1999,0.20677456516597179,6.673819719082985e-09,2.501368473169843e-09
panel99_rank,0,0.30256863819667484,0.0,1.511099044302116e-12
panel99_rank,1,0.21733415327095598,4.673055276072091e-10,6.215007602398476e-09
panel99_rank,2,0.18434620755178646,1.9883739721393567e-07,1.0093308898622746e-07
panel99_rank,3,0.1652626248634535,2.4892676864229912e-06,2.693395283223693e-05
panel99_rank,4,0.2171350427268107,5.017852799937828e-10,7.246495786994147e-07
panel99_rank,5,0.17181311035787233,1.4694501495604584e-06,0.00013329009987245633
panel99_rank,6,0.17176285001752867,1.364085611355037e-06,0.00011987731841134669
panel99_rank,7,0.1850694216494296,1.5743153558567258e-07,3.984751190494249e-07
panel99_rank,8,0.1942624618305514,1.9993770195014804e-08,5.612051593917766e-07
panel99_rank,9,0.20421480003781212,6.237548477727728e-09,4.453435096265272e-08
panel99_rank,10,0.2035507962872484,5.702011085517711e-09,8.844853225173035e-07
panel99_rank,11,0.21974822304534414,3.743239052056424e-10,5.7641609672770456e-09
panel99_rank,12,0.17132282088330758,1.9069636649771127e-06,7.206139334760565e-06
panel99_rank,13,0.1608717641129534,4.6116116168004595e-06,0.00022074735916212407
panel99_rank,14,0.2721603749454804,2.731148640577885e-14,4.490333684136186e-11
panel99_rank,15,0.2358244932711212,1.0506928660447556e-11,5.191278163597684e-10
panel99_rank,16,0.2696410295777914,5.484501741648273e-14,1.063847159855611e-12
panel99_rank,17,0.21642842851995106,9.452372218277105e-10,5.546274388490668e-07
panel99_rank,18,0.21722583866552403,7.967597692726258e-10,6.059332497711765e-07
panel99_rank,19,0.23526489332225697,1.1398437749221557e-11,1.6225513117468783e-10
panel99_rank,20,0.10825317294731987,0.002375089994564261,0.0023499699124362216
panel99_rank,21,0.21315813400362674,2.249908037654791e-09,2.2303441683714466e-08
panel99_rank,22,0.16396119896228967,3.935297543611327e-06,4.704745150824556e-06
panel99_rank,23,0.18183821589588678,3.9546378993726705e-07,3.213782273904387e-06
panel99_rank,24,0.1665673230582995,9.35119963685338e-07,1.462737875478328e-06
panel99_rank,25,0.23296148202143646,2.9280800006858954e-11,1.5067494603144793e-11
panel99_rank,26,0.27082013847224023,1.021405182655144e-14,8.200152800056377e-09
panel99_rank,27,0.25687039206123335,9.57012247226885e-14,4.679255200501037e-16
panel99_rank,28,0.21957224621694427,3.131517267718209e-10,7.837535347184136e-06
panel99_rank,29,0.24397195008384365,8.502087922579449e-12,2.937949055404183e-08
panel99_rank,30,0.2659522773784985,2.4868995751603507e-14,3.124548921871175e-11
panel99_rank,31,0.22690402133422258,6.985967360151335e-11,8.448986228125148e-13
panel99_rank,32,0.07674785294240127,0.029957593342894384,0.014345088460707398
panel99_rank,33,0.1855162333815656,1.4167076445303906e-07,1.040592312106967e-05
panel99_rank,34,0.15869169826056645,6.944459020941096e-06,0.0013170641460990397
panel99_rank,35,0.05175006748538966,0.14858729754815747,0.3192558871555354
panel99_rank,36,0.2027303005280386,4.417456400673814e-09,8.430645309160884e-10
panel99_rank,37,0.22325951032199742,1.451525566409373e-10,1.826695915905881e-10
panel99_rank,38,0.21850087612579502,1.3223526718064704e-09,4.12907302329129e-08
panel99_rank,39,0.22879891409297187,5.0284443275927515e-11,1.3359839983021468e-10
panel99_rank,40,0.27973038057594,4.440892098500626e-16,6.847041553149066e-15
panel99_rank,41,0.06668590220381444,0.05890256159998164,0.30106857687448413
panel99_rank,42,0.19563241680540847,3.715432472795044e-08,1.0506993835112773e-09
panel99_rank,43,0.12322365555487906,0.00046609226896277,0.0004602496092291478
panel99_rank,44,0.11030931115141343,0.002224621019876416,0.008962902044291012
panel99_rank,45,0.22532229121957376,1.1125567134229186e-10,7.673940505100805e-09
panel99_rank,46,0.19959854501667637,1.2056890597023084e-08,4.4130777047993727e-07
panel99_rank,47,0.16568696924113027,2.897571791393716e-06,1.4871318649612544e-05
panel99_rank,48,0.2120924898462754,9.997613847900766e-10,9.476109363641424e-11
panel99_rank,49,0.22545837337703786,2.3776047797241517e-10,3.902902306822172e-08
panel99_rank,50,0.17713936610682995,2.5374600465255526e-07,4.686312083456447e-06
panel99_rank,51,0.2627518437657613,1.680877659282487e-13,1.3851137690130977e-13
panel99_rank,52,0.10768472141069303,0.0024029908337401817,0.006366485635900863
panel99_rank,53,0.21703890298809322,3.823830141413964e-10,2.087533242101331e-11
panel99_rank,54,0.1970117418577237,1.1992093318369257e-08,9.337688073348173e-08
panel99_rank,55,0.22018226250164136,2.5405233472497457e-10,8.000867512586828e-09
panel99_rank,56,0.2612914413654883,1.8474111129762605e-13,1.874386702896989e-09
panel99_rank,57,0.2383873687827776,2.0973223158193832e-11,6.180254471716354e-07
panel99_rank,58,0.13977018798848698,9.668298588927371e-05,0.0017277905181444847
panel99_rank,59,0.17969049403984252,3.78027296132899e-07,5.081546893024223e-06
panel99_rank,60,0.22787768951981874,1.1173839631339888e-10,1.43412276864849e-06
panel99_rank,61,0.2322923093931058,2.2716051262250403e-11,1.634823488757732e-10
panel99_rank,62,0.11644417986947192,0.0009639234787650608,0.002639237575820087
panel99_rank,63,0.21377426793887602,9.166172265651085e-10,1.0248095856423893e-09
panel99_rank,64,0.15993393182421473,4.71884914832188e-06,2.4657567832731213e-06
panel99_rank,65,0.19899089939369968,1.7639919747125532e-08,3.563228265375995e-08
panel99_rank,66,0.20741090223605851,2.1044173070805527e-09,1.9330748028522105e-10
panel99_rank,67,0.2227930807881394,9.316192262076584e-11,1.8270720009008174e-13
panel99_rank,68,0.19576300993508328,1.7121613904436117e-08,1.1950623939128105e-07
panel99_rank,69,0.27033469833122226,2.375877272697835e-14,2.734337083554453e-15
panel99_rank,70,0.1265470286074664,0.0003213388390903571,0.0014168541867772616
panel99_rank,71,0.2632321985132826,6.217248937900877e-14,6.365093180233287e-10
panel99_rank,72,0.08381742498829454,0.019285609269451776,0.02208077918864915
panel99_rank,73,0.2506749078749581,4.0323300254385686e-13,2.9809788043297926e-13
panel99_rank,74,0.20377065007078854,4.6578096934979385e-09,5.637431359758739e-09
panel99_rank,75,0.1983562969702864,1.7244975003549712e-08,2.020041701594277e-07
panel99_rank,76,0.21900639818372572,3.3750380268315894e-10,1.309277607411081e-07
panel99_rank,77,0.23181333037746754,3.689892835723185e-11,1.7969316157162096e-09
panel99_rank,78,0.20253927505035435,4.243013496108006e-09,3.6437319613628344e-07
panel99_rank,79,0.1690885880531876,1.6793578749840776e-06,3.5330644147330765e-06
panel99_rank,80,0.1911628107570063,5.2689777430003915e-08,2.2601716322453465e-06
panel99_rank,81,0.10841707495620015,0.0021755047344418355,0.024338592861215064
panel99_rank,82,0.2600391089726094,6.350475700855895e-14,2.0020337321741526e-12
panel99_rank,83,0.17815060202334868,4.919298854932919e-07,7.250282552264418e-06
panel99_rank,84,0.21100100458599205,2.7164805960211424e-09,3.3675097824728544e-07
panel99_rank,85,0.1428665394200523,4.409730747867435e-05,6.172397077828315e-05
panel99_rank,86,0.11604815996526716,0.0009115769701111276,0.01016177810683652
panel99_rank,87,0.21317874695131356,6.102818250752762e-10,4.604913482254004e-11
panel99_rank,88,0.21041632216817835,1.6584054129964443e-09,6.129528246945517e-10
panel99_rank,89,0.2353432819833854,1.0380585280245214e-11,1.1526881145672702e-11
panel99_rank,90,0.22831903788438207,6.068412439219628e-11,3.4370489403775154e-11
panel99_rank,91,0.19859534876883914,1.2074152122565351e-08,8.794481924020389e-10
panel99_rank,92,0.23293324603802384,1.974309604690916e-11,6.84809411463478e-10
panel99_rank,93,0.2096066639530771,4.258041474969332e-09,9.189315500325823e-08
panel99_rank,94,0.2089997196252663,1.744557165395122e-09,3.572164971948927e-08
panel99_rank,95,0.18055043873239962,3.0372848081050563e-07,6.20706744657083e-05
panel99_rank,96,0.14185812856920602,4.6393112342446585e-05,0.00012119508180361674
panel99_rank,97,0.14624519364518457,2.1254344399590508e-05,2.308323286168659e-06
panel99_rank,98,0.20398644017484038,3.3100076013425905e-09,2.796389573579536e-09
panel99_rank,99,0.2318929414683561,1.1953638079376105e-10,1.5718215068093097e-06
panel99_rank,100,0.08758361785364953,0.013241922454371613,0.0437619445036913
panel99_rank,101,0.17416934241405688,8.243539970642644e-07,2.664556554607198e-06
panel99_rank,102,0.11968279974453615,0.0006280035212471446,1.3353214572995842e-05
panel99_rank,103,0.17936566452948097,5.340263953268476e-07,3.33354475589585e-06
panel99_rank,104,0.2651181926267915,2.7977620220553945e-14,1.7928008572800825e-13
panel99_rank,105,0.2502184617263784,1.1122214260694818e-12,1.6480924850833898e-11
panel99_rank,106,0.23886152991643822,1.0114797888149951e-11,1.1671652168177514e-11
panel99_rank,107,0.21206654032120573,6.322202761310791e-10,2.3441189545979745e-09
panel99_rank,108,0.232108430804921,1.5122791907629107e-11,1.180115903502199e-10
panel99_rank,109,0.18911697175015232,6.331674451409697e-08,1.4323404254102981e-06
panel99_rank,110,0.1760354582827036,5.629935118101059e-07,5.8988596016181476e-06
panel99_rank,111,0.23685672361496707,1.8264945111923225e-11,3.244960514892072e-10
panel99_rank,112,0.2651854735302901,1.254552017826427e-13,3.981409045822188e-09
panel99_rank,113,0.08268227626248711,0.018450213045679176,0.04275753584483312
panel99_rank,114,0.1909631575108325,6.566123178508576e-08,1.246243894765138e-06
panel99_rank,115,0.16119202443164035,5.725631478270543e-06,0.0004130200409115801
panel99_rank,116,0.1664699766918296,1.8496584839322594e-06,6.328315190305851e-07
panel99_rank,117,0.20565588237868365,8.449315025416126e-09,4.350584557705382e-05
panel99_rank,118,0.26284577971519524,2.042810365310288e-14,1.3619430867576456e-13
panel99_rank,119,0.17158670101615123,1.1490542788372693e-06,8.027779313016173e-06
panel99_rank,120,0.254835569288678,5.688782778179302e-13,3.9348848242838165e-11
panel99_rank,121,0.13306373141208827,0.00018825645194064933,0.0038360014537275524
panel99_rank,122,0.13366323778075864,0.00015138425670446765,8.3194543136536e-05
panel99_rank,123,0.22920651089088606,8.145750740595759e-11,2.7632179795755285e-09
panel99_rank,124,0.24067575777742556,8.347100788341777e-12,3.844030466662435e-11
panel99_rank,125,0.14539707849757094,3.607785057790913e-05,5.939945710632722e-05
panel99_rank,126,0.21433138129172433,5.292370985898742e-10,9.956675575609854e-10
panel99_rank,127,0.2564310254089031,2.349231920106831e-13,3.0100107435167533e-13
panel99_rank,128,0.26014067515643885,2.1582735598713043e-13,4.229957168615232e-12
panel99_rank,129,0.2503783979613298,1.4139800441625994e-12,1.2229026811572209e-13
panel99_rank,130,0.21676503544259956,5.9007088104579e-10,7.235916391149627e-09
panel99_rank,131,0.27414026840872735,1.9761969838327786e-14,3.3999410475699267e-12
panel99_rank,132,0.3118303010287483,0.0,5.574483920452603e-12
panel99_rank,133,0.2519864733140542,6.306066779870889e-13,7.528699931074125e-12
panel99_rank,134,0.23064828108211405,7.74471597964066e-11,1.3117916947989598e-07
panel99_rank,135,0.1938516574074505,4.207089521202079e-08,6.907815930355697e-08
panel99_rank,136,0.24705375487339987,1.1664003096711895e-12,3.743388593902181e-12
panel99_rank,137,0.17464891388522044,8.524235561857552e-07,1.732659882216785e-07
panel99_rank,138,0.17171535784024503,8.061238245815616e-07,1.1144892972692278e-07
panel99_rank,139,0.15672390530482302,9.099999678463533e-06,6.660342042066986e-05
panel99_rank,140,0.15832141001185052,8.982389826828197e-06,0.0007327587390780739
panel99_rank,141,0.08321428961503763,0.020269356888265477,0.11833362158137133
panel99_rank,142,0.25385959862454943,6.636913241209186e-13,3.7322560092478564e-12
panel99_rank,143,0.20607116392879588,3.4947165161725025e-09,2.081698682385638e-09
panel99_rank,144,0.2744689304558904,9.769962616701378e-15,2.4495473193878216e-09
panel99_rank,145,0.20107977205030456,6.320887813160425e-09,8.780461152626114e-08
panel99_rank,146,0.20105368865778905,9.178957594002668e-09,6.248549230075231e-07
panel99_rank,147,0.19672246440443253,1.9465633549486938e-08,1.5295289964988617e-08
panel99_rank,148,0.19221141977258327,8.51618870978399e-08,6.504682354746545e-05
panel99_rank,149,0.23729324743965402,3.894173872254214e-11,4.1867778308516937e-10
panel99_rank,150,0.06888179580309273,0.05195565425368964,0.14351280697632526
panel99_rank,151,0.20158056972555757,6.446341460630833e-09,7.168511777312094e-07
panel99_rank,152,0.18385133727634137,5.883310594256841e-08,2.4154436813661665e-08
panel99_rank,153,0.22816103080110042,1.013829020735102e-10,1.735563913273286e-08
panel99_rank,154,0.24674529328927525,1.2961187678683928e-11,1.5736483721295417e-08
panel99_rank,155,0.22843977650027725,1.1683276568419387e-10,2.283674089735039e-05
panel99_rank,156,0.22716515557308398,9.628453589982655e-11,5.914738772963965e-11
panel99_rank,157,0.25100331806517207,4.1300296516055823e-13,1.060964660712535e-12
panel99_rank,158,0.2569218629205527,5.511147094239277e-13,4.146969725283915e-12
panel99_rank,159,0.06773717336376983,0.05704689040528632,0.13987909142919647
panel99_rank,160,0.23698200345831913,1.951772077291025e-12,2.3696110351476344e-13
panel99_rank,161,0.23348889803587722,3.117839320054827e-11,2.2808826725940477e-09
panel99_rank,162,0.17190471248392433,9.523505168917978e-07,5.052548533895865e-06
panel99_rank,163,0.22327320726239544,1.704696384052795e-10,1.4703452463652273e-11
panel99_rank,164,0.1680444519107037,2.305187860374147e-06,0.00018693578193008372
panel99_rank,165,0.2145171655430396,7.023335246714169e-10,1.5458470302766445e-07
panel99_rank,166,0.22333628021425175,1.6001133751331054e-10,1.355634596456029e-07
panel99_rank,167,0.05727993822550253,0.11095722852949286,0.1485403712550594
panel99_rank,168,0.1434541810198395,4.692858711030645e-05,3.243494096223924e-05
panel99_rank,169,0.15157492068782805,1.3601199580604018e-05,2.3554968239385028e-08
panel99_rank,170,0.16258950257800472,3.776093143725845e-06,1.1560300955915376e-06
panel99_rank,171,0.18870929419427315,5.598458030497966e-08,4.656460234941809e-09
panel99_rank,172,0.22199929940436886,1.9726975608591601e-10,1.500398279082818e-10
panel99_rank,173,0.19069067253292665,4.473798353998859e-08,2.1782701059819086e-08
panel99_rank,174,0.19167476984452309,3.0637918202458536e-08,1.050691994754352e-07
panel99_rank,175,0.20235251814409794,1.8383542244038154e-08,7.90031381648661e-07
panel99_rank,176,0.19206707827507807,2.470574034241224e-08,1.119452951283572e-06
panel99_rank,177,0.21911981965811606,4.917222184985803e-10,1.919259637056826e-09
panel99_rank,178,0.26237077994965236,4.241051954068098e-14,1.4785285940514e-12
panel99_rank,179,0.20016112063792652,1.2040817232161771e-08,1.0794249588360534e-07
panel99_rank,180,0.25918229859320274,9.92317339409965e-13,2.084628213842373e-09
panel99_rank,181,0.20560956843698378,4.613069926051594e-09,3.664143774574934e-10
panel99_rank,182,0.25129491542217725,1.5349943538467414e-12,8.94076180591236e-11
panel99_rank,183,0.1348861333752332,0.00011078143017928532,8.026877074524214e-05
panel99_rank,184,0.14710085712384102,3.3453794948901105e-05,0.0007452883512395725
panel99_rank,185,0.19372211660117242,3.6145211046445525e-08,1.6500068897024224e-07
panel99_rank,186,0.19530269955240323,2.01938974431215e-08,1.6694064926760037e-08
panel99_rank,187,0.11863061183947479,0.0006208327168275574,6.36850061487338e-06
panel99_rank,188,0.2692229235307419,6.150635556423367e-14,1.7122745300946924e-11
panel99_rank,189,0.20956747510096874,2.933480347522277e-09,2.7425125424160013e-08
panel99_rank,190,0.24318987858906213,6.682876474428667e-12,9.891685421855554e-13
panel99_rank,191,0.1918532291475314,2.911276841821575e-08,7.606594855467151e-10
panel99_rank,192,0.14478757139485132,3.352794183886232e-05,0.00019882401347168807
panel99_rank,193,0.2008109089682616,9.680858115146407e-09,4.149148500364685e-08
panel99_rank,194,0.1790575232805723,3.401592041374357e-07,0.00017722810681433367
panel99_rank,195,0.12551428641703113,0.00033342177271067364,0.0006993203841785508
panel99_rank,196,0.2626233902075777,7.882583474838611e-14,4.485959195666252e-09
panel99_rank,197,0.21878573974499732,4.87564877360569e-10,3.3496351421002185e-09
panel99_rank,198,0.22207498372767925,1.095394885908263e-10,6.536423898565987e-08
panel99_rank,199,0.22302707819686607,2.6558844012924965e-10,3.0162056232740237e-09
panel99_rank,200,0.22600196096462866,1.0244538550807647e-10,5.311526523640107e-08
panel99_rank,201,0.19856822502938912,2.2486021267198453e-08,2.0806617122591115e-06
panel99_rank,202,0.22247607867431787,2.870612636485248e-10,1.5045115250820022e-08
panel99_rank,203,0.13257605103144474,0.0001523351127565853,0.003783736882881671
panel99_rank,204,0.18916765635533814,8.609143375970518e-08,1.6292130667343659e-06
panel99_rank,205,0.24296430838412156,7.2239991766309686e-12,7.794487274705028e-11
panel99_rank,206,0.18613990716204973,8.340070145607115e-08,2.7687401603075616e-07
panel99_rank,207,0.2802379252018689,2.886579864025407e-15,3.184603526134009e-12
panel99_rank,208,0.171376789259886,1.1182102042095465e-06,0.0026534903066082137
panel99_rank,209,0.11636078760313312,0.0007861135443090195,0.0005496427019225747
panel99_rank,210,0.2838520264788544,8.881784197001252e-16,4.784222066924482e-10
panel99_rank,211,0.13427820530343898,0.0001245405867671412,3.419800499873117e-05
panel99_rank,212,0.2292056488289627,3.856270858193511e-11,4.395749538929799e-12
panel99_rank,213,0.17363954018011712,8.837909089010054e-07,3.5778379823377504e-07
panel99_rank,214,0.18687331474730223,6.297001209354391e-08,1.399758469218655e-07
panel99_rank,215,0.1689036804195069,1.5945400397843201e-06,1.0414301329622173e-07
panel99_rank,216,0.20289635992637006,5.3542603684064716e-09,7.639073590274677e-09
panel99_rank,217,0.1812731360264422,2.1368012492750665e-07,1.6318703484230502e-06
panel99_rank,218,0.23773820136041307,2.049382885616069e-11,9.934574750975168e-08
panel99_rank,219,0.12930422364984812,0.00017138591121867996,0.00024782407346197707
panel99_rank,220,0.23650506169415011,4.086797567026679e-11,4.182393730990544e-09
panel99_rank,221,0.21500905319965086,1.7318615430639284e-09,5.8157623968766953e-08
panel99_rank,222,0.23122681622298386,3.155520289510605e-11,7.28672652035667e-10
panel99_rank,223,0.24619590404500727,3.8336001040306655e-12,4.663710786702816e-11
panel99_rank,224,0.22712607906477544,2.1396351357338972e-10,3.417395456864925e-07
panel99_rank,225,0.20840760244761333,3.9124883333130356e-09,1.9428289157850017e-09
panel99_rank,226,0.21314092773922347,2.4239870111131268e-09,2.4092327848058134e-07
panel99_rank,227,0.13159784155356158,0.00023859395988035104,0.001346556659294912
panel99_rank,228,0.1525216764135555,1.1783582227753442e-05,8.460989151711001e-07
panel99_rank,229,0.1867642373276409,7.952296776636558e-08,3.964052190416566e-06
panel99_rank,230,0.211283482127745,1.197118626450333e-09,6.078278666261744e-09
panel99_rank,231,0.24892287085669051,2.2097879082139116e-12,1.7013106524773223e-08
panel99_rank,232,0.248915624423438,4.1233683134578314e-13,1.0420255200302378e-10
panel99_rank,233,0.1503843132234827,1.864791374162067e-05,0.0001245805701509737
panel99_rank,234,0.1735260272590004,4.0911747212213356e-07,1.9879229187439057e-07
panel99_rank,235,0.14392939470462518,3.5735802591085886e-05,7.754850527535163e-05
panel99_rank,236,0.1870726993985376,1.0918726012221214e-07,5.673583119929763e-06
panel99_rank,237,0.1924551055670177,2.231827544996179e-08,6.462023016417211e-09
panel99_rank,238,0.22068716581791706,1.0094125535431431e-10,1.7809536694307804e-09
panel99_rank,239,0.2265435673255058,1.9081425328693058e-10,7.618526345525955e-10
panel99_rank,240,0.21995406919803262,3.862807851362504e-10,3.0744092831779684e-09
panel99_rank,241,0.19475311516529745,2.7330261165303682e-08,6.24370414718404e-07
panel99_rank,242,0.2238272486677756,4.634741479492277e-10,1.4914433718830277e-06
panel99_rank,243,0.2722395937108493,1.199040866595169e-14,9.827861628387979e-12
panel99_rank,244,0.2690733073826264,9.769962616701378e-15,4.562119150208062e-12
panel99_rank,245,0.18150397057279055,1.7251680017871251e-07,3.443207597810713e-06
panel99_rank,246,0.22403148790531985,2.620583750001515e-10,2.336134839132254e-06
panel99_rank,247,0.1279664921686829,0.0003416973802554679,0.006594106285689252
panel99_rank,248,0.2005729579066532,1.998027743255193e-08,5.40962041894632e-05
panel99_rank,249,0.24215046211196262,3.1894487051431497e-12,6.687855735606922e-11
panel99_rank,250,0.2037600091631407,8.57747939342346e-09,1.9469801930296816e-08
panel99_rank,251,0.11284654419223268,0.0014679522449658755,0.0035643178448342273
panel99_rank,252,0.2429404512472676,6.295630683439413e-12,5.440771089199492e-11
panel99_rank,253,0.13023072749680445,0.00027603455839431135,0.00256864441778221
panel99_rank,254,0.2289703175017276,1.0753176127309416e-10,1.1665928669036665e-10
panel99_rank,255,0.19008742399575307,1.0590799082166313e-07,5.791010438755296e-05
panel99_rank,256,0.1245078167093484,0.0004378570289120809,0.001811771023581152
panel99_rank,257,0.24622436757358718,6.59428067706358e-12,2.4134758010722267e-12
panel99_rank,258,0.22790981884509345,4.466049752238632e-11,8.174938414594577e-11
panel99_rank,259,0.13045752144057385,0.0002919574076973852,0.0008705958992398816
panel99_rank,260,0.1754528516328285,7.032266788886687e-07,3.1403006777207764e-06
panel99_rank,261,0.17093502569804023,1.6477861355390644e-06,0.0002316350999513436
panel99_rank,262,0.2577224598838651,2.3869795029440866e-13,1.6314720168552211e-12
panel99_rank,263,0.2175614567251532,1.0477465561820054e-09,1.2968772264990221e-08
panel99_rank,264,0.2307823087779189,4.1390446625655386e-11,2.5897780730864234e-10
panel99_rank,265,0.180829350782018,2.877603904050119e-07,0.0003329554685875542
panel99_rank,266,0.19796378737625592,1.2586486963783727e-08,3.914230723399705e-09
panel99_rank,267,0.18040178373022886,6.154163350036157e-07,8.366872914242459e-05
panel99_rank,268,0.2440792760451689,3.0542235407438056e-12,1.0830120415489289e-10
panel99_rank,269,0.23262871442188757,5.1981308146764604e-11,3.089194935974498e-07
panel99_rank,270,0.28024107811827836,3.774758283725532e-15,4.5795025969414206e-11
panel99_rank,271,0.1483083951018789,2.3751446995845527e-05,6.0184521818481395e-05
panel99_rank,272,0.19658508922002335,9.446454285466643e-09,2.408263497977252e-09
panel99_rank,273,0.13643442528584826,0.00012668603573717796,0.0017462590947914167
panel99_rank,274,0.24928056101182602,7.631673071273326e-13,1.4307985385442213e-12
panel99_rank,275,0.16487382638144427,2.5218397403659054e-06,1.9232220041418552e-05
panel99_rank,276,0.21005820534433814,1.2381626834923054e-09,2.7739649549844962e-08
panel99_rank,277,0.25183631132539663,1.5094592242803628e-12,2.7858349995871087e-09
panel99_rank,278,0.13529413919519379,9.705661965631052e-05,1.2636630631636337e-05
panel99_rank,279,0.1293782009369452,0.00033115615685730404,0.0015395520008893286
panel99_rank,280,0.21861267329077141,3.110678381545995e-10,8.720792769216481e-10
panel99_rank,281,0.21285953213132822,9.438954062801486e-10,3.5069979927131577e-09
panel99_rank,282,0.15152851374447743,1.286241754705486e-05,2.2741147973651295e-07
panel99_rank,283,0.20303684842588632,8.674975626732362e-09,4.618721345191403e-06
panel99_rank,284,0.21554961809430684,7.732530171722374e-10,1.0655753442428162e-05
panel99_rank,285,0.18838989741985857,2.9421312497390772e-08,2.1887636170652726e-09
panel99_rank,286,0.1610645904382415,4.805592425327632e-06,6.207990735949095e-05
panel99_rank,287,0.2262507876471876,9.686784707696461e-11,3.1952687360892315e-10
panel99_rank,288,0.23866194084193176,1.287392414894839e-11,2.30292293077536e-08
panel99_rank,289,0.17603495030205826,8.960153514703251e-07,9.130947535627123e-06
panel99_rank,290,0.13138107616766564,0.00016804181421026243,0.00021720700441943885
panel99_rank,291,0.16553651034875502,2.2415625715588305e-06,7.612917839546191e-07
panel99_rank,292,0.16874599047177866,1.1967137567570063e-06,2.0125529823744544e-05
panel99_rank,293,0.15001357936100196,1.4417521096987684e-05,7.480698365062307e-06
panel99_rank,294,0.22554888033410073,1.396112114804282e-10,1.7520637674735918e-09
panel99_rank,295,0.14190325936063358,8.165395854775603e-05,0.001138025668898883
panel99_rank,296,0.17820707925581952,2.452516927320403e-07,5.196554042443321e-06
panel99_rank,297,0.213735801762595,6.333080726506068e-10,2.6496741280767043e-07
panel99_rank,298,0.2779545345836501,4.218847493575595e-15,3.2187795852864486e-13
panel99_rank,299,0.15658347254442034,1.1332759989102215e-05,0.0005204047357946907
panel99_rank,300,0.2072226040698621,4.082003624006347e-09,9.717278638369585e-07
panel99_rank,301,0.17267483103831188,1.0309372635575187e-06,1.0300154187519951e-06
panel99_rank,302,0.176806639575796,3.125863472508428e-07,6.479688102474666e-07
panel99_rank,303,0.2410470063076795,5.318190332559425e-12,2.2900595529502547e-08
panel99_rank,304,0.2555381217243729,9.607870055106105e-13,9.321659365813733e-09
panel99_rank,305,0.247052343962887,6.541434061091422e-13,9.463590508874627e-12
panel99_rank,306,0.20551363764001934,3.2620106615866007e-09,1.6216220167122037e-08
panel99_rank,307,0.22030457041146795,3.751920996108993e-10,1.3813920958377157e-07
panel99_rank,308,0.2254231522879616,3.5286418231805783e-10,5.4572942892473376e-08
panel99_rank,309,0.145266962362695,4.402009054538247e-05,3.1492293918642284e-06
panel99_rank,310,0.24216963173091965,4.39959180198457e-12,5.0215129019263765e-11
panel99_rank,311,0.22339558633938608,3.038136409116987e-10,1.8977000563538594e-07
panel99_rank,312,0.20650223667633447,6.3067320255072445e-09,4.0149156319325433e-08
panel99_rank,313,0.2437364591111862,5.5848659030743875e-12,2.55356870365749e-09
panel99_rank,314,0.19728579612180777,1.5982301704298152e-08,1.7838758491027687e-09
panel99_rank,315,0.25633408334403546,3.6126657221302594e-13,1.3910808325054934e-09
panel99_rank,316,0.14199472213460518,7.074742446167015e-05,0.0009658800498211268
panel99_rank,317,0.21205942617721316,1.114593084494686e-09,1.8543074533019387e-09
panel99_rank,318,0.23070414601699393,3.030109496648947e-11,8.664402179885934e-10
panel99_rank,319,0.2598588118939825,1.156852391659413e-13,9.349700811269369e-12
panel99_rank,320,0.14415420951393887,4.113761434521024e-05,0.0002757943795475133
panel99_rank,321,0.1671193834521309,2.4048099518392263e-06,3.279872943516722e-05
panel99_rank,322,0.18350121944467132,1.2010764804948337e-07,8.998950383582923e-08
panel99_rank,323,0.22508192118898473,1.8973178583792105e-10,7.120068291688218e-08
panel99_rank,324,0.24580170887961705,4.631184324921378e-12,2.3748968687836796e-10
panel99_rank,325,0.1907699401055595,3.600811027126838e-08,1.1669448020242553e-10
panel99_rank,326,0.22742552379141148,6.832800991674048e-11,1.5237681917829803e-10
panel99_rank,327,0.24735505455894777,3.2098768087962526e-12,1.6113760462514545e-09
panel99_rank,328,0.2006261722431302,1.2565130713682038e-08,7.43626095113584e-08
panel99_rank,329,0.11670954801420359,0.0009487778525836266,0.0038583206252554287
panel99_rank,330,0.21872424695550408,4.768496708607017e-10,1.8249934090840451e-09
panel99_rank,331,0.111792536813571,0.0014568372549257358,0.00026338062270599025
panel99_rank,332,0.11220198461890571,0.001362084413040865,3.180518480369933e-05
panel99_rank,333,0.120335285950812,0.0005462016341022391,0.0003637406823845103
panel99_rank,334,0.28730567592168477,2.220446049250313e-16,1.2871697848955394e-14
panel99_rank,335,0.22392805544523414,1.1268341815195981e-10,4.450580435155884e-11
panel99_rank,336,0.1756100460259817,3.4336752041674856e-07,7.349637570328566e-07
panel99_rank,337,0.24673552026363613,3.9892533720831125e-12,3.444605938585178e-10
panel99_rank,338,0.21832916662401877,1.1422440771013953e-09,1.371548303185604e-05
panel99_rank,339,0.24338252559478865,1.2210232824827472e-12,3.995532804618296e-13
panel99_rank,340,0.21809533329984526,3.7994851709299837e-10,3.3067515477455677e-09
panel99_rank,341,0.15762206714574079,5.828998173251776e-06,1.3554764079406085e-05
panel99_rank,342,0.14054946927166917,7.275070698642416e-05,0.0025493757114544487
panel99_rank,343,0.181419273997166,2.6316277201843263e-07,1.131625033348018e-05
panel99_rank,344,0.23953654762979198,2.042321867179453e-11,9.279252171373287e-13
panel99_rank,345,0.22228640190496873,1.637614488458894e-10,4.785010288470925e-07
panel99_rank,346,0.20190294032114764,1.0374668901746986e-08,3.508771117099067e-08
panel99_rank,347,0.21281905673240722,1.2208773991773114e-09,1.5762782156935186e-07
panel99_rank,348,0.18818171323056995,5.0232384696258237e-08,1.0488965506581543e-07
panel99_rank,349,0.16996372957287492,6.9611171538142e-07,3.916861571865758e-06
panel99_rank,350,0.24981292703349173,4.367617378875366e-12,1.6425624600430446e-09
panel99_rank,351,0.16221461985571262,2.369740094154693e-06,5.760131443898445e-06
panel99_rank,352,0.25265133083528213,5.921929613350585e-13,8.19740732193902e-12
panel99_rank,353,0.24762670887549648,5.383693491012309e-12,1.795027470357359e-09
panel99_rank,354,0.17212685832247018,9.197270538496838e-07,4.5028541958707665e-05
panel99_rank,355,0.26303408107819415,4.418687638008123e-14,7.228408292283074e-11
panel99_rank,356,0.13151243625835551,0.00023473507376237102,0.023421036509025123
panel99_rank,357,0.18465847200162247,1.2666846194164805e-07,8.752866831294959e-07
panel99_rank,358,0.18878507667209646,1.2198451404543675e-07,6.525975914353031e-07
panel99_rank,359,0.19491345856847714,1.43053930923287e-08,4.889062301621015e-08
panel99_rank,360,0.16568436282121835,1.6872253922883829e-06,3.5566286337370364e-06
panel99_rank,361,0.19624230767022188,9.658882738072805e-08,7.529693519977453e-06
panel99_rank,362,0.19742769360946338,1.6876248176700415e-08,2.473573106056626e-06
panel99_rank,363,0.22234138493939337,2.613123051276034e-10,4.116758461268625e-11
panel99_rank,364,0.20264295599019963,7.643394583922714e-09,1.2664608731077888e-09
panel99_rank,365,0.21195218949209607,1.1495717711085263e-09,6.019572702559598e-07
panel99_rank,366,0.2836945669754416,6.661338147750939e-16,1.4038835526493693e-12
panel99_rank,367,0.2280162205354024,5.945888226221996e-11,1.4971786788577346e-09
panel99_rank,368,0.24637623702674444,1.127276050283399e-11,6.756247460799866e-09
panel99_rank,369,0.24245721386285854,7.851497230149107e-12,1.5411592231745239e-09
panel99_rank,370,0.23520245376637336,2.400413201542051e-11,6.054202709785826e-09
panel99_rank,371,0.14601593181016803,3.400576172918335e-05,4.490600264815365e-05
panel99_rank,372,0.2708791076896956,1.6209256159527285e-14,1.7803461793964797e-11
panel99_rank,373,0.1454298082925336,5.266104683254724e-05,0.0009820671103620143
panel99_rank,374,0.2725947331747341,5.773159728050814e-15,4.351556182504075e-16
panel99_rank,375,0.07569695826529668,0.03458060568595389,0.5451294858362022
panel99_rank,376,0.23143445885362893,2.7407853764316314e-11,1.0031776593738641e-09
panel99_rank,377,0.14939774872263129,2.145190530966623e-05,0.0001124236424725283
panel99_rank,378,0.1974674463196477,3.262889958222104e-08,0.00037527563022730014
panel99_rank,379,0.20774964348337752,7.973663729288205e-09,2.2847378348770775e-07
panel99_rank,380,0.16620197893339553,2.507345680413664e-06,5.6686432806419914e-05
panel99_rank,381,0.16074049601421667,7.054335620759744e-06,5.720437486096345e-05
panel99_rank,382,0.1973470321570039,1.0409976658465325e-08,1.6423364429779972e-10
panel99_rank,383,0.24369750073011337,9.034106795979824e-12,1.3193568231973385e-08
panel99_rank,384,0.2135268442900784,1.0897009961041704e-09,3.58531288114538e-07
panel99_rank,385,0.2048058681184018,8.161195053091319e-09,1.0929780140946839e-08
panel99_rank,386,0.25123651056309676,8.182343691487404e-13,4.542801245504542e-10
panel99_rank,387,0.22119297971670118,2.6410718056979476e-10,2.894852389685713e-10
panel99_rank,388,0.16733550670562905,2.7097690256105977e-06,0.0002411385996473631
panel99_rank,389,0.1762396747669528,5.455625824435373e-07,1.5535337311003665e-06
panel99_rank,390,0.17244581961017397,1.2407875462638884e-06,6.268723932411337e-05
panel99_rank,391,0.19071973024316816,6.666611795935751e-08,7.031726250691925e-07
panel99_rank,392,0.10019892175573158,0.005001519611432359,0.0016737092984855984
panel99_rank,393,0.2595467251313724,7.149836278586008e-14,1.3563181494428707e-09
panel99_rank,394,0.16100073159897874,6.831853503808105e-06,5.936724522740496e-05
panel99_rank,395,0.23594114969314295,1.0300871267077127e-11,1.3785488143159036e-10
panel99_rank,396,0.00459600564315378,0.896600620957609,0.6472071387526688
panel99_rank,397,0.15307861330233893,7.327576451610085e-06,2.5996452981143226e-06
panel99_rank,398,0.18641903348259004,9.243824794502586e-08,3.16472755928189e-07
panel99_rank,399,0.24123408690088782,2.645172969550913e-11,5.551207805961759e-10
panel99_rank,400,0.21358924428807585,1.553989603664263e-09,5.187319922716426e-08
panel99_rank,401,0.11782032788975942,0.0010728267056143714,0.002558724558965983
panel99_rank,402,0.2059895171234701,3.682581350972214e-09,3.585290545841496e-08
panel99_rank,403,0.22027857896935532,3.051316976865337e-10,6.55680957176205e-10
panel99_rank,404,0.1997727049428615,8.002800200301863e-09,1.0324485164350533e-08
panel99_rank,405,0.19669386665557276,1.0833088204265096e-08,1.2533415245141513e-09
panel99_rank,406,0.1849365373629523,1.4353858102111872e-07,3.8528280897544104e-05
panel99_rank,407,0.09353353405277014,0.008496145104921027,0.17839271633460987
panel99_rank,408,0.1510936259820683,1.0153374862875708e-05,0.00021307830828852736
panel99_rank,409,0.27792568312715543,1.7541523789077473e-14,5.470000910179275e-12
panel99_rank,410,0.1658805336861877,2.3829339155234663e-06,4.093092503867274e-06
panel99_rank,411,0.17816286788397684,5.630434452008615e-07,0.00012137853778362399
panel99_rank,412,0.17856015738446399,3.913638553232346e-07,9.316857556653084e-08
panel99_rank,413,0.15445612857521326,1.2224904310853546e-05,0.00016270948185964388
panel99_rank,414,0.1406596379992214,8.299860813854032e-05,0.0011183570875863459
panel99_rank,415,0.20687805187478195,6.747549852192947e-09,7.109165052797441e-07
panel99_rank,416,0.20677450302743944,1.1946902800374914e-08,6.328333760512441e-06
panel99_rank,417,0.18932530875182774,4.699911526628853e-08,1.223174699884082e-09
panel99_rank,418,0.24391131453154422,3.843148022042442e-12,8.764150804198434e-10
panel99_rank,419,0.21984130983180597,5.147346993084057e-10,1.7604297123223205e-08
panel99_rank,420,0.1603577959528856,4.070715379889123e-06,2.895724602974003e-07
panel99_rank,421,0.22987180009208688,9.844192128127816e-11,4.1477157531042497e-07
panel99_rank,422,0.2722554681401517,7.30526750203353e-14,2.550932713619371e-08
panel99_rank,423,0.20355910852735631,4.8040917910441294e-09,8.423171383520121e-10
panel99_rank,424,0.17281682645075958,1.036202545989795e-06,0.00021374924405164318
panel99_rank,425,0.23335599164788268,1.234434776620219e-11,3.894158957032392e-11
panel99_rank,426,0.22120325876245533,4.195865876965854e-10,4.1853944947840874e-08
panel99_rank,427,0.2491445937424479,6.827871601444713e-13,1.920986620979983e-13
panel99_rank,428,0.16831695440765743,1.8119285778439576e-06,9.159536686533258e-05
panel99_rank,429,0.19309664858533193,5.774891942422755e-08,2.4807132612839254e-06
panel99_rank,430,0.25909828367171955,1.9406698470447736e-13,2.503536571901206e-09
panel99_rank,431,0.23932440861356719,1.745492639315671e-11,8.606886898661815e-10
panel99_rank,432,0.2252883729444209,7.314349126374964e-11,8.996318699240564e-10
panel99_rank,433,0.15915967115464125,4.707201422649021e-06,3.210064043969997e-05
panel99_rank,434,0.26718202195439383,2.3314683517128287e-14,5.37616479862878e-12
panel99_rank,435,0.15695458568739154,6.413150924977629e-06,0.00047285560034126335
panel99_rank,436,0.20483980924289433,9.744943074707635e-09,1.5369113857340144e-06
panel99_rank,437,0.2711071509284176,1.4210854715202004e-14,1.3900260229655469e-13
panel99_rank,438,0.181861452095021,2.3596414067128535e-07,3.089638178871722e-05
panel99_rank,439,0.18235345734647404,1.1400592692112355e-07,2.8288326595985315e-09
panel99_rank,440,0.18730147441704906,1.1165562696646703e-07,9.571772507958908e-09
panel99_rank,441,0.19458284134290194,1.4023974204135925e-08,3.403992801088556e-10
panel99_rank,442,0.23777551097578867,1.833266871642536e-11,7.151308976554067e-10
panel99_rank,443,0.20184316304124944,1.0344555878560868e-08,3.024825291646637e-06
panel99_rank,444,0.2253231977290083,2.866960002734231e-10,2.3992151185529748e-08
panel99_rank,445,0.2003623312382265,1.6156201487760313e-08,6.186782362967836e-09
panel99_rank,446,0.26258464251060115,1.1457501614131615e-13,2.1359507272285205e-11
panel99_rank,447,0.182010983392535,3.384432762931766e-07,7.966457878766601e-07
panel99_rank,448,0.17771838011759086,5.235397884106874e-07,0.0004603381620801343
panel99_rank,449,0.24317900161474984,1.2806644633656106e-11,2.350772193090869e-06
panel99_rank,450,0.14228088062352776,6.175980624334443e-05,0.013504695796667502
panel99_rank,451,0.1440129748664207,4.2123913609470875e-05,0.0012386602336339617
panel99_rank,452,0.2239995469275827,2.0573898140696656e-10,8.759918616226901e-10
panel99_rank,453,0.19582583013188912,2.6354951998541765e-08,2.317808016605128e-07
panel99_rank,454,0.14131527147319567,7.700774110386277e-05,0.0002826587549356478
panel99_rank,455,0.25465972996704656,4.602984660095899e-13,1.9076106713222226e-10
panel99_rank,456,0.19646122553755993,3.609400467396995e-08,4.864206599808766e-07
panel99_rank,457,0.25588219705308207,2.866595849582154e-13,6.175479145050971e-10
panel99_rank,458,0.21166525088952193,1.6002426050931717e-09,1.2843471050166072e-07
panel99_rank,459,0.19381986453237332,3.368319712038215e-08,4.654519095733954e-06
panel99_rank,460,0.19661440270311067,1.779040581517677e-08,1.342784544831424e-06
panel99_rank,461,0.18073072402725618,4.750669124753415e-07,7.487033911529949e-05
panel99_rank,462,0.16173489262322235,4.565390615773879e-06,2.2362137026014977e-07
panel99_rank,463,0.206593442030261,3.071993104342141e-09,1.101938364178374e-08
panel99_rank,464,0.2385007281659375,2.291544731747308e-11,5.374738791355842e-07
panel99_rank,465,0.20208745760613503,2.7403336266829115e-08,6.323483040768724e-07
panel99_rank,466,0.1853474043514113,1.1763681850851526e-07,6.455697246508323e-05
panel99_rank,467,0.23869598335046024,3.076738863683204e-11,1.0201310949264886e-06
panel99_rank,468,0.22857798165909127,1.6894885490614797e-10,1.7233269790409982e-08
panel99_rank,469,0.0760049556698307,0.031424866936288876,0.04274133265483293
panel99_rank,470,0.21085222628373157,1.6824093229672599e-09,2.5942488353228892e-09
panel99_rank,471,0.16540609451610067,2.4490215593253595e-06,7.47643224459873e-06
panel99_rank,472,0.20198507922968154,2.275059252099254e-09,1.1375791644973044e-09
panel99_rank,473,0.20775715339769185,4.121704755277733e-09,1.0066918330846856e-07
panel99_rank,474,0.05187012445657557,0.14377526050580114,0.8424936554432219
panel99_rank,475,0.22049495976701036,2.728930414974684e-10,4.6159291834806104e-09
panel99_rank,476,0.23276062537273448,5.776867872953062e-11,4.879667143965879e-10
panel99_rank,477,0.1757543635680355,4.320462569928907e-07,3.842510303582352e-06
panel99_rank,478,0.19000751955597273,6.489615422822226e-08,1.4791701729308517e-07
panel99_rank,479,0.14822113250503657,2.47005248130705e-05,0.0001188535491090467
panel99_rank,480,0.25059180262655656,2.078559546703218e-12,3.351081915453738e-11
panel99_rank,481,0.16510227922219117,1.8890681157124334e-06,1.3671427027932194e-08
panel99_rank,482,0.19287335669002045,2.5335560094319476e-08,8.797785411417448e-10
panel99_rank,483,0.07220686232117995,0.03846220283175383,0.08636800839699771
panel99_rank,484,0.21249676284257382,1.351720291253855e-09,8.058129243527752e-07
panel99_rank,485,0.21998894518316786,7.892977382795152e-10,4.6611011832665264e-06
panel99_rank,486,0.19378592359974411,5.619553999913762e-08,1.2172111082863927e-06
panel99_rank,487,0.24091814312056453,9.023892744153272e-13,6.09228667080075e-14
panel99_rank,488,0.2624303449270983,4.218847493575595e-14,8.127472944484963e-12
panel99_rank,489,0.20087105590521634,1.1378830766517467e-08,1.036261902218907e-06
panel99_rank,490,0.2629065539203221,7.216449660063518e-14,1.0066031814034216e-13
panel99_rank,491,0.27096645605098835,6.661338147750939e-14,2.6880351781905633e-10
panel99_rank,492,0.24454570237868997,4.118039242939631e-12,3.5701431658773793e-07
panel99_rank,493,0.21553686672796699,3.7567704502805555e-10,1.6636684114484927e-11
panel99_rank,494,0.13453506491195225,0.00012810132331875224,0.0003679965467530802
panel99_rank,495,0.11968674572785586,0.0008675010231544711,0.0027213428880966915
panel99_rank,496,0.21421520197327823,1.2488745593230988e-09,2.3537869226991876e-06
panel99_rank,497,0.19261020489072103,7.434644833104187e-08,2.9907191180653906e-08
panel99_rank,498,0.22115108293059996,1.2515255498612987e-10,1.3828995694111719e-09
panel99_rank,499,0.21885091936017512,4.443561074651825e-10,3.0648541603378505e-09
panel99_rank,500,0.24532683109564618,2.2732926652224705e-12,6.239666776056163e-10
panel99_rank,501,0.2256023068909331,2.2717117076354043e-10,5.867250736032474e-07
panel99_rank,502,0.24705833839884264,1.8474111129762605e-12,3.5206703407748073e-13
panel99_rank,503,0.1074195957390988,0.0023363010399934936,0.011977167590408065
panel99_rank,504,0.2463499392685526,4.984679335962028e-12,1.184637752335171e-10
panel99_rank,505,0.19970462124203103,1.3957670130793076e-08,1.454468019211711e-07
panel99_rank,506,0.17773911747570004,3.580843006556478e-07,8.138418502946992e-09
panel99_rank,507,0.22357690475897735,5.740363739903387e-11,5.414637898842914e-10
panel99_rank,508,0.21066466772069198,2.425656342452953e-09,3.2014310250384896e-07
panel99_rank,509,0.189449818799273,6.031303345643835e-08,6.381038794886594e-07
panel99_rank,510,0.2344936214117812,3.903299905516633e-11,3.70441565673327e-06
panel99_rank,511,0.20535867167145097,7.444430405456615e-09,2.135188373309345e-06
panel99_rank,512,0.19419801146044086,3.6623559740434075e-08,7.970574959315282e-06
panel99_rank,513,0.15790741390502083,8.406499816482338e-06,1.9870914525113568e-08
panel99_rank,514,0.12603276693218032,0.00039926933319822666,0.051186501186714806
panel99_rank,515,0.0938211891737529,0.0071527802464315116,0.0020085366279732186
panel99_rank,516,0.2118961230164811,3.5554246213820306e-09,1.5463900968187205e-07
panel99_rank,517,0.21242260292221257,8.570830711818189e-10,4.6397698662693346e-10
panel99_rank,518,0.1880042009435633,9.66061786122907e-08,2.2482710304957172e-05
panel99_rank,519,0.08257297555037654,0.021675071154410475,0.045640972434903684
panel99_rank,520,0.12151465487302107,0.000561462853512884,0.04361682707388938
panel99_rank,521,0.21298981259204147,1.2651386605000425e-09,1.2272674342578578e-08
panel99_rank,522,0.21790700731301543,8.01548605267044e-10,6.012869569889017e-08
panel99_rank,523,0.24410561206540726,5.689226867389152e-12,2.6184330890530796e-09
panel99_rank,524,0.24078392548960964,4.525269048372138e-12,3.565475979466565e-12
panel99_rank,525,0.25224281542877836,8.906209103543006e-13,5.857424705373997e-09
panel99_rank,526,0.17866931758571825,2.0962750491015925e-07,2.7054963140627276e-06
panel99_rank,527,0.1716841876190102,1.8127333780704191e-06,8.25325820184019e-06
panel99_rank,528,0.1921838021925761,9.322748106832535e-08,3.7419940829696914e-05
panel99_rank,529,0.17290240307104038,7.66327090007124e-07,2.1655596403662615e-07
panel99_rank,530,0.2761410040552145,3.1086244689504383e-15,2.820371252399371e-12
panel99_rank,531,0.20599477994858117,5.494188659582733e-09,7.020825623720592e-08
panel99_rank,532,0.16804174396276267,1.845248637222241e-06,5.599741828393699e-07
panel99_rank,533,0.18945422357044475,1.0335947187023464e-07,7.0403029534667145e-06
panel99_rank,534,0.19259092362422303,2.244405927775972e-08,1.3506792774735044e-08
panel99_rank,535,0.18406048014598816,1.4152858862637174e-07,1.2163555919614786e-06
panel99_rank,536,0.23795322445968703,2.649636066109906e-11,2.1274918414075395e-08
panel99_rank,537,0.1437473378647924,2.991403894170297e-05,2.3501049904261713e-05
panel99_rank,538,0.16003864081399644,6.029407574326129e-06,0.0001630658250288985
panel99_rank,539,0.2292992400467966,5.878697528771681e-11,3.967759528205959e-09
panel99_rank,540,0.16602852184355193,1.7876363156421604e-06,1.0500795495809457e-07
panel99_rank,541,0.22882452142670867,3.973577022975405e-11,2.063765458095885e-10
panel99_rank,542,0.20472483997847685,5.094482613543505e-09,4.075357914684575e-08
panel99_rank,543,0.1949150930893026,1.540749150485965e-08,6.056334530400667e-08
panel99_rank,544,0.09440425461216063,0.009292798057832563,0.17536141303142308
panel99_rank,545,0.20430613742749146,5.811061409843887e-09,9.564806375361192e-09
panel99_rank,546,0.22532323142635566,1.6662360380337304e-10,2.9428324448598015e-09
panel99_rank,547,0.21099677374229248,1.0924661175693018e-09,2.799459662576329e-09
panel99_rank,548,0.2654289883876002,6.727951529228449e-14,3.148779709009155e-13
panel99_rank,549,0.13620684851240225,0.00010587750305623977,0.0008626624728071396
panel99_rank,550,0.23164865078167016,1.4054668540097737e-10,2.9735762628399555e-08
panel99_rank,551,0.27184550224813714,9.547918011776346e-15,5.911195759091799e-15
panel99_rank,552,0.19471137676528494,6.079579017992387e-08,1.2624241653331413e-06
panel99_rank,553,0.16313784373641355,4.674141797389453e-06,0.00026181952600084677
panel99_rank,554,0.2614718395921764,1.858513343222512e-13,1.4714070768305425e-09
panel99_rank,555,0.2421453152643361,3.6133318559450345e-12,1.7002605974772106e-13
panel99_rank,556,0.1115578113107821,0.0013959604310609386,0.0004434077521580238
panel99_rank,557,0.17007115214156324,1.5300148914487721e-06,1.1869601086141196e-06
panel99_rank,558,0.20852819089202118,4.1773147163581825e-09,2.1994659324195929e-07
panel99_rank,559,0.22127295589774676,1.7259704776506624e-10,1.508725041321838e-10
panel99_rank,560,0.17531407093985674,7.56832860382417e-07,2.6772362463260708e-06
panel99_rank,561,0.17415443921610926,9.364004192047304e-07,6.609101653559261e-07
panel99_rank,562,0.20373276317745467,6.704780730615312e-09,2.3219462150578166e-09
panel99_rank,563,0.13074938783124282,0.00017375065990710148,0.0009196149755737832
panel99_rank,564,0.22781637772403673,1.4211543053477271e-10,9.294309118818174e-07
panel99_rank,565,0.25952796352218127,2.9176661087149114e-13,7.364075461013017e-08
panel99_rank,566,0.13686923453845623,9.252876638909946e-05,0.0016457810476138374
panel99_rank,567,0.23557561770152274,2.531885812118162e-11,4.54065849888681e-11
panel99_rank,568,0.22484347337289118,4.5035752904709625e-11,1.2966852646237022e-09
panel99_rank,569,0.1856250856107776,3.3206493155191197e-07,3.978431141976372e-08
panel99_rank,570,0.20787361228386092,3.44914097283322e-09,1.5273240824206922e-08
panel99_rank,571,0.16532327985432294,4.136694550238573e-06,2.14019079458603e-05
panel99_rank,572,0.2595529503287256,8.348877145181177e-14,3.8647935932078086e-13
panel99_rank,573,0.13245707537462986,0.00019049760585021502,0.004815264619872378
panel99_rank,574,0.16490235942155873,3.7484531911768926e-06,8.99025028036793e-06
panel99_rank,575,0.22554048017121955,3.1168423397787137e-10,8.461051762850848e-09
panel99_rank,576,0.1461486397584076,2.492410800281064e-05,0.0003376690245374405
panel99_rank,577,0.25514445702619243,5.149214388211476e-13,4.0735419638191494e-10
panel99_rank,578,0.27872106116939194,6.8833827526759706e-15,1.964569159728089e-09
panel99_rank,579,0.2188693477391459,1.010321826200311e-09,9.731094032030712e-08
panel99_rank,580,0.198052770014378,2.8641787386263218e-08,3.723329281863129e-08
panel99_rank,581,0.2190683235660737,3.6202063569135134e-10,2.280786762570907e-09
panel99_rank,582,0.20303346925875723,8.09877143126414e-09,3.0635847806206955e-07
panel99_rank,583,0.13062976566601917,0.0002321925930612867,0.020121042583336857
panel99_rank,584,0.18479994630278845,2.2944783295564264e-07,2.474613332314897e-05
panel99_rank,585,0.1322384176654525,0.00021000765518119913,0.0008215990761092936
panel99_rank,586,0.1779440063491563,4.3839643448784216e-07,0.0007107971473163648
panel99_rank,587,0.2125719161052561,8.733560541429597e-10,9.538261216861162e-09
panel99_rank,588,0.2209827936239624,3.650957314249581e-10,1.9843632732479206e-08
panel99_rank,589,0.225317512357814,1.0394285432369088e-10,2.5615727520638143e-09
panel99_rank,590,0.07097696863582023,0.04121470664784166,0.016404785545131223
panel99_rank,591,0.14150662085941343,4.886020701455607e-05,0.0002127648411682123
panel99_rank,592,0.25473265891259017,1.2561063300609021e-12,3.4095532065891884e-08
panel99_rank,593,0.16724376993645074,2.2387417937252962e-06,1.3996701685359437e-06
panel99_rank,594,0.2878799179799924,2.220446049250313e-16,4.585431821888316e-14
panel99_rank,595,0.20746481251466842,2.3358668332917887e-09,2.2668846355964593e-09
panel99_rank,596,0.22568186100899684,9.167711034763215e-11,3.8206728479714234e-11
panel99_rank,597,0.20195032996582318,6.162990340286001e-09,7.385506191951951e-11
panel99_rank,598,0.19629608303232152,3.351370536641696e-08,1.0767775172504188e-06
panel99_rank,599,0.20081504662941627,9.7903194440363e-09,4.4144766243648274e-08
panel99_rank,600,0.13857615800904946,6.149613327144365e-05,1.1722368491298676e-05
panel99_rank,601,0.2219347662883767,7.329004070300016e-11,1.0868976023184838e-12
panel99_rank,602,0.2256632439300896,2.2475665772958564e-10,9.66667968994871e-08
panel99_rank,603,0.10104649149993268,0.004217544353180003,0.02491830572526486
panel99_rank,604,0.18756434344370423,9.249696719670908e-08,7.45905778155536e-08
panel99_rank,605,0.22909095777789565,5.63828983501935e-11,5.0886980674401734e-08
panel99_rank,606,0.26110218785938755,4.263256414560601e-14,1.9030378526594054e-12
panel99_rank,607,0.18920139746394812,1.1714983183530592e-07,2.8357388872717166e-05
panel99_rank,608,0.19628945721124894,2.642369278937906e-08,0.0001459896965311337
panel99_rank,609,0.18912159800894573,1.0098483715914597e-07,4.83667836084046e-07
panel99_rank,610,0.24478001081214285,1.8034462812011043e-12,2.7058643611085794e-11
panel99_rank,611,0.11200919174563424,0.0015518787428376868,0.0014793956985300937
panel99_rank,612,0.25669499664707085,1.3389289676979388e-13,1.4828018273341134e-11
panel99_rank,613,0.1878987233018603,6.620049530781102e-08,2.8871691463499856e-08
panel99_rank,614,0.2520383445114382,1.7548185127225224e-12,1.1581579392537784e-09
panel99_rank,615,0.26899772995340543,7.771561172376096e-15,3.268291812446337e-13
panel99_rank,616,0.1584646901172188,5.728867940923976e-06,1.1724068892486996e-06
panel99_rank,617,0.2008121728642659,6.033211708000863e-09,1.5568160493047343e-08
panel99_rank,618,0.27434329237289995,4.6629367034256575e-15,1.2999934629168849e-12
panel99_rank,619,0.17905316288853865,3.1065269379126903e-07,5.7197888098266184e-09
panel99_rank,620,0.17305269752092195,8.396263200260989e-07,6.117679365902905e-06
panel99_rank,621,0.2475656982689936,2.6056934387952424e-12,7.11334523219114e-11
panel99_rank,622,0.1871895823682084,8.934107698088667e-08,3.092669382748245e-08
panel99_rank,623,0.21092130854272748,1.8174808324999958e-09,8.806156872688664e-08
panel99_rank,624,0.17696559526912503,6.406050698792853e-07,6.250919652610198e-07
panel99_rank,625,0.20254300673105372,5.3175754910483874e-09,6.666810262303413e-08
panel99_rank,626,0.11782892559746247,0.0006851451553508969,2.4139316132092655e-05
panel99_rank,627,0.12983178246910979,0.0003056512299486336,0.04424432380261718
panel99_rank,628,0.23342479912915767,2.8115731964817314e-11,3.197786044083324e-09
panel99_rank,629,0.15514104414061344,7.861644705009496e-06,3.180633517399681e-05
panel99_rank,630,0.11516959152453363,0.001392801511608699,0.007528164350565171
panel99_rank,631,0.24516625944048853,4.551692356358217e-12,3.1971667534875848e-09
panel99_rank,632,0.1783220783114789,3.5315832569438044e-07,3.1837369742682655e-07
panel99_rank,633,0.19095103621969958,6.425281928734705e-08,3.6366077531160684e-09
panel99_rank,634,0.26207830633514023,1.0702549957386509e-13,3.9079939183650025e-11
panel99_rank,635,0.2027618007270719,1.3602394099976323e-08,4.386694773576572e-07
panel99_rank,636,0.17892141923673718,3.721546673052245e-07,1.1713477266961401e-05
panel99_rank,637,0.20750163102115782,2.940529153505622e-09,1.413438434612392e-06
panel99_rank,638,0.18200917727826618,2.812196027157654e-07,3.896620096260079e-06
panel99_rank,639,0.2162420482833181,1.2277314720421373e-09,4.593033396171391e-09
panel99_rank,640,0.18217992239186612,3.324225739120834e-07,2.5062121004270726e-05
panel99_rank,641,0.26128344522745955,4.214406601477094e-13,2.9372902289386994e-09
panel99_rank,642,0.2291713531108537,8.456968458858682e-11,1.5198160916042852e-07
panel99_rank,643,0.10182134369761181,0.003293861398379727,0.0012424629890959622
panel99_rank,644,0.2386984884716193,2.3769652912619676e-11,3.853135200234668e-08
panel99_rank,645,0.25035569342193886,7.325251516476783e-13,6.468415128240564e-11
panel99_rank,646,0.2531890754111734,7.580602812140569e-13,9.535715247718896e-12
panel99_rank,647,0.24346339184644744,2.320588166071502e-12,3.52670458654373e-11
panel99_rank,648,0.22777571287508774,2.097861884209351e-10,6.280039785298806e-10
panel99_rank,649,0.1755581051463773,3.6641003497983604e-07,2.6284627348769874e-07
panel99_rank,650,0.24128200195643318,1.1498801910647671e-11,4.025104646196179e-10
panel99_rank,651,0.2529597857194101,8.619771563189715e-13,4.412186817949558e-12
panel99_rank,652,0.2601820831579196,2.717825964282383e-13,3.1316043582893675e-08
panel99_rank,653,0.23617217385085496,1.93194349407122e-11,1.8896084564823966e-10
panel99_rank,654,0.21132008261187152,1.7814085762068999e-09,4.0844400229441095e-07
panel99_rank,655,0.1922487536132954,5.862375473952852e-08,3.0204616941602365e-06
panel99_rank,656,0.23422206495820141,1.8271606450070976e-11,6.656874793077432e-11
panel99_rank,657,0.21285075733529465,3.860742836536701e-09,4.23075947806107e-06
panel99_rank,658,0.15766757629795097,4.412336133352568e-06,4.4890930933787366e-06
panel99_rank,659,0.19563583091789444,4.9681575076121476e-08,2.8629981674879542e-05
panel99_rank,660,0.14151461687986508,6.200371198095134e-05,0.000574092772219315
panel99_rank,661,0.09476611259954111,0.007030429539119476,0.013883664774219047
panel99_rank,662,0.20762942226502037,3.1948663714587155e-09,1.5229708947239946e-05
panel99_rank,663,0.20606274672960992,4.053720914498626e-09,2.6271516149091907e-10
panel99_rank,664,0.2629122453319709,1.3278267374516872e-13,2.5606427331224726e-10
panel99_rank,665,0.1770761098973776,4.6914158446931253e-07,9.658756651175263e-06
panel99_rank,666,0.265016628197836,3.730349362740526e-14,1.6040647013125607e-10
panel99_rank,667,0.22000645047746895,3.8452574457892297e-10,2.643874940154242e-09
panel99_rank,668,0.1828160430314637,3.037961657792465e-07,1.35565340580698e-06
panel99_rank,669,0.2614443018132494,8.482103908136196e-14,1.0637837864878908e-13
panel99_rank,670,0.2237721875156368,8.25992607644821e-11,2.5783248977072126e-10
panel99_rank,671,0.19361281553068282,3.519184166300704e-08,2.783028995684671e-08
panel99_rank,672,0.11419345649663551,0.0013875017316040683,0.008871274007781522
panel99_rank,673,0.25425523512456244,9.889866703360894e-13,4.347701948579068e-10
panel99_rank,674,0.2594447612915874,2.97983859809392e-13,1.943439398190527e-13
panel99_rank,675,0.2283165380434114,1.3885115279776983e-10,2.1900093999261272e-07
panel99_rank,676,0.2138822060619452,1.3884107197270623e-09,7.109807989313921e-08
panel99_rank,677,0.13812942949195894,8.38035711729912e-05,5.396046298628901e-05
panel99_rank,678,0.12539314119748068,0.0003281517618949348,9.950411791319107e-05
panel99_rank,679,0.23300061491970225,5.3082871431797685e-11,4.600240895662893e-12
panel99_rank,680,0.23043407658529982,1.3293832701322117e-10,2.493838972150635e-08
panel99_rank,681,0.14905632936475605,2.3804052573073164e-05,0.00013674304034716432
panel99_rank,682,0.19206862243781347,3.0437182996223555e-08,2.0307611916840784e-08
panel99_rank,683,0.1807297704266212,2.978718860457974e-07,1.3099757514311004e-08
panel99_rank,684,0.16702133955351361,2.28651780798117e-06,1.0243796102225605e-05
panel99_rank,685,0.15037578044568886,2.7720162977473706e-05,0.0014128405977877618
panel99_rank,686,0.20078934033463136,1.2718942121736632e-08,1.8233887416266894e-08
panel99_rank,687,0.24116030118626605,1.2007728145135843e-11,2.196110490298177e-09
panel99_rank,688,0.11820539923020085,0.0007149227960592253,0.00017556915638017483
panel99_rank,689,0.24261356912003929,3.220979039042504e-12,3.3067268994762127e-11
panel99_rank,690,0.20444493185140394,7.59340967881883e-09,3.9433885132408915e-06
panel99_rank,691,0.15262959330899445,1.7262940542384086e-05,0.004093959606106614
panel99_rank,692,0.15920144781117498,6.094040874371487e-06,2.2459159512243413e-05
panel99_rank,693,0.21754389912805425,1.0077190193413799e-09,9.041243363554941e-08
panel99_rank,694,0.1891284554819149,2.9843103543925054e-08,5.950217159394653e-11
panel99_rank,695,0.17263246039227345,1.1141496591982047e-06,8.141911649267111e-06
panel99_rank,696,0.21512812563323244,1.0102136904777126e-09,7.092441912438528e-07
panel99_rank,697,0.24109854048084367,8.410827589955261e-12,3.512474869180269e-09
panel99_rank,698,0.20861470052540612,4.084148796934528e-09,3.899714203040153e-07
panel99_rank,699,0.2530659899289745,2.233768725545815e-13,2.244603179635196e-10
panel99_rank,700,0.13215941936461048,0.00020777860381770985,0.0012488697903072867
panel99_rank,701,0.13437636998078872,0.00012318887026174785,5.821286887493846e-05
panel99_rank,702,0.1539115361145235,1.4536815072574427e-05,1.9006795312504872e-06
panel99_rank,703,0.1496168836620193,2.7407986441740917e-05,0.0006231937667159782
panel99_rank,704,0.27486634228688767,5.10702591327572e-15,1.4433723866178614e-13
panel99_rank,705,0.2109366825872843,6.467755664374408e-09,1.7382929216420765e-05
panel99_rank,706,0.15268578249246878,1.311329523234761e-05,1.0038025428395017e-06
panel99_rank,707,0.14847099352232276,1.8618623061739115e-05,0.0003397381476227245
panel99_rank,708,0.22921656344408073,1.158209084195505e-10,5.524942428761663e-10
panel99_rank,709,0.04333774399355916,0.22838720792928768,0.7532312243091885
panel99_rank,710,0.235046937924921,4.2196246496928325e-11,7.300724016811758e-09
panel99_rank,711,0.2620511803283818,4.760636329592671e-13,3.412125634675568e-09
panel99_rank,712,0.14444015812992378,3.5300111314473526e-05,6.993494537461622e-05
panel99_rank,713,0.2081447371003663,4.026685429536769e-09,5.025743675310161e-07
panel99_rank,714,0.15231233468168662,1.3905412906467518e-05,5.511953008708772e-06
panel99_rank,715,0.23353578665046543,2.0111912135689636e-11,2.1945841662423876e-11
panel99_rank,716,0.14508201504098808,3.601087512450363e-05,0.00024979271339013184
panel99_rank,717,0.26104955522252654,3.930189507173054e-14,3.2088795831371414e-12
panel99_rank,718,0.18434971323394403,1.171716703662895e-07,1.1683840129105705e-06
panel99_rank,719,0.12671296628174145,0.00030570223379733363,4.28104993143108e-05
panel99_rank,720,0.2872056707312034,8.881784197001252e-16,3.292806986429985e-11
panel99_rank,721,0.19347222892426377,7.375748456439624e-08,1.447316909601213e-05
panel99_rank,722,0.21362981707369827,3.5499425621310365e-10,2.0539261543255117e-12
panel99_rank,723,0.2258133201556399,3.018265637422246e-10,7.984420450442866e-08
panel99_rank,724,0.22820504722004528,6.499001337090249e-11,7.143004052024353e-11
panel99_rank,725,0.27355523695893064,8.659739592076221e-15,1.793670094543592e-11
panel99_rank,726,0.1320393387368908,0.00022804977230372891,0.032694628701187715
panel99_rank,727,0.25360061820109525,3.5149660959632456e-13,4.389470772279748e-11
panel99_rank,728,0.24420469189477514,3.651745572597065e-12,5.368660402595811e-13
panel99_rank,729,0.20333685973982904,1.0658907978466914e-08,5.03802329851979e-09
panel99_rank,730,0.18672539721214437,1.265385165538646e-07,7.970664983401106e-06
panel99_rank,731,0.275172736765892,7.327471962526033e-15,1.732507101143607e-11
panel99_rank,732,0.18856781387625163,6.556959286641018e-08,2.157960012356812e-07
panel99_rank,733,0.23903135032431708,9.554357305319172e-12,8.130472515938007e-13
panel99_rank,734,0.2569311129940493,3.013145288832675e-13,2.964040033292309e-10
panel99_rank,735,0.17798536083988342,8.031459231006011e-07,0.00033457012829058477
panel99_rank,736,0.18523130807672467,6.566459620493958e-08,5.300421788366904e-10
panel99_rank,737,0.21682081550529916,1.2003431582030544e-09,2.1257090050961723e-09
panel99_rank,738,0.16569449881621837,1.2383370930901805e-06,1.323360638928116e-07
panel99_rank,739,0.2011565504701724,6.083485715180359e-09,4.3093804029981504e-09
panel99_rank,740,0.23269577210533815,4.513123208482739e-11,3.715338414886429e-08
panel99_rank,741,0.15172258539085134,1.3347964183951788e-05,1.203987199518531e-05
panel99_rank,742,0.21044772382141738,1.6678274317172281e-09,1.4433931694934958e-09
panel99_rank,743,0.18978370553267804,5.764917476724918e-08,1.0845665042876919e-05
panel99_rank,744,0.14933488155781216,2.5142375461140176e-05,3.4059462422846875e-05
panel99_rank,745,0.21325119571809512,1.4216572363778823e-09,5.957238078103944e-10
panel99_rank,746,0.23357015445731705,2.3490320799623987e-11,1.6587541855077793e-12
panel99_rank,747,0.27001506475785203,2.4202861936828413e-14,2.41367354342946e-13
panel99_rank,748,0.19783628934612216,8.133543838440005e-09,2.0198203026601542e-10
panel99_rank,749,0.21829931496200314,2.513791397262821e-10,2.443229704991185e-13
panel99_rank,750,0.1813270854466242,4.683913514824667e-07,3.291654259180946e-05
panel99_rank,751,0.19116736900595901,6.31834566888756e-08,4.548523848422853e-06
panel99_rank,752,0.2479534247092612,6.6422423117273866e-12,4.436385920520743e-10
panel99_rank,753,0.20725358352380133,4.031362799139515e-09,9.822893355717835e-07
panel99_rank,754,0.19076518593820638,1.0833361208106851e-07,1.540664713856943e-06
panel99_rank,755,0.16675982012291898,2.736476591547188e-06,0.0028994408591557163
panel99_rank,756,0.17476696411852619,6.198310187333078e-07,1.606436273813043e-06
panel99_rank,757,0.24923931812323863,9.603429163007604e-13,1.3095116486586167e-12
panel99_rank,758,0.22211913157065427,3.1769942232529047e-10,1.9410722839122053e-09
panel99_rank,759,0.25963930923474116,1.9872992140790302e-13,5.095887360345433e-13
panel99_rank,760,0.24393204497346374,3.692601779903271e-12,1.367891662851229e-09
panel99_rank,761,0.1374746828071996,0.00011819840335491882,2.346560095817113e-05
panel99_rank,762,0.2557571370906751,6.372680161348399e-14,1.876309212561419e-11
panel99_rank,763,0.2299135638337348,1.5176149226192592e-10,2.1695994512226965e-08
panel99_rank,764,0.23117640028128844,2.7307267558285275e-11,1.8417077696620236e-11
panel99_rank,765,0.24299194813190816,3.909761403519951e-12,1.7855879674171645e-07
panel99_rank,766,0.21997967193286075,4.91972018679121e-10,3.0181945830388766e-07
panel99_rank,767,0.24215170822684548,3.5409453147394743e-12,3.3685212925837445e-13
panel99_rank,768,0.15351075147348836,9.017201539895936e-06,1.457324175436649e-05
panel99_rank,769,0.23465763126323402,4.511235829340876e-11,2.2099289544409153e-08
panel99_rank,770,0.20801934815305592,3.2819151840612903e-09,1.3515767064327444e-08
panel99_rank,771,0.2587120909198955,4.3076653355456074e-13,6.32994186454777e-11
panel99_rank,772,0.1976101790646445,6.524884854641755e-09,1.971804691657149e-07
panel99_rank,773,0.20735600746004704,2.21275442413571e-09,1.7936250866712665e-07
panel99_rank,774,0.155316901747099,8.29694418702509e-06,2.2271682444168014e-08
panel99_rank,775,0.2458971330958421,2.582822844487964e-12,8.064279297384119e-13
panel99_rank,776,0.1614500940178707,6.551267176968523e-06,0.00021726570623082793
panel99_rank,777,0.18379749346563917,1.145574575200925e-07,2.6886675351595035e-08
panel99_rank,778,0.2577015684649695,2.6489921367556235e-13,1.2417254870395595e-11
panel99_rank,779,0.19898569979080372,5.782867962267346e-09,2.65509561716588e-07
panel99_rank,780,0.22685381788582132,1.9911938764494153e-10,3.309797034012248e-09
panel99_rank,781,0.2079853721490762,2.1642967418245007e-09,5.74892316501101e-07
panel99_rank,782,0.2249700722920395,2.980558022613877e-10,4.452982145399063e-07
panel99_rank,783,0.1790405365047436,3.881829675478343e-07,9.545700441319944e-05
panel99_rank,784,0.22529389165764765,1.6909784683605267e-10,1.6430869465938403e-08
panel99_rank,785,0.15759639656344715,7.650942387193993e-06,2.4596052002571524e-06
panel99_rank,786,0.24102836002963227,5.397460256517661e-12,5.392606735031611e-11
panel99_rank,787,0.21108383984383325,3.3770908292041213e-09,4.471860672524095e-06
panel99_rank,788,0.21896703011897406,3.5352454297310487e-10,3.504913844965142e-09
panel99_rank,789,0.2907668832509259,2.220446049250313e-16,4.647931217564093e-17
panel99_rank,790,0.21595177209263955,1.8383066180405194e-09,3.4183167803904367e-06
panel99_rank,791,0.29531894075740744,0.0,3.726075592100735e-12
panel99_rank,792,0.23336154003734988,1.9203749701546258e-11,5.430622112463033e-10
panel99_rank,793,0.23256580706766786,3.910938239926054e-11,5.39078410581948e-10
panel99_rank,794,0.15371399402244765,1.1171826583611377e-05,0.0001069301344911998
panel99_rank,795,0.17889656111350033,3.8807100133375627e-07,2.919890416376908e-08
panel99_rank,796,0.17382636453712327,1.2466009839950942e-06,0.0007266223600615691
panel99_rank,797,0.20263609253301257,8.25696266915088e-09,1.5962525516592582e-06
panel99_rank,798,0.24524579932597587,2.2748469774569458e-12,1.3364562085187596e-11
panel99_rank,799,0.2307640020261387,6.324052392869817e-11,2.75032324929966e-07
panel99_rank,800,0.21950809242469202,2.4421020761167256e-10,8.57195590132745e-09
panel99_rank,801,0.15381030587053343,1.6258657721479608e-05,0.0003305708071128528
panel99_rank,802,0.21718727576076646,4.1668712924547435e-10,1.2430407999223308e-07
panel99_rank,803,0.14712415621454286,3.0626566449365455e-05,0.0004421288613364673
panel99_rank,804,0.22331677712904785,2.2095658636089865e-10,1.113938432504325e-08
panel99_rank,805,0.17317085716856062,1.938648365396034e-06,0.0002581557146468045
panel99_rank,806,0.20969869201162974,1.0901568536780815e-09,2.596845668572933e-10
panel99_rank,807,0.27031993312669644,2.042810365310288e-14,1.1720811471904712e-12
panel99_rank,808,0.2055595310739625,8.978882526378129e-09,2.6432201874247845e-06
panel99_rank,809,0.23541743535580678,1.626765389062257e-11,1.0244586449764825e-06
panel99_rank,810,0.18655014771058323,2.6204894498782494e-07,1.0497424342239023e-05
panel99_rank,811,0.2457823313786217,1.6047163597932013e-12,1.00892036136701e-11
panel99_rank,812,0.1700263429845051,1.4496779388029069e-06,3.2951153895260717e-06
panel99_rank,813,0.1804292455603741,1.9216036140079495e-07,1.7033376977984152e-05
panel99_rank,814,0.26755936437541095,3.3306690738754696e-14,1.974480393285488e-15
panel99_rank,815,0.269419926634726,4.574118861455645e-14,1.7362110389440932e-10
panel99_rank,816,0.2112385140748652,1.3238483642652454e-09,9.859331889421199e-07
panel99_rank,817,0.1755038432365261,7.289708461311051e-07,2.2741241208439352e-05
panel99_rank,818,0.17248060131982107,1.2757333602841925e-06,0.0010307724842052101
panel99_rank,819,0.17640836192634116,5.97356893061729e-07,2.8803501734751063e-06
panel99_rank,820,0.1831988594141958,1.7964748266763308e-07,2.9957450233983395e-09
panel99_rank,821,0.16855025491543488,1.6032116858522016e-06,8.169136201272731e-07
panel99_rank,822,0.16951505818871834,1.1506691812712688e-06,3.839994189864071e-08
panel99_rank,823,0.20317241388683932,1.7226670534498112e-08,3.222043743970255e-08
panel99_rank,824,0.16382912603710956,3.1939016003068588e-06,4.753698446522772e-06
panel99_rank,825,0.20742616718451284,4.485981142110518e-09,3.8376290601924677e-10
panel99_rank,826,0.24767193569318768,2.0805579481475434e-12,1.6782568199681415e-12
panel99_rank,827,0.1595950728139569,5.15013696089639e-06,0.004843201338010794
panel99_rank,828,0.21101708504341546,2.6641273631611284e-09,5.462010717296716e-09
panel99_rank,829,0.20609923448596193,4.767714667508471e-09,2.5801404530710887e-07
panel99_rank,830,0.19491399770577117,2.607120497266635e-08,5.2452171668996624e-08
panel99_rank,831,0.13983476297811498,5.731183985591137e-05,4.197519598658016e-05
panel99_rank,832,0.2352853882272858,3.43836070726411e-11,1.2444148579543914e-09
panel99_rank,833,0.2076390527214959,5.324346741275576e-09,1.6695867923232528e-08
panel99_rank,834,0.1860656348994041,5.689198911973392e-08,5.801860680648289e-07
panel99_rank,835,0.22272032578167672,8.450391497660803e-10,3.2780766172183725e-07
panel99_rank,836,0.2521178294785725,2.6139090891774686e-12,2.2582071413345028e-10
panel99_rank,837,0.26822008261278246,3.2862601528904634e-14,2.8847013808285927e-11
panel99_rank,838,0.2240024205361404,5.5185411795832806e-11,6.441390510459287e-09
panel99_rank,839,0.24169666373109616,6.87805368215777e-12,3.6737479358276256e-10
panel99_rank,840,0.10682741627509693,0.002870730765439644,0.020410958994406005
panel99_rank,841,0.13971616083076988,5.963202420899982e-05,0.00011879312149737271
panel99_rank,842,0.23864561176784807,9.7515329144926e-12,6.006739712949286e-10
panel99_rank,843,0.1794060963981574,2.2538615596090494e-07,4.240062714983101e-09
panel99_rank,844,0.18875895513146768,4.8667933238988326e-08,3.253965256322229e-07
panel99_rank,845,0.24120533094249327,5.086375765017692e-12,7.391944098468897e-11
panel99_rank,846,0.09098780849790843,0.010315933894825768,0.17615335530122606
panel99_rank,847,0.22492437759806921,1.6739387653785798e-10,8.973023138337496e-09
panel99_rank,848,0.19979676641981825,1.0028388786054165e-08,3.045635511923811e-08
panel99_rank,849,0.12864853086823322,0.00019182156551944551,8.410775305446189e-05
panel99_rank,850,0.20453506610525768,4.30103708204399e-09,1.3514791942453695e-07
panel99_rank,851,0.0790648467579681,0.024988751917304874,0.04373185626942994
panel99_rank,852,0.13182241911472528,0.00015506527816033788,0.0001209979536728444
panel99_rank,853,0.21899843096287508,9.975453796329248e-10,5.990855348160813e-07
panel99_rank,854,0.194296510664247,2.8131060370029104e-08,7.012147216966327e-08
panel99_rank,855,0.23361584107433972,8.488143521390157e-11,1.2204650083838657e-06
panel99_rank,856,0.18242949526867047,2.289395621968282e-07,1.2622424619494184e-06
panel99_rank,857,0.2322639671218518,2.0616619522684232e-11,2.6326574734750486e-09
panel99_rank,858,0.16481330449246284,3.6852794140784795e-06,1.552277428831154e-05
panel99_rank,859,0.16063681137056152,7.515701201832314e-06,2.877561800132845e-05
panel99_rank,860,0.20169280589778002,1.3172231305702553e-08,1.82153274326497e-06
panel99_rank,861,0.16432818713490918,2.246878332279323e-06,6.806718527231842e-07
panel99_rank,862,0.19405530535142368,3.0629732528097975e-08,6.313971363044234e-07
panel99_rank,863,0.20271625765697562,7.470374985274475e-09,9.251584764132957e-07
panel99_rank,864,0.22559234064042982,2.051148140225223e-10,3.346723352505913e-09
panel99_rank,865,0.2051755848467831,4.391889962818141e-09,1.8584144105440672e-08
panel99_rank,866,0.20930796649313366,2.6193744950830933e-09,9.738650730527665e-09
panel99_rank,867,0.12463248568957384,0.0005226633279071802,0.003057418550853765
panel99_rank,868,0.2094026049511062,1.9164756448475373e-09,1.2110933908164217e-09
panel99_rank,869,0.11990981538464854,0.000701136130633051,0.009933877023813676
panel99_rank,870,0.21674834934352583,8.710565602143561e-10,2.435419270695312e-08
panel99_rank,871,0.19304038286349115,3.09031149559047e-08,2.175665479236087e-09
panel99_rank,872,0.20408989183604512,7.978423921528588e-09,2.6164317203567507e-06
panel99_rank,873,0.16759433179767083,2.008539072395621e-06,3.11330931247468e-05
panel99_rank,874,0.1356611971040624,9.695518438923578e-05,0.0005316857485694091
panel99_rank,875,0.1872868303708918,1.6836895300187393e-07,3.411588853766513e-07
panel99_rank,876,0.18339093016322522,1.462803018714709e-07,7.361413251974688e-08
panel99_rank,877,0.1778771405773184,4.811721612263398e-07,1.8753430770481756e-06
panel99_rank,878,0.1414447982532772,5.809473615903116e-05,0.00105140323473328
panel99_rank,879,0.2612993152569201,2.717825964282383e-13,6.201358366774227e-12
panel99_rank,880,0.2222238780859064,4.3480086198144363e-10,6.809705937537778e-05
panel99_rank,881,0.22355083154647487,1.8977530658048636e-10,3.5217485028632985e-08
panel99_rank,882,0.2643288956332979,1.6209256159527285e-14,1.5254341052482224e-14
panel99_rank,883,0.26255343171155726,1.900701818158268e-13,6.9046876654704705e-09
panel99_rank,884,0.16769136928824144,9.752115206485001e-07,4.894941814985028e-09
panel99_rank,885,0.17999387359393387,2.4162359957280444e-07,9.965452431780166e-08
panel99_rank,886,0.20793056811033486,1.9803052531131016e-09,8.824500625722195e-09
panel99_rank,887,0.2717593433202026,1.0436096431476471e-14,4.517554701963359e-12
panel99_rank,888,0.10545587246544372,0.0028731531744863315,0.01602782494010064
panel99_rank,889,0.2248747476872699,2.262874332359388e-10,9.578939895761345e-09
panel99_rank,890,0.14328963675980005,3.1623588917506495e-05,2.6758439318173017e-05
panel99_rank,891,0.12063453285864544,0.0007362705349167609,0.016744451931903142
panel99_rank,892,0.16080353201062794,2.744720995373484e-06,2.6580409276224334e-06
panel99_rank,893,0.22095990851057315,1.4597278941153036e-10,4.7929761135650116e-08
panel99_rank,894,0.11315099050423107,0.0014215680320810442,0.0022308081721181565
panel99_rank,895,0.16504661624308056,4.119225962773143e-06,3.1955558264342755e-05
panel99_rank,896,0.2787152961630009,5.329070518200751e-15,4.904349059459922e-15
panel99_rank,897,0.2510262038034756,2.0383694732117874e-13,2.109613186600315e-12
panel99_rank,898,0.2065966857899629,3.5611111837141607e-09,1.3521108153484963e-08
panel99_rank,899,0.25813944430928126,7.529532553007812e-13,6.508443214097526e-11
panel99_rank,900,0.23290823583673695,5.611644482428346e-11,9.358826846061498e-09
panel99_rank,901,0.2293248980169706,8.219935843101212e-11,5.409252180459387e-11
panel99_rank,902,0.14374293667624685,4.033967024774654e-05,1.652527622827899e-05
panel99_rank,903,0.24694399152794289,1.7712498134869747e-12,1.5734500264676556e-12
panel99_rank,904,0.1801898983372724,2.3405845550605875e-07,7.909223165328241e-06
panel99_rank,905,0.15070879002755933,1.6830531793354808e-05,1.8033253455262886e-05
panel99_rank,906,0.21049154230605988,2.2578647840276744e-09,1.6675987896578388e-08
panel99_rank,907,0.27612819352257684,8.43769498715119e-15,6.921888722766684e-15
panel99_rank,908,0.25153639289004925,1.829647544582258e-13,5.009537735220736e-12
panel99_rank,909,0.20485831631629867,4.176170742553609e-09,1.2211904538856454e-06
panel99_rank,910,0.2519261829434932,1.7708057242771247e-12,2.1332955669538735e-10
panel99_rank,911,0.16387192531529515,3.1693797841736426e-06,1.4163494475416631e-05
panel99_rank,912,0.2135731895747109,1.953099459939267e-09,2.968740674271631e-07
panel99_rank,913,0.14788865536766863,2.5980651350065997e-05,0.0001495186852384068
panel99_rank,914,0.219417248686885,4.1603320788397014e-10,8.504905780658696e-09
panel99_rank,915,0.24694461926577269,3.389954983390453e-12,3.3599487615468815e-09
panel99_rank,916,0.2073160702807609,7.697943393836226e-09,3.9333133700947365e-05
panel99_rank,917,0.21908614821379802,3.938809278736244e-10,1.7287062675489368e-08
panel99_rank,918,0.27847928906061775,1.2212453270876722e-14,1.92562721188148e-11
panel99_rank,919,0.11155576303682505,0.001712264272721642,0.035575808089412485
panel99_rank,920,0.13647406122192035,0.00012880874404541665,0.00025458980282076256
panel99_rank,921,0.14115919316995204,5.571049747987722e-05,8.807545042278979e-05
panel99_rank,922,0.20956612097191443,9.556875291139022e-10,4.99244348438154e-08
panel99_rank,923,0.2349549806496021,1.9168888698573028e-11,1.012632627906487e-11
panel99_rank,924,0.226184355725056,1.2292344919728748e-10,4.365329447473988e-09
panel99_rank,925,0.22557746812792664,1.0129475036535496e-10,1.1922231139255079e-09
panel99_rank,926,0.25081277448339323,6.368239269249898e-13,3.6696304375229526e-11
panel99_rank,927,0.19294716198952025,2.6326177460234135e-08,1.4801551903564065e-09
panel99_rank,928,0.29208284869856027,4.440892098500626e-16,1.4736911082588307e-10
panel99_rank,929,0.1249571186468797,0.0004954368159439948,0.0013385967445303823
panel99_rank,930,0.19298861626416883,6.051559964248554e-08,8.011206661992486e-06
panel99_rank,931,0.22201354126280082,2.804871890305094e-10,2.6358228679428606e-08
panel99_rank,932,0.19509480961876646,3.6800380076584815e-08,1.9856118435059118e-08
panel99_rank,933,0.13645679149978462,8.427590632198445e-05,0.00020017466635807767
panel99_rank,934,0.1703082424385589,1.0106300933898638e-06,4.627450227697528e-06
panel99_rank,935,0.20294268622399853,6.143060726770955e-09,1.2267366603143802e-09
panel99_rank,936,0.1661499314731973,1.9835623317199236e-06,1.182488979345647e-06
panel99_rank,937,0.21432427116307554,8.011504792904134e-10,3.079168670502621e-08
panel99_rank,938,0.16355635487255485,6.648909095074984e-06,0.00041430526554746993
panel99_rank,939,0.19344398992308473,2.9009842084093407e-08,5.578192759548e-10
panel99_rank,940,0.2709928689845943,1.709743457922741e-14,2.3818481695513073e-12
panel99_rank,941,0.17577927280565037,5.255289745598191e-07,3.184287809824972e-06
panel99_rank,942,0.22122372068617868,1.8363488507588954e-10,4.145447095073656e-10
panel99_rank,943,0.1576198070099593,7.644383592575466e-06,3.901581823770472e-05
panel99_rank,944,0.17909545441958766,2.2762476081794603e-07,4.5121701192745695e-08
panel99_rank,945,0.22888604351357272,3.7545522246773544e-11,1.465317262464345e-09
panel99_rank,946,0.24366568555208226,2.859046333014703e-12,5.0310175178064743e-11
panel99_rank,947,0.14843430109014932,2.2765530497181885e-05,0.0002750739090691223
panel99_rank,948,0.21498661156970095,1.2125214166047726e-09,4.471583392443197e-07
panel99_rank,949,0.12538595798425645,0.00048586379749249176,0.0016797994414227914
panel99_rank,950,0.2546509312751768,7.704947790898586e-14,4.866359252069274e-13
panel99_rank,951,0.19734496179313954,2.7150690362631735e-08,7.548397126071485e-05
panel99_rank,952,0.19595097643056378,2.3284878691853805e-08,3.3677157495277505e-06
panel99_rank,953,0.17782764198998582,2.6864636604173597e-07,3.4460695619078946e-05
panel99_rank,954,0.18867411560055963,5.1742688578215734e-08,9.621177932463871e-11
panel99_rank,955,0.16827480612411178,2.1882491307856355e-06,1.3686778136882451e-05
panel99_rank,956,0.20896081636533645,2.5343545040357185e-09,2.5089408466262935e-09
panel99_rank,957,0.1761620818154746,6.136669798983974e-07,5.374335963469404e-07
panel99_rank,958,0.19233846591986706,1.7920170458651796e-08,1.5239054378020774e-09
panel99_rank,959,0.21897678134075488,2.367637197409067e-10,1.466137056492492e-09
panel99_rank,960,0.2250102879452091,1.2851075759101604e-10,2.8768767787558528e-09
panel99_rank,961,0.14205683825966472,5.755188564449121e-05,0.0002962514767012249
panel99_rank,962,0.19753098957302256,1.62883042609252e-08,9.07842155945328e-09
panel99_rank,963,0.24736889486281116,1.5618617510426702e-12,2.1536000861199933e-11
panel99_rank,964,0.21075482670539075,3.6381311296906915e-09,4.809678722886956e-07
panel99_rank,965,0.2583760126487764,2.013944566670034e-13,2.8736898309766434e-13
panel99_rank,966,0.2730612909438766,1.2212453270876722e-14,4.593790194146069e-13
panel99_rank,967,0.19262292939391737,3.099415324392396e-08,1.0883178274250345e-07
panel99_rank,968,0.2215154762185146,1.5645618134385586e-10,1.8029820242694875e-10
panel99_rank,969,0.16620453297293825,3.7207782423998026e-06,5.464456203452979e-06
panel99_rank,970,0.29296252291540875,0.0,6.044754621642814e-16
panel99_rank,971,0.22155363016879892,4.1510461734617365e-10,2.0849578253843556e-09
panel99_rank,972,0.22904949835558205,6.070099978217058e-11,2.038101171812753e-10
panel99_rank,973,0.17734228494544177,4.6449112134361314e-07,4.095433541285217e-06
panel99_rank,974,0.237983173885201,1.2547962668918444e-11,1.9180741470662842e-10
panel99_rank,975,0.1894210315695907,4.091601812916679e-08,1.7430261986314697e-07
panel99_rank,976,0.2825691052805084,1.1102230246251565e-15,1.8041186565202352e-13
panel99_rank,977,0.22760644079163375,2.601991955231142e-10,9.676013401723568e-09
panel99_rank,978,0.2343346194058545,2.170041923932331e-11,1.4003598161884728e-07
panel99_rank,979,0.25626866819734656,3.33288951992472e-13,2.5055620131143328e-11
panel99_rank,980,0.14978845508053193,1.364022266470144e-05,7.082016599508902e-05
panel99_rank,981,0.10613225922535921,0.0022352391302473684,0.004388005744277245
panel99_rank,982,0.13345177883926745,0.00011645483487043862,2.8312253407451513e-05
panel99_rank,983,0.2513642466367835,9.119371924271036e-13,1.667363905698439e-11
panel99_rank,984,0.2600249159801928,1.3433698597964394e-13,7.99681021643707e-12
panel99_rank,985,0.1469283713140369,3.453517252727245e-05,3.805404895103603e-05
panel99_rank,986,0.18528358775900836,6.105272332135314e-08,7.506374280067897e-11
panel99_rank,987,0.13196741322927275,0.00020595969075842824,0.0011996625857279705
panel99_rank,988,0.17489575302623842,7.671251709417959e-07,0.00013288229086632838
panel99_rank,989,0.21846112500757187,6.316935863281969e-10,6.636789423353311e-08
panel99_rank,990,0.15586688380722932,7.305482224051474e-06,8.132803852148653e-06
panel99_rank,991,0.261674638342344,5.995204332975845e-14,3.8637568934456294e-13
panel99_rank,992,0.24833419293801712,1.7212897773788427e-12,2.628977704888144e-13
panel99_rank,993,0.23715038935647462,2.9067415141526e-11,6.549631465915515e-09
panel99_rank,994,0.1499646410198024,2.2389061966388013e-05,0.00025920436692888584
panel99_rank,995,0.19680365791125004,3.53374371986348e-08,9.275993709081675e-06
panel99_rank,996,0.19268191012047398,4.169927980690602e-08,3.0360812309536243e-07
panel99_rank,997,0.22010720877356996,4.356885963119339e-10,1.1035501386075285e-07
panel99_rank,998,0.20430668013259043,5.445510709023438e-09,3.2500891092461682e-09
panel99_rank,999,0.26498006737041013,1.2256862191861728e-13,6.930794357591657e-09
panel99_rank,1000,0.21507336139965352,1.7847625599642924e-09,3.287613070229802e-10
panel99_rank,1001,0.2370900124745539,7.463363260740152e-12,3.149583010691387e-10
panel99_rank,1002,0.217780270972815,2.4297630574210416e-10,5.074702442006539e-10
panel99_rank,1003,0.19828370415360677,1.8681267199838203e-08,3.373273196382162e-07
panel99_rank,1004,0.23009063391936818,3.893596556281409e-11,9.170055157410176e-09
panel99_rank,1005,0.27434152539566725,4.6629367034256575e-15,2.3191605380952902e-11
panel99_rank,1006,0.24048843658925512,2.4811264154323e-12,1.199780486070351e-13
panel99_rank,1007,0.2467894723838433,3.292033312618514e-12,1.9636983765260063e-08
panel99_rank,1008,0.25895623428728604,1.5942802633617248e-13,1.550770718029427e-09
panel99_rank,1009,0.18408539637226434,8.477919455351923e-08,4.771785833221216e-08
panel99_rank,1010,0.18053026583412865,1.5436439104732358e-07,4.9979013414484615e-09
panel99_rank,1011,0.24325439190230952,9.359846231404845e-12,1.5066654332025066e-07
panel99_rank,1012,0.2229140364219158,1.5529777463996197e-10,1.9522991599150034e-09
panel99_rank,1013,0.20141916351058858,9.156546632027585e-09,2.257169334012197e-08
panel99_rank,1014,0.1879573314616153,1.0328679267423979e-07,0.0001406474513499622
panel99_rank,1015,0.22538483609756194,2.4093793626889237e-10,1.8045432519525113e-09
panel99_rank,1016,0.20750120555693546,3.027577299974382e-09,7.478611098047009e-09
panel99_rank,1017,0.18320148362709415,1.185221614186105e-07,1.0497720812557533e-06
panel99_rank,1018,0.19018044192461456,6.757830761650041e-08,4.107540019681197e-07
panel99_rank,1019,0.20397980759101053,7.1027748127505674e-09,2.994284676344652e-07
panel99_rank,1020,0.13492856166923275,0.00018480877447912825,0.0007174383671171546
panel99_rank,1021,0.22695066175662323,1.4794987457378284e-10,2.3820526759622715e-07
panel99_rank,1022,0.19237965794995518,3.201342879677327e-08,4.2785261515890674e-08
panel99_rank,1023,0.14753602476806793,4.057149938052618e-05,0.0009056862133522995
panel99_rank,1024,0.23116718822728918,7.21931403546705e-11,4.06436038039009e-11
panel99_rank,1025,0.20359450270219667,9.618694951640805e-09,8.14861177018856e-06
panel99_rank,1026,0.21583378986596338,7.092040288370072e-10,6.588692076538973e-06
panel99_rank,1027,0.24453428039464772,6.80921985463101e-12,5.652117849333432e-09
panel99_rank,1028,0.17261417480776842,9.848182092042634e-07,3.480478892532732e-06
panel99_rank,1029,0.19597966365226122,1.2771703028491288e-08,4.9127422342323954e-11
panel99_rank,1030,0.23721579072635124,1.3179679569930158e-11,7.232259575736269e-09
panel99_rank,1031,0.20374519416433196,4.679008736019341e-09,3.72394014113671e-09
panel99_rank,1032,0.17230607479745533,6.803869165850074e-07,7.435925008535037e-09
panel99_rank,1033,0.22044743252870566,1.3940382181942823e-10,4.429627154220209e-12
panel99_rank,1034,0.24466625010530885,1.5121237595394632e-12,7.793819923607349e-11
panel99_rank,1035,0.12259389612495455,0.0005746831201098868,0.0028950463987385206
panel99_rank,1036,0.15463325715587417,1.1837549262150304e-05,1.8074371458300622e-05
panel99_rank,1037,0.20984968053141556,1.2611276467566768e-09,1.6922620088653371e-10
panel99_rank,1038,0.2411797502573505,9.71445146547012e-12,1.7339717767541023e-11
panel99_rank,1039,0.22095470250805382,3.3752800554509577e-10,2.4800605257719584e-09
panel99_rank,1040,0.17357244720916185,1.2921255851949809e-06,9.597907870694521e-05
panel99_rank,1041,0.23407117107218398,1.1177725411926076e-11,3.2260333406094866e-13
panel99_rank,1042,0.24712948263495724,3.071543019927958e-12,2.493345079478435e-10
panel99_rank,1043,0.18549022200292725,1.7766216675596525e-07,6.74260317119211e-07
panel99_rank,1044,0.26928050840808765,3.064215547965432e-14,2.2677557177630602e-13
panel99_rank,1045,0.2071698628399305,3.4469569420991775e-09,1.7435206736268583e-09
panel99_rank,1046,0.22412579639253244,2.4297386325145e-10,3.88708460590871e-09
panel99_rank,1047,0.25243060016046637,6.747935543671701e-13,7.780657024143923e-11
panel99_rank,1048,0.21473919093519633,1.2622121126071306e-09,4.971861179362716e-09
panel99_rank,1049,0.23221981805026407,5.894640331405299e-11,8.121416141770388e-11
panel99_rank,1050,0.18483668259345148,1.4627253674959206e-07,1.7322018263136512e-06
panel99_rank,1051,0.19168760151161546,5.3048098802577215e-08,2.602863915573309e-05
panel99_rank,1052,0.24091588670666192,5.061950858475939e-12,1.2841355619526175e-09
panel99_rank,1053,0.2533411117580252,8.08464406532039e-13,8.006846900962637e-09
panel99_rank,1054,0.14919777708113352,2.144158871697499e-05,3.931960853497332e-06
panel99_rank,1055,0.11313553869398589,0.0013392008245793896,0.001567112251763471
panel99_rank,1056,0.18970775598731598,5.566425165248745e-08,3.7814422512183235e-07
panel99_rank,1057,-0.0305071328917909,0.3778141637582202,0.02486623588647312
panel99_rank,1058,0.2518153889930254,4.221956118044545e-12,1.2307252308337248e-09
panel99_rank,1059,0.23096604969664322,5.274158887402791e-11,5.813167625361076e-09
panel99_rank,1060,0.18669817392754598,1.713679593784434e-07,4.1918834516224794e-05
panel99_rank,1061,0.1972378649933645,2.763644402214993e-08,3.2276363555303507e-06
panel99_rank,1062,0.17105927881250993,2.3976178287199446e-06,4.2720432950061786e-05
panel99_rank,1063,0.23624817103711246,2.569877644020835e-11,1.0119694771019541e-08
panel99_rank,1064,0.25319918568134064,1.383337888682945e-13,2.1692789395584434e-12
panel99_rank,1065,0.1791615690306576,5.146800619026948e-07,0.0003346271436659663
panel99_rank,1066,0.17221855116042986,1.1897283698214522e-06,4.287663121060192e-06
panel99_rank,1067,0.21440201149170185,1.6121082246911556e-09,8.15019456850183e-08
panel99_rank,1068,0.23651047822537602,8.235412352064486e-11,9.656491957879225e-07
panel99_rank,1069,0.128952148768704,0.00031697793552742937,0.014752469093613963
panel99_rank,1070,0.23889886136778493,1.3032241952259938e-11,1.175239817615409e-09
panel99_rank,1071,0.19955002873406946,1.7872140878338882e-08,2.2773122799719384e-09
panel99_rank,1072,0.18122631793603783,3.074580297024454e-07,2.3335647188681264e-05
panel99_rank,1073,0.24421140801152152,3.756772670726605e-12,4.126479658033757e-08
panel99_rank,1074,0.08641848248224678,0.013574883649532632,0.005524483467369957
panel99_rank,1075,0.16766120968282525,2.6675314035440323e-06,1.867422926551742e-05
panel99_rank,1076,0.2060498944273173,3.1713562886892532e-09,1.8998457711629618e-08
panel99_rank,1077,0.20048549998446952,1.890616818656099e-08,3.4344189288265667e-06
panel99_rank,1078,0.19814215270793842,2.329166282066808e-08,2.022704136947323e-06
panel99_rank,1079,0.1819582303519509,1.7494265103223938e-07,5.2964317599570117e-08
panel99_rank,1080,0.2355825043843176,1.0211498313594802e-10,1.8014548501696085e-09
panel99_rank,1081,0.24494508590630476,4.532818564939589e-12,4.613796506667157e-12
panel99_rank,1082,0.22860650107065442,1.3066014936669035e-10,9.226612698382124e-11
panel99_rank,1083,0.23584981217748902,1.1000755861800826e-11,5.359669986650644e-09
panel99_rank,1084,0.12476820849597696,0.00033562105878504056,0.00017748637818427667
panel99_rank,1085,0.19984265545811322,1.3523072217580534e-08,2.1645466412361244e-08
panel99_rank,1086,0.18984746604698596,7.027282666882684e-08,4.664203037385874e-07
panel99_rank,1087,0.24276336443989377,9.697576075495817e-12,1.8249683405577653e-11
panel99_rank,1088,0.21970716605204424,1.9516521732043657e-10,3.0860245627531365e-10
panel99_rank,1089,0.18753807051089405,1.1352641759998505e-07,5.549233913093632e-07
panel99_rank,1090,0.25954750124071535,3.383959779057477e-13,1.5598540299122501e-09
panel99_rank,1091,0.2601815977663231,1.822986206434507e-13,9.445795615449637e-15
panel99_rank,1092,0.09491551522226035,0.00749562037279583,0.009073699511469293
panel99_rank,1093,0.1819460483103406,2.0699433500581677e-07,3.112752721619261e-06
panel99_rank,1094,0.2554980463945158,5.113687251423471e-13,8.112851983575194e-13
panel99_rank,1095,0.2260952365779229,8.367107007245522e-11,2.5646663529303217e-09
panel99_rank,1096,0.22257708589696365,3.629470057830986e-10,4.4783178511575597e-07
panel99_rank,1097,0.26244073135484963,9.392486788328824e-14,1.8553861003526382e-12
panel99_rank,1098,0.22329304017722468,2.4994228908781224e-10,3.0512771319006426e-10
panel99_rank,1099,0.26592771660568243,4.8405723873656825e-14,1.3843271028601931e-10
panel99_rank,1100,0.20637412406911182,1.4799601544268626e-09,6.00240154814066e-08
panel99_rank,1101,0.21434985102621573,4.208602355504354e-10,1.7585433586478048e-09
panel99_rank,1102,0.2131574653867404,5.891345189468211e-10,1.7248411851658766e-07
panel99_rank,1103,0.21127818877158097,1.3769618778525228e-09,3.5464997696263084e-08
panel99_rank,1104,0.27190778368098717,2.4202861936828413e-14,1.027740941070753e-09
panel99_rank,1105,0.1797491594799489,1.706076606655671e-07,1.121471423707861e-09
panel99_rank,1106,0.24181706515908413,9.120926236505511e-12,4.747374940104784e-13
panel99_rank,1107,0.19607488030406786,2.2919456776904212e-08,2.293663302681065e-07
panel99_rank,1108,0.23666598800271926,2.7783331191244542e-11,6.566282198069221e-07
panel99_rank,1109,0.22389486239217285,2.166582468987599e-10,1.6817405649831665e-06
panel99_rank,1110,0.07448668481245911,0.037818720439540154,0.05599209346337359
panel99_rank,1111,0.18038217026257822,2.2966617141406687e-07,3.0059490424505084e-07
panel99_rank,1112,0.1916101875061015,9.11262292291326e-08,3.5942080204276044e-06
panel99_rank,1113,0.19606425225991642,2.6630305738351012e-08,3.1433349971669733e-06
panel99_rank,1114,0.16663770300900738,2.673696859023522e-06,2.046730571826775e-05
panel99_rank,1115,0.24357261962874685,9.904743691890872e-12,8.629648119813253e-08
panel99_rank,1116,0.21716464851685296,4.91432894378363e-10,3.442913186423349e-11
panel99_rank,1117,0.24951922569377835,7.069900220812997e-13,2.341550507671981e-11
panel99_rank,1118,0.2666711802867615,2.4202861936828413e-14,2.296441043201441e-12
panel99_rank,1119,0.1799200868429814,2.2656197451453863e-07,3.951270884491857e-05
panel99_rank,1120,0.15682920021250193,8.292892378802819e-06,0.0005616634983117439
panel99_rank,1121,0.2204583350681162,3.0916225135513287e-10,8.924286802567118e-11
panel99_rank,1122,0.17744852694081656,1.8019662939572356e-07,1.8101854372711187e-07
panel99_rank,1123,0.1843590668780666,1.5800142261213068e-07,0.0005287989276035215
panel99_rank,1124,0.1836291283522269,1.7107891259193764e-07,6.923854769982479e-07
panel99_rank,1125,0.035701021093454084,0.312966951330234,0.32506304421723997
panel99_rank,1126,0.20920429682692437,2.903755680350173e-09,3.2187648298135927e-09
panel99_rank,1127,0.15745191393090308,1.16174331104002e-05,1.4180519396138527e-05
panel99_rank,1128,0.21888159823359357,4.295392930231401e-10,1.6482223296186594e-09
panel99_rank,1129,0.19671610787436106,2.389273889846777e-08,1.5580516565654245e-06
panel99_rank,1130,0.2238567756985385,5.16306331022065e-10,3.062806270706905e-05
panel99_rank,1131,0.22613483097645337,7.168377003097248e-11,1.6057994667248736e-12
panel99_rank,1132,0.2243481860129218,2.8306113009080036e-10,4.261825593281004e-10
panel99_rank,1133,0.22330679149089833,1.8248269562093355e-10,4.7492385771693635e-08
panel99_rank,1134,0.11413239336757305,0.0015106807163796088,0.00767929299258421
panel99_rank,1135,0.1761643347882786,1.2192076741524005e-06,0.00017722516964010308
panel99_rank,1136,0.1841520560851507,2.3711252494784674e-07,3.522813755731846e-05
panel99_rank,1137,0.16499812134869363,3.396309170788925e-06,1.1595555164527447e-05
panel99_rank,1138,0.20513796811520632,7.509879385025897e-09,7.388608447743087e-07
panel99_rank,1139,0.23902710759705756,3.521383185045579e-11,1.3272708978317538e-09
panel99_rank,1140,0.19378102712539444,1.912325742203791e-08,3.149858831143506e-08
panel99_rank,1141,0.17318183076830707,9.765724193755432e-07,2.691753401223866e-05
panel99_rank,1142,0.20993724751757806,2.295226231296965e-09,7.202422833487211e-08
panel99_rank,1143,0.2095637065820456,2.523767861362103e-09,1.2610199171552348e-09
panel99_rank,1144,0.19054516482897343,5.884242537668172e-08,2.6265376962958083e-08
panel99_rank,1145,0.1666140732951696,1.913468549608055e-06,2.3481985558636835e-05
panel99_rank,1146,0.2702943209240214,4.04121180963557e-14,1.3437421638553178e-11
panel99_rank,1147,0.23521358719827412,1.759170586979053e-11,1.544938432667665e-08
panel99_rank,1148,0.17697331325099702,2.7850705808241116e-07,5.244977189640927e-10
panel99_rank,1149,0.21484362457968406,6.2439853287799e-10,9.46706680530908e-11
panel99_rank,1150,0.2452575946866454,5.409450665183613e-12,1.640996066935959e-09
panel99_rank,1151,0.22574596724982082,1.634217206003541e-10,7.497442600101788e-09
panel99_rank,1152,0.17652395248873398,4.448022938863261e-07,1.2534203056827987e-07
panel99_rank,1153,0.18426151230443902,1.5990014579081446e-07,3.127038115784721e-07
panel99_rank,1154,0.10293039731154743,0.0032032898397409415,0.003044003303252003
panel99_rank,1155,0.22812885636119076,3.434141859770534e-11,1.2485451208677391e-09
panel99_rank,1156,0.2212025044310777,5.11028552807602e-10,8.796331336789565e-07
panel99_rank,1157,0.2092832054109897,4.370718009738539e-09,3.0381077769239544e-05
panel99_rank,1158,0.20200503802255973,7.175698257810836e-09,2.2243542982201172e-09
panel99_rank,1159,0.1337890261889995,0.00011854864235583129,2.558742143453852e-06
panel99_rank,1160,0.23314334802968614,1.3988143976462197e-11,1.128974134202019e-11
panel99_rank,1161,0.11054117391919431,0.001808871696161729,0.017947430595406603
panel99_rank,1162,0.23705512870297724,1.0158540675320182e-11,7.484538636781971e-10
panel99_rank,1163,0.23884981343705378,2.0928370147998976e-11,1.6570795700543658e-09
panel99_rank,1164,0.2528360292164928,8.431033649003439e-13,1.471359534491201e-14
panel99_rank,1165,0.07649674251691754,0.03094155983100544,0.2803569689397952
panel99_rank,1166,0.2758890126806349,1.709743457922741e-14,9.47100087405317e-11
panel99_rank,1167,0.2697278073366692,9.103828801926284e-15,6.5945362432782495e-15
panel99_rank,1168,0.26976814989732073,2.0872192862952943e-14,2.533683721523326e-10
panel99_rank,1169,0.2120181890277843,3.1728693006272124e-09,2.165565648668649e-08
panel99_rank,1170,0.20242704237252485,6.276368536006771e-09,6.88609151847559e-08
panel99_rank,1171,0.2656028451311849,2.0872192862952943e-14,1.6565433703223947e-10
panel99_rank,1172,0.19913231948021068,1.0380263315568072e-08,4.7675212760836886e-08
panel99_rank,1173,0.22322539900254382,2.695630385574077e-10,8.14934398665083e-11
panel99_rank,1174,0.21392285966022995,1.8765375919826965e-09,2.2815180844945933e-10
panel99_rank,1175,0.18002259564113834,1.84145230841537e-07,7.748177058393346e-07
panel99_rank,1176,0.18186051760057745,4.2512555964435705e-07,2.366593815598471e-07
panel99_rank,1177,0.18687883354668736,1.6108901190747815e-07,2.1324224406119573e-05
panel99_rank,1178,0.25116075583223657,1.333599897179738e-12,1.2348154034948873e-12
panel99_rank,1179,0.2127301515457189,3.3404525812130714e-09,1.3064325103069848e-07
panel99_rank,1180,0.16531117240291784,2.242042281608292e-06,2.8165643618340866e-05
panel99_rank,1181,0.19808022412257653,1.856151166101938e-08,7.63108493144601e-06
panel99_rank,1182,0.214472960046486,4.170104261902452e-10,2.705381821754756e-11
panel99_rank,1183,0.2323187571876566,4.225908512012211e-11,3.4149757179910555e-09
panel99_rank,1184,0.17384300331421607,6.040241109506184e-07,1.2233455194317794e-07
panel99_rank,1185,0.1713740411322356,1.4284250524632114e-06,3.333749447504968e-06
panel99_rank,1186,0.3072781966749057,0.0,1.7213437714890465e-15
panel99_rank,1187,0.19658470040852638,3.5363817874056735e-08,7.253631669085979e-09
panel99_rank,1188,0.23356857942997378,5.962341731446941e-11,3.485094330505553e-08
panel99_rank,1189,0.22024115843826367,1.6296208826815928e-10,7.051329120042627e-08
panel99_rank,1190,0.10689348033008557,0.002521408008722803,0.12859048043835558
panel99_rank,1191,0.24330046164420194,3.5837999234900053e-12,1.1184925735568353e-11
panel99_rank,1192,0.18478760371250832,2.2259964294057966e-07,2.321845570396098e-05
panel99_rank,1193,0.2397060568171069,1.9162893494240052e-11,3.617330449043071e-10
panel99_rank,1194,0.16374250959726505,4.826281337910743e-06,5.120989498944987e-05
panel99_rank,1195,0.03420599337321674,0.33560836019001195,0.12649470177826233
panel99_rank,1196,0.14648240207450633,3.3558699004343495e-05,0.0002244938606943874
panel99_rank,1197,0.20898141557621358,4.626407035246416e-09,1.2848656242044272e-09
panel99_rank,1198,0.21098686835959993,4.89925389146606e-09,3.4628258225303675e-06
panel99_rank,1199,0.17798729827032916,2.5654031765576235e-07,7.687254798835976e-07
panel99_rank,1200,0.23012900176180764,2.8739455260051727e-11,2.078638781417033e-10
panel99_rank,1201,0.23751413473142136,1.5866641334127962e-11,4.9631341413278534e-08
panel99_rank,1202,0.1635962594392836,2.007032877227033e-06,3.431673558930263e-05
panel99_rank,1203,0.24263723065356718,2.752909011860538e-12,5.587965227686548e-12
panel99_rank,1204,0.17396502330122948,7.497245768650629e-07,1.173582521405097e-05
panel99_rank,1205,0.24207678784206332,1.4430234784867935e-11,3.603141548015139e-11
panel99_rank,1206,0.21589434451129078,1.4392580460764748e-09,1.1870597044000312e-05
panel99_rank,1207,0.2290500669172496,6.268230379191664e-11,8.701223641592207e-10
panel99_rank,1208,0.24254537053058972,9.206413409401648e-12,1.7028882373839912e-09
panel99_rank,1209,0.21021350874574066,1.936116822420786e-09,4.019329360827924e-09
panel99_rank,1210,0.2737877320541781,4.884981308350689e-15,4.803128277936716e-13
panel99_rank,1211,0.19127668143280233,2.7270246949484545e-08,3.706272032178602e-08
panel99_rank,1212,0.2805330233183978,6.661338147750939e-16,8.00278500987598e-17
panel99_rank,1213,0.2272907630143072,6.158251686372296e-11,1.1470230871888169e-14
panel99_rank,1214,0.17682421194116854,4.4867167869888647e-07,1.7738348946696898e-05
panel99_rank,1215,0.20523824534572394,7.485619679670208e-09,9.814751989741625e-06
panel99_rank,1216,0.12097322225973302,0.0008554222845671422,0.0012636525151315788
panel99_rank,1217,0.2135926289794778,1.494741441732117e-09,2.703270204487237e-09
panel99_rank,1218,0.120527965893157,0.0006466010382659704,0.00010356745609080954
panel99_rank,1219,0.2503484673024777,9.554579349924097e-13,5.535412653708839e-12
panel99_rank,1220,0.10288293332553834,0.0033617812347341847,0.0021306343373554645
panel99_rank,1221,0.1593478677053302,2.850066296522513e-06,6.736186092935778e-06
panel99_rank,1222,0.19878565270320916,1.0931410443504319e-08,1.4573042875211392e-08
panel99_rank,1223,0.23697743202271596,1.3224088490915165e-11,5.124311978754723e-11
panel99_rank,1224,0.1839687460658219,3.2735880428624853e-07,4.3093323209896825e-06
panel99_rank,1225,0.16910366462052362,2.4734764196843173e-06,0.006020530176136782
panel99_rank,1226,0.23690898701424654,1.8493651054996008e-11,3.6756576845147116e-07
panel99_rank,1227,0.2487336642919202,1.0329515021112456e-12,5.962940543495337e-11
panel99_rank,1228,0.1900837195073651,8.413351282321457e-08,7.204001444766244e-06
panel99_rank,1229,0.22911741511574807,1.0681633355602571e-10,1.1038435718525033e-08
panel99_rank,1230,0.17580773786846896,3.413014117992219e-07,4.247952905079125e-08
panel99_rank,1231,0.20079252976345818,1.3656878738999012e-08,9.207209623692796e-08
panel99_rank,1232,0.14593427651526483,4.3825015221043984e-05,0.00446963010237782
panel99_rank,1233,0.22102483013056112,2.558639966565579e-10,4.504600619503157e-10
panel99_rank,1234,0.20500805887144646,3.2426799023710373e-09,4.5883892905109284e-11
panel99_rank,1235,0.16785660776083594,2.1025203325031327e-06,1.7993203108760867e-05
panel99_rank,1236,0.19211759230037387,3.638480605694383e-08,2.6080429206198732e-06
panel99_rank,1237,0.25213537331655,1.7250645356625682e-12,9.043999430206375e-13
panel99_rank,1238,0.12108906355106777,0.0005919075180431665,0.0052475900010367695
panel99_rank,1239,0.2335307359443593,6.858957846134217e-12,1.1878403000353934e-10
panel99_rank,1240,0.11353932266352973,0.0016479917899476781,0.005830348436162518
panel99_rank,1241,0.09797182196221074,0.005703597573159858,0.024652766797017892
panel99_rank,1242,0.18702092624331457,7.270793433988842e-08,1.414152215195487e-08
panel99_rank,1243,0.24129937228082943,3.654854197066015e-12,1.4932471937741176e-12
panel99_rank,1244,0.27615823124838307,1.0880185641326534e-14,1.181444979312654e-16
panel99_rank,1245,0.20834219123816905,4.942309228539443e-09,9.53540027103172e-08
panel99_rank,1246,0.1357269510592558,0.00010734756869767992,3.7252032585891445e-05
panel99_rank,1247,0.2237092814869924,4.0727354821967765e-10,2.3218964679431646e-08
panel99_rank,1248,0.26734926227272315,6.106226635438361e-14,2.118849285527842e-12
panel99_rank,1249,0.1602602855881642,3.164085146334372e-06,7.754048269220066e-08
panel99_rank,1250,0.2094685678796356,3.873802167930762e-09,1.3819480871192465e-09
panel99_rank,1251,0.20560490735380496,3.471360754403463e-09,1.8823925045148015e-09
panel99_rank,1252,0.18008566984653296,2.9705963822124204e-07,1.49863942342508e-06
panel99_rank,1253,0.17819858094185406,2.822834452853584e-07,1.401932928115085e-07
panel99_rank,1254,0.2578792003610714,1.603162047558726e-13,5.2247486054541734e-11
panel99_rank,1255,0.20252688393956322,1.0245202020087163e-08,7.220170560415378e-08
panel99_rank,1256,0.12261579476290066,0.0005499846718513002,0.0006473157954316888
panel99_rank,1257,0.23081226869551613,1.060258547624926e-10,6.74350366864629e-12
panel99_rank,1258,0.205878703439016,5.264867208865098e-09,3.300711435261003e-06
panel99_rank,1259,0.22318970323244028,3.815843196974811e-10,2.5499953881513963e-07
panel99_rank,1260,0.2332819953134479,5.530642610551695e-11,9.848397383630982e-09
panel99_rank,1261,0.1984645815139857,1.5003054354423284e-08,1.6718763637992835e-08
panel99_rank,1262,0.24499459478045435,4.6767034689310094e-12,2.3346552225903267e-08
panel99_rank,1263,0.20676595639034986,3.981705187783291e-09,1.907053788203028e-06
panel99_rank,1264,0.25219127705011785,5.493383525845275e-13,3.400337953339214e-11
panel99_rank,1265,0.1266795852340058,0.00047545531905712757,4.6422197338340774e-05
panel99_rank,1266,0.19864079574272545,1.3740331983314036e-08,2.7381492040551825e-08
panel99_rank,1267,0.1779139147504267,2.9305284354741445e-07,5.063445390779349e-08
panel99_rank,1268,0.22501066334733424,1.1421308343528835e-10,3.89571354696183e-09
panel99_rank,1269,0.19747638671975493,2.612231142506971e-08,2.9036776001398056e-06
panel99_rank,1270,0.21391231839384103,6.667550955796742e-10,7.217237412770087e-08
panel99_rank,1271,0.2397889292887726,1.0505374348213081e-11,4.501921779443622e-13
panel99_rank,1272,0.24188220104879463,7.90234544467694e-12,7.870411990552875e-12
panel99_rank,1273,0.22929057362583297,5.4714011099576965e-11,2.2110246786933823e-10
panel99_rank,1274,0.21522467935724302,1.152439477181133e-09,7.404898899765383e-08
panel99_rank,1275,0.15407610051423895,1.6021202539073798e-05,9.048886145821237e-06
panel99_rank,1276,0.22263680202853844,2.0278512202764887e-10,1.2463809546123952e-10
panel99_rank,1277,0.10650915375303066,0.002284630369595586,0.027043596555680137
panel99_rank,1278,0.14122039189907024,9.082971428164832e-05,0.0021489546977310333
panel99_rank,1279,0.2697226421371099,1.6209256159527285e-14,1.5857053682490227e-11
panel99_rank,1280,0.23182107077269296,3.238675994055029e-11,3.361989376046015e-11
panel99_rank,1281,0.2218058013490326,4.3465475663140296e-10,9.11951878523734e-09
panel99_rank,1282,0.20881170292362702,3.1343292405949796e-09,6.641314663535316e-07
panel99_rank,1283,0.1205170695357772,0.000908065642658995,0.003566073874754826
panel99_rank,1284,0.2656602089328328,2.2648549702353193e-14,7.407134532539491e-13
panel99_rank,1285,0.13644887278749784,0.00013280451760100398,0.01277409262301936
panel99_rank,1286,0.22425032048573476,1.670446003743109e-10,2.1812119364124062e-10
panel99_rank,1287,0.14363669282817798,4.701376531124346e-05,0.006179407635610376
panel99_rank,1288,0.19128335253787773,2.3307305641040443e-08,3.5962354126692073e-10
panel99_rank,1289,0.12839921472185833,0.0002757411683429467,0.0010554282322458998
panel99_rank,1290,0.200487229906906,1.8490742936805304e-08,5.738004845849765e-08
panel99_rank,1291,0.16407342990458948,3.950905237859459e-06,0.0027340629314092754
panel99_rank,1292,0.20672548012504408,2.104470153696525e-09,9.70655410464728e-11
panel99_rank,1293,0.1409686335444996,4.87786042935312e-05,1.2153586078813615e-05
panel99_rank,1294,0.1509506600416443,2.9088956349232475e-05,0.0005546372890119672
panel99_rank,1295,0.1553306800767105,6.970540571415995e-06,1.11322964436551e-06
panel99_rank,1296,0.28619325174088184,4.440892098500626e-16,2.58915024082911e-12
panel99_rank,1297,0.04361210811920118,0.21734754391064048,0.6726284955278046
panel99_rank,1298,0.11970690693332393,0.000714376853873544,0.0020450923988999618
panel99_rank,1299,0.21914756987372822,4.320686031178411e-10,1.5665850148714384e-10
panel99_rank,1300,0.25116807508506017,4.0034642267983145e-13,1.0916753424250216e-12
panel99_rank,1301,0.15626562954646556,9.131623408320522e-06,2.5181105659792186e-05
panel99_rank,1302,0.1534512517790884,6.769826460528705e-06,5.504283983901909e-06
panel99_rank,1303,0.23279526742863377,2.273625732129858e-11,2.8140516456260594e-12
panel99_rank,1304,0.19814487670796732,1.5400824171507566e-08,4.082530022358332e-10
panel99_rank,1305,0.18008290753729314,3.2431340968308575e-07,3.115957634944907e-07
panel99_rank,1306,0.24694601687090575,3.2356339829675562e-12,9.248701016525622e-08
panel99_rank,1307,0.2348577075350413,9.100942222062258e-12,9.99707414624382e-13
panel99_rank,1308,0.23998834390473123,2.8154145681469345e-11,3.94469217165663e-08
panel99_rank,1309,0.2585891213267614,1.192379528447418e-13,2.0469843055806115e-13
panel99_rank,1310,0.22276735825421012,1.0081535606332181e-10,1.7820478228701068e-10
panel99_rank,1311,0.10748388900955912,0.0026840863007648874,0.0007044548016223321
panel99_rank,1312,0.15164831953227353,1.603475659783804e-05,5.699743926162119e-07
panel99_rank,1313,0.25418525669232983,1.290967333034132e-12,9.162603639298137e-12
panel99_rank,1314,0.20933648929906576,2.2574442315459464e-09,3.6685749959018857e-09
panel99_rank,1315,0.19316462259081255,4.461880775963323e-08,8.301113132362425e-06
panel99_rank,1316,0.10958977925586194,0.002145933808179068,0.0016801912135657113
panel99_rank,1317,0.24062807373014614,2.3942181570646426e-11,2.3707340152389947e-11
panel99_rank,1318,0.19017146756547604,3.595026853986383e-08,3.456067795672256e-09
panel99_rank,1319,0.16169663455870073,3.806265971961764e-06,5.147111547492468e-06
panel99_rank,1320,0.22455417091196617,7.381872890732666e-11,1.218981682591816e-09
panel99_rank,1321,0.23217846563756367,7.947820179765586e-11,9.77870103498119e-09
panel99_rank,1322,0.1893231454483543,1.5143025500208296e-07,1.6755718210567575e-05
panel99_rank,1323,0.21006352542736892,1.527439952297982e-09,1.3438522736956036e-08
panel99_rank,1324,0.20593976977207926,2.0685302359879643e-09,6.516374572529024e-11
panel99_rank,1325,0.21835635508284812,1.5363117444877616e-09,3.4981333341647996e-07
panel99_rank,1326,0.12956789224655074,0.0002868583906625588,0.0009511184895005294
panel99_rank,1327,0.25373199704628546,5.062616992290714e-13,6.09211209574018e-12
panel99_rank,1328,0.2351014853735872,1.457434173346428e-11,4.546601406944138e-13
panel99_rank,1329,0.12990858815850165,0.00026320658054390655,5.511453934372664e-05
panel99_rank,1330,0.1507841011027419,2.0430005112315186e-05,0.0027872015020051345
panel99_rank,1331,0.25068114345815407,8.306688670245421e-13,1.909452091102581e-09
panel99_rank,1332,0.27278215192705135,1.7319479184152442e-14,1.1471920297987207e-09
panel99_rank,1333,0.21795799724732232,7.8987594243074e-10,3.1471146508987926e-08
panel99_rank,1334,0.22035338585872435,1.638049695884547e-10,1.748080638855034e-10
panel99_rank,1335,0.2343677875224895,5.51392265180084e-11,1.3251154485521764e-08
panel99_rank,1336,0.22324949534476501,1.6627765830889984e-10,2.650372838271345e-09
panel99_rank,1337,0.1690640688161768,1.0704578325970715e-06,1.54609498805541e-07
panel99_rank,1338,0.21790568200528485,7.861000739239898e-10,2.47856346269695e-07
panel99_rank,1339,0.32652353029068304,0.0,8.355071394396401e-17
panel99_rank,1340,0.17697084878686092,4.1976375952934575e-07,3.812792592210758e-07
panel99_rank,1341,0.23482152803536,4.536770958907255e-11,1.8284300971438982e-08
panel99_rank,1342,0.23998915157014836,8.125056183416746e-12,3.5126659178795283e-09
panel99_rank,1343,0.23216900812630684,2.439914936758214e-11,5.7965039092783565e-08
panel99_rank,1344,0.2722923087493853,7.704947790898586e-14,1.0862735711974187e-13
panel99_rank,1345,0.21378224091297493,1.1702645519306998e-09,2.8556718230266023e-09
panel99_rank,1346,0.23775476619625377,9.031664305325648e-12,7.284209194057474e-10
panel99_rank,1347,0.16979611567497085,1.2784345142513587e-06,3.4777093755630494e-07
panel99_rank,1348,0.14777920011220536,2.6569117527186492e-05,1.7177394894726867e-07
panel99_rank,1349,0.09441565619316433,0.006979055773782994,0.0056472412103797266
panel99_rank,1350,0.15797290740733486,9.705536786475122e-06,0.0010907056171063655
panel99_rank,1351,0.21831412421686466,1.9558887842663353e-10,1.7640927265416518e-11
panel99_rank,1352,0.07629385962072732,0.029049794247337557,0.29730889704909735
panel99_rank,1353,0.1985241807652871,1.2152118200603468e-08,2.666906633371323e-08
panel99_rank,1354,0.1730655692336115,1.1104407431350438e-06,0.0002838500829858577
panel99_rank,1355,0.12621904693220243,0.00031353597721106574,2.705108430369182e-05
panel99_rank,1356,0.1805990830345784,4.158046214008948e-07,2.7833019289082517e-06
panel99_rank,1357,0.20219321639339707,9.286231783534049e-09,3.324740455614363e-07
panel99_rank,1358,0.2670354701238345,6.905587213168474e-14,5.001295006136511e-10
panel99_rank,1359,0.20543872540481056,9.771885078890818e-09,1.034858014547908e-06
panel99_rank,1360,0.14254145638765528,4.339354756655034e-05,0.00013771219465518532
panel99_rank,1361,0.2239566782367644,3.627211864198898e-10,1.575541178394283e-09
panel99_rank,1362,0.2168219654293412,8.673717299956252e-10,1.3132666733806102e-07
panel99_rank,1363,0.2611898596586595,1.5409895581797173e-13,3.93334102429808e-11
panel99_rank,1364,0.23219043642673703,4.043831935973685e-11,4.331729466528897e-10
panel99_rank,1365,0.2923549739356111,2.220446049250313e-16,7.061696935466822e-13
panel99_rank,1366,0.2667294380845252,5.062616992290714e-14,4.796367842071256e-14
panel99_rank,1367,0.2388212984128639,6.045386413688902e-12,6.805073148370604e-10
panel99_rank,1368,0.22335260669553214,3.6125680225040924e-10,1.8693589488656814e-07
panel99_rank,1369,0.17576054754098694,3.0568031150757236e-07,4.393827529785634e-06
panel99_rank,1370,0.11045302015153666,0.0016472763193595696,0.11808236823167922
panel99_rank,1371,0.2518086290324491,3.346212196220222e-13,1.8198849843426043e-11
panel99_rank,1372,0.16591896499706377,3.0801591079931967e-06,4.630358756048956e-06
panel99_rank,1373,0.20573549633247704,2.388455877522233e-09,9.854191347161491e-08
panel99_rank,1374,0.20350690316171696,7.822321013151168e-09,3.63228026079911e-07
panel99_rank,1375,0.22282893238007023,9.758727159692171e-11,3.094328862332953e-09
panel99_rank,1376,0.1791015757459937,5.126821647216673e-07,2.1617985349873926e-05
panel99_rank,1377,0.2217061112212054,3.132041292985832e-10,6.688585599377359e-09
panel99_rank,1378,0.17952354799405273,3.946631030871117e-07,1.5916670340902373e-05
panel99_rank,1379,0.21888644766726476,6.957510123584143e-10,1.635890932676093e-08
panel99_rank,1380,0.1892862122443481,5.110285372644796e-08,5.0018066939913095e-06
panel99_rank,1381,0.24972272533622364,1.9730883593638282e-12,2.8859777567253344e-06
panel99_rank,1382,0.17157009654503125,2.7011571637203247e-06,7.78417141379275e-05
panel99_rank,1383,0.16489645660409594,3.6746902327688957e-06,0.00018439058125271053
panel99_rank,1384,0.1797147829980437,3.888959922981883e-07,1.96007596413741e-06
panel99_rank,1385,0.21244159842749838,6.452531842171538e-10,2.078341148794222e-09
panel99_rank,1386,0.22069090979147962,2.4091550976379494e-10,2.4345690694626883e-11
panel99_rank,1387,0.24177675054830372,3.0198066269804258e-12,4.905731822462915e-12
panel99_rank,1388,0.19707419357760278,1.893471690550541e-08,2.1956994285531988e-08
panel99_rank,1389,0.22160756308071847,1.8492207765063995e-10,3.9071775006582265e-07
panel99_rank,1390,0.1919575925375615,2.11435751129585e-08,7.839960796437289e-10
panel99_rank,1391,0.2338600514894384,1.464894872071909e-11,1.7634099472356484e-10
panel99_rank,1392,0.31873935009366344,0.0,5.876764808493741e-13
panel99_rank,1393,0.19941594263631374,8.888734193135406e-09,4.393672159772764e-09
panel99_rank,1394,0.15055022865753168,1.4408590697012613e-05,3.088429685543031e-05
panel99_rank,1395,0.22005291416747563,3.9095593429294695e-10,1.830581187584362e-08
panel99_rank,1396,0.23593263162226594,3.4714453533979395e-11,1.2856609187400165e-08
panel99_rank,1397,0.21751633462944775,6.193223711647988e-10,8.605175108896647e-10
panel99_rank,1398,0.16908908296144867,6.833676278183987e-07,6.748045120303116e-10
panel99_rank,1399,0.25541162041183346,9.623413177450857e-13,3.50777483209276e-08
panel99_rank,1400,0.15265601789938807,1.41677577178978e-05,0.0005205627029544785
panel99_rank,1401,0.1274674938434718,0.0003398898427204866,0.001983680583332577
panel99_rank,1402,0.17515264348724882,8.878647732579736e-07,4.007989895964078e-05
panel99_rank,1403,0.2008025834087113,8.068918644354994e-09,4.3807116054927294e-07
panel99_rank,1404,0.19452583949864596,6.098524041320275e-08,1.9476129787556114e-05
panel99_rank,1405,0.2139720373972014,1.2147070016510497e-09,3.605937510265715e-08
panel99_rank,1406,0.22347771456400659,2.5901991662635737e-10,5.701995308370252e-08
panel99_rank,1407,0.16591016411050127,3.0358011688935704e-06,5.320395842196023e-05
panel99_rank,1408,0.17361496658997783,6.457405068438504e-07,3.338645025668745e-05
panel99_rank,1409,0.19760028438216834,2.2844707014968435e-08,1.4398312050660136e-05
panel99_rank,1410,0.1844390599658589,9.621890284527979e-08,7.832147837123557e-08
panel99_rank,1411,0.1967731687757024,1.6506413125227937e-08,4.509454148898287e-09
panel99_rank,1412,0.17947771880677382,3.329661306672449e-07,7.252353442697945e-05
panel99_rank,1413,0.217561976417788,4.786611107476801e-10,8.347609858580255e-09
panel99_rank,1414,0.16906552941134928,1.501511595281002e-06,0.0006593865941398255
panel99_rank,1415,0.26203655522455227,6.616929226765933e-14,1.495515126745049e-14
panel99_rank,1416,0.17289473104981032,5.965986307199245e-07,1.77748842700977e-07
panel99_rank,1417,0.21796756575268592,1.0527143601279931e-09,1.2220166361260875e-06
panel99_rank,1418,0.16752837474334523,2.3027087316940253e-06,8.734122719528635e-05
panel99_rank,1419,0.20404156783900873,2.7219866360894684e-09,5.04891693350029e-06
panel99_rank,1420,-0.0001865497424369507,0.9957855135684495,0.5134139506815114
panel99_rank,1421,0.20779223721066659,1.0600670563576386e-08,6.459437885105603e-05
panel99_rank,1422,0.18994213456217227,6.866327706411823e-08,1.554516313562295e-07
panel99_rank,1423,0.12240414903545271,0.0005217787451399225,0.005021968505014778
panel99_rank,1424,0.23939804292275774,6.709433009177701e-11,3.7441474119920956e-10
panel99_rank,1425,0.2545166079757827,4.2787995369053533e-13,2.443882568715644e-13
panel99_rank,1426,0.209020565021668,4.515460227949575e-09,1.4164460719143584e-06
panel99_rank,1427,0.2690535872651679,5.218048215738236e-14,1.725115629348098e-11
panel99_rank,1428,0.23160697891865753,2.5476731835283317e-11,3.982520278406034e-11
panel99_rank,1429,0.21190929556684224,2.9801099366011385e-09,1.3166498663762148e-06
panel99_rank,1430,0.2210582479966874,4.94217111679518e-10,2.754486234324182e-07
panel99_rank,1431,0.05717981000773613,0.10686722458981213,0.14551126489287264
panel99_rank,1432,0.21763769522576665,7.377587429857613e-10,1.8604119882755455e-07
panel99_rank,1433,0.1766194087161116,9.81364594032641e-07,0.001168932013632022
panel99_rank,1434,0.15187455819409953,1.6393200910513883e-05,7.984018978839532e-05
panel99_rank,1435,0.14154572612033792,9.888450143780148e-05,0.0022866908984059075
panel99_rank,1436,0.11379215419507416,0.001167722444404884,0.017127020930343753
panel99_rank,1437,0.23175272105741274,4.707478851173619e-11,4.489018767905057e-09
panel99_rank,1438,0.24296946051617505,7.996048267955302e-12,2.7448273642948034e-10
panel99_rank,1439,0.22606464353153968,6.860689794052632e-11,8.001768250097205e-09
panel99_rank,1440,0.2009628668195289,5.5575934965190754e-09,5.532021008975995e-09
panel99_rank,1441,0.24268852236495364,5.7480686876942855e-12,1.4825523999824075e-11
panel99_rank,1442,0.15006500337952605,2.4513848595031362e-05,8.650337656326705e-05
panel99_rank,1443,0.1692019286568003,1.8382449495923936e-06,1.8271647281018665e-06
panel99_rank,1444,0.22298037447728042,7.182348049639131e-10,4.773313750770853e-09
panel99_rank,1445,0.17152246194862028,8.527627064491838e-07,2.0078720414029814e-06
panel99_rank,1446,0.2253195076540948,1.5502021888380568e-10,3.873219950023718e-08
panel99_rank,1447,0.24596475496222595,5.168532268839954e-12,6.436702379848345e-08
panel99_rank,1448,0.18368017520122684,2.3557181649813685e-07,1.3566346772576087e-06
panel99_rank,1449,0.21977161775999257,2.0424129054674722e-10,3.6726483064990927e-09
panel99_rank,1450,0.1644851984708527,2.6917424988948113e-06,1.965686691585771e-06
panel99_rank,1451,0.16972267056349918,1.8022666548045407e-06,3.53756166571942e-06
panel99_rank,1452,0.19365830052784233,2.7412845104990424e-08,6.050728129129076e-06
panel99_rank,1453,0.18675486353533433,7.884046548944923e-08,9.03051075022806e-06
panel99_rank,1454,0.1803941024561445,6.255111626440879e-07,0.0005310795873250392
panel99_rank,1455,0.2396067496370489,6.779909966780906e-12,1.2175248620426916e-09
panel99_rank,1456,0.24028646387801855,3.730349362740526e-12,6.68833287455171e-14
panel99_rank,1457,0.08515423107464583,0.015173419642933172,0.0010528197974896032
panel99_rank,1458,0.15226384458651188,1.3470072606658334e-05,5.855080293952839e-06
panel99_rank,1459,0.1964722521728955,1.38515954262175e-08,1.280678901512582e-09
panel99_rank,1460,0.20748058665443891,7.4318753373603386e-09,2.9915400583744633e-07
panel99_rank,1461,0.14310875544295754,3.9870061602442775e-05,2.1352062939381725e-05
panel99_rank,1462,0.15617096992679516,1.1125798001332399e-05,0.0014869002063835862
panel99_rank,1463,0.17807532928475012,4.839761700292655e-07,5.26993567239381e-06
panel99_rank,1464,0.2633168016468041,7.30526750203353e-14,2.331943625405816e-11
panel99_rank,1465,0.14577460916662094,3.085656515966484e-05,3.222786413152565e-06
panel99_rank,1466,0.22940573970037242,6.401545959988653e-11,1.4234430585489873e-10
panel99_rank,1467,0.2212788866736358,5.28965315993446e-10,5.231892237054985e-07
panel99_rank,1468,0.19642918609287785,2.9178545135621903e-08,5.426320108500661e-06
panel99_rank,1469,0.11988809303374857,0.0005573988318274825,0.00040966735261481523
panel99_rank,1470,0.2273746564768534,7.76467778962342e-11,8.01335426201024e-11
panel99_rank,1471,0.24924068186287576,1.311839525897085e-12,8.388938535013682e-10
panel99_rank,1472,0.1684446486135235,1.748744018481574e-06,3.8099983448597437e-07
panel99_rank,1473,0.22796589640138684,1.6874102115593814e-10,1.0270673428528895e-05
panel99_rank,1474,0.20389687622252253,3.4553324645969496e-09,1.2997668635553427e-07
panel99_rank,1475,0.29510901428550607,0.0,4.106396467906414e-14
panel99_rank,1476,0.24158930311099389,1.63158375698913e-12,1.4165196322390007e-09
panel99_rank,1477,0.1620914277815769,3.968430282608182e-06,6.580206772209711e-05
panel99_rank,1478,0.1787099374907934,2.5329845132482376e-07,9.209105296435065e-08
panel99_rank,1479,0.22143482261618969,7.892058118130763e-10,1.2414121342222393e-07
panel99_rank,1480,0.2213092397081145,4.905700290436243e-10,5.329259969027713e-11
panel99_rank,1481,0.20291614974223143,8.539409623864458e-09,3.5210189981920735e-09
panel99_rank,1482,0.21260042558485387,1.1082539330686814e-09,3.1432972122517985e-09
panel99_rank,1483,0.15940550691645125,4.602913533435782e-06,4.642302056637513e-06
panel99_rank,1484,0.23697690290749218,1.7039036848132127e-11,9.7401572870845e-09
panel99_rank,1485,0.22664743860114545,4.6555204136211614e-11,3.1672294401040813e-13
panel99_rank,1486,0.24049796939285187,2.6063595726100175e-12,3.904384218601275e-11
panel99_rank,1487,0.2269507091278416,4.2472914074664914e-11,2.739068159082128e-09
panel99_rank,1488,0.12670320574123656,0.0002778451994318587,5.036871998249318e-06
panel99_rank,1489,0.18706105943895626,7.904887477927502e-08,4.2239102036763535e-06
panel99_rank,1490,0.2129811194245563,1.7673389418604302e-09,9.543523068311557e-09
panel99_rank,1491,0.18006723070031289,3.6449561835461e-07,8.314591415319516e-06
panel99_rank,1492,0.1298310685960384,0.0002639098897081471,0.0016698435394532846
panel99_rank,1493,0.14705151986981105,2.9420596645346464e-05,0.00027558641510978284
panel99_rank,1494,0.21170637636525394,1.4523831026735934e-09,1.636260088134355e-08
panel99_rank,1495,0.08520115171085088,0.016898614181669158,0.036628968094595045
panel99_rank,1496,0.22342397471326136,1.5182899382182313e-10,3.4252340710346327e-07
panel99_rank,1497,0.2343038102017819,1.517985737109484e-11,1.6116865081633104e-09
panel99_rank,1498,0.21607029506930694,5.651099588277475e-10,2.5936495912488418e-09
panel99_rank,1499,0.240590763977511,4.991784763319629e-12,2.9435173381275507e-13
panel99_rank,1500,0.18421608430174555,2.754699968132712e-07,0.00020751472099024258
panel99_rank,1501,0.21864926215494002,4.795970287574391e-10,2.295808407140877e-06
panel99_rank,1502,0.13114260944808473,0.00017603965106327557,0.0007544193417191742
panel99_rank,1503,0.21178994040518595,1.6173411498954238e-09,5.601714192541598e-08
panel99_rank,1504,0.1972376518688254,1.2805112747926728e-08,1.556540182128248e-07
panel99_rank,1505,0.2166402994890116,8.580576249528349e-10,3.537994818541349e-09
panel99_rank,1506,0.20985622704863247,4.209583348568913e-09,2.4599962106876423e-10
panel99_rank,1507,0.2323294829489708,2.5408564141571333e-11,7.421323904262416e-11
panel99_rank,1508,0.2791743613325042,1.0436096431476471e-14,1.514034871006333e-10
panel99_rank,1509,0.12318051841606852,0.0004373640663022371,0.0029380075866767275
panel99_rank,1510,0.2120433866772276,1.8511823185463072e-09,1.0344615885498733e-06
panel99_rank,1511,0.18138715216045118,2.438252606484781e-07,3.807398775996736e-06
panel99_rank,1512,0.236907171191695,9.928280420012925e-12,1.9268688431479894e-11
panel99_rank,1513,0.2323213096604597,4.356781602155024e-11,4.7493535005664954e-11
panel99_rank,1514,0.2330377437733836,4.969402667143186e-11,5.042767863687351e-08
panel99_rank,1515,0.20096860246114642,2.359301221055432e-08,3.1266032853943336e-05
panel99_rank,1516,0.21507978144056222,2.10975614756137e-09,4.23991206688077e-07
panel99_rank,1517,0.23884035249133215,6.3515859238805206e-12,2.1936264041237583e-11
panel99_rank,1518,0.2120491456840203,2.00382732629123e-09,3.803834642254408e-09
panel99_rank,1519,0.18871904454011154,7.65672780733695e-08,1.586821198719295e-06
panel99_rank,1520,0.21221609258282212,3.472504506163432e-09,2.4965900229618625e-07
panel99_rank,1521,0.15266177221552593,1.4472896387118794e-05,0.0023573797754651744
panel99_rank,1522,0.17830804514226947,5.842581376480638e-07,4.6060152255702684e-05
panel99_rank,1523,0.21410801070535393,4.992823932070678e-10,1.977066885004181e-11
panel99_rank,1524,0.18568141430800508,1.7707380806086803e-07,2.2298147678033327e-08
panel99_rank,1525,0.24717223929747073,4.023892330451417e-12,4.1629678514271807e-10
panel99_rank,1526,0.22221737920695206,3.8100567145704645e-10,6.679485722752512e-10
panel99_rank,1527,0.19415754509633484,2.064144277724722e-08,2.9324680850000838e-08
panel99_rank,1528,0.19678557771375396,2.3398278647945858e-08,3.031779967214492e-08
panel99_rank,1529,0.1953418775443494,2.3863778286781212e-08,8.178418319108534e-08
panel99_rank,1530,0.20292064698271428,8.036473708727954e-09,7.224688220674481e-09
panel99_rank,1531,0.2404236082256528,7.677858349097733e-12,4.3657600070944705e-09
panel99_rank,1532,0.20164366887245033,1.554387196733842e-08,3.297726280807385e-07
panel99_rank,1533,0.24188507064657774,1.885824829628291e-12,1.78491494249257e-11
panel99_rank,1534,0.19480861412088363,2.2374172958805616e-08,2.9375330100158873e-08
panel99_rank,1535,0.24414108491909117,3.027578188152802e-12,1.6624205874628043e-08
panel99_rank,1536,0.14036581907314374,7.976720433888751e-05,0.0001352937591373211
panel99_rank,1537,0.1737046022919042,5.30508294405152e-07,3.1812031451531665e-07
panel99_rank,1538,0.1743317471901916,6.382519681658039e-07,9.20060173117803e-05
panel99_rank,1539,0.22740416511962974,4.7934323177400984e-11,8.21653562880821e-10
panel99_rank,1540,0.1452489373275247,2.359142496888289e-05,1.2017709507695986e-06
panel99_rank,1541,0.14062596609023578,6.011123848570499e-05,0.0031553179335231905
panel99_rank,1542,0.2373943964218496,9.57278700752795e-12,7.675767193625754e-10
panel99_rank,1543,0.17041004177319294,1.8338548659624365e-06,5.627786908709905e-05
panel99_rank,1544,0.1473373391822934,2.3910351883982273e-05,6.645030602424896e-06
panel99_rank,1545,0.20235719900726232,7.83484210842289e-09,3.3694627882673324e-09
panel99_rank,1546,0.21811758289089692,2.743807403504661e-10,1.1190748483055575e-10
panel99_rank,1547,0.15935512075146138,6.4515306985590826e-06,1.1828857366465476e-05
panel99_rank,1548,0.16508624803178445,2.6399630508322502e-06,3.2753814211717636e-08
panel99_rank,1549,0.21309882790684315,1.8225201348087694e-09,1.1760882899361077e-08
panel99_rank,1550,0.15863786005600874,8.349603165980213e-06,0.0002557827147164687
panel99_rank,1551,0.24506443724061208,8.713030297258229e-13,6.103614595387047e-10
panel99_rank,1552,0.252324224203751,9.092726571680032e-13,3.82191036470747e-12
panel99_rank,1553,0.16644393637206725,1.0408425079599937e-06,3.4843378955735436e-08
panel99_rank,1554,0.2178657357004972,3.3916980335391145e-10,2.1103873345504647e-11
panel99_rank,1555,0.15340206265389625,1.728140153511859e-05,0.0006241357664304286
panel99_rank,1556,0.17841848798604237,2.2404033472867013e-07,2.629746029910607e-07
panel99_rank,1557,0.2052049921091001,1.2410513061666961e-08,7.125338763328808e-07
panel99_rank,1558,0.1334010925587885,0.0001653742906158051,0.0004800456587415149
panel99_rank,1559,0.15924842210477877,7.635838244812732e-06,1.8099900323820784e-06
panel99_rank,1560,0.16747809484020437,1.2359540895179322e-06,1.3823488599525101e-06
panel99_rank,1561,0.2161433134331695,1.1164873470193015e-09,3.1804792771519484e-06
panel99_rank,1562,0.24882983973540532,2.0405899192610377e-12,1.1793098446750088e-09
panel99_rank,1563,0.22264422918068616,3.175470997263119e-10,3.498266640439343e-09
panel99_rank,1564,0.22233326870257483,2.608457894126559e-10,2.427412527463226e-07
panel99_rank,1565,0.20226445332215703,1.9285187669026982e-08,0.0001600961569026
panel99_rank,1566,0.23199192887589823,4.57318627411496e-11,1.4929234797130805e-09
panel99_rank,1567,0.2039452527857021,7.845835092723519e-09,9.12655696761889e-11
panel99_rank,1568,0.18840391692021166,3.318372354677024e-08,4.43289165842193e-08
panel99_rank,1569,0.24620779535306986,2.822408973202073e-12,2.053024597444201e-12
panel99_rank,1570,0.19898693786686752,1.1562221624572544e-08,8.486097248114134e-09
panel99_rank,1571,0.15700387642273414,1.266606523664393e-05,7.967484370925783e-06
panel99_rank,1572,0.20373986397005842,5.001456804265558e-09,3.4915268325327645e-08
panel99_rank,1573,0.23427907107586576,2.113864638886298e-11,3.335105337835997e-09
panel99_rank,1574,0.2266735696269967,7.396971923867568e-11,9.465866685617004e-09
panel99_rank,1575,0.16172942706998789,3.225924398275737e-06,9.327586939109439e-06
panel99_rank,1576,0.16110328143231925,5.5464627821688595e-06,2.897159309175332e-05
panel99_rank,1577,0.24803491194352678,3.638422896301563e-12,1.9965508068855552e-10
panel99_rank,1578,0.19629532926917753,1.427067997106235e-08,2.4220453411227478e-08
panel99_rank,1579,0.19226788278566492,3.472870657716953e-08,1.0638385826611597e-06
panel99_rank,1580,0.17958490088059895,1.7926170148285792e-07,7.74558473185369e-07
panel99_rank,1581,0.21497328172061958,1.1060992122224889e-09,7.253529186704903e-07
panel99_rank,1582,0.18262881236123124,2.0168131253939237e-07,3.440089062485913e-07
panel99_rank,1583,0.1361821656046619,0.00011427652543138933,0.004116685149918442
panel99_rank,1584,0.12604567001106037,0.0004118238468073798,0.006377101149688532
panel99_rank,1585,0.21615071408019865,1.246468706028736e-09,3.843933713551721e-10
panel99_rank,1586,0.27074281663189276,3.26405569239796e-14,1.2348657221499245e-10
panel99_rank,1587,0.1881083944697995,8.153747277361845e-08,6.851493123628669e-07
panel99_rank,1588,0.27120845755391676,2.3314683517128287e-14,5.6524174390077137e-11
panel99_rank,1589,0.22389292265899982,2.1969071006822105e-10,4.5528077737566933e-10
panel99_rank,1590,0.18778132914461662,8.96928309401801e-08,1.3243611270460414e-06
panel99_rank,1591,0.22877625283103487,4.295386268893253e-11,1.157635383417591e-08
panel99_rank,1592,0.26311063093144926,4.8183679268731794e-14,2.5993950381989305e-15
panel99_rank,1593,0.25879343230911,7.100986465502501e-13,1.923810706045721e-08
panel99_rank,1594,0.18307744881132013,3.5848613655353745e-07,5.64676508581325e-05
panel99_rank,1595,0.2554596058691377,2.6489921367556235e-13,3.9961033439091645e-13
panel99_rank,1596,0.17304785184087115,3.8775168542670713e-07,1.9716025764037827e-07
panel99_rank,1597,0.2404658273537505,3.68638453096537e-12,1.0618381227646625e-12
panel99_rank,1598,0.1553725866972809,7.4673574324002345e-06,1.0627622361347731e-05
panel99_rank,1599,0.24434259315348944,6.603606550470431e-12,1.609304754085431e-11
panel99_rank,1600,0.24139814655059424,8.90376661288883e-12,4.892597249150719e-12
panel99_rank,1601,0.17373478008288268,7.174709730772832e-07,9.705998826564881e-08
panel99_rank,1602,0.20333646286131055,3.0166797948538715e-09,2.814800840859516e-12
panel99_rank,1603,0.16274830969428708,3.018248434294435e-06,0.0005214800786645552
panel99_rank,1604,0.21442484762280936,6.917015848983965e-10,8.405502165753858e-12
panel99_rank,1605,0.20411892588672273,6.310663991371257e-09,2.682374520957596e-08
panel99_rank,1606,0.1586671723525093,5.33399424718084e-06,7.950525306757537e-07
panel99_rank,1607,0.1528281032080438,1.324040569183893e-05,0.029207803226695916
panel99_rank,1608,0.21422918488096201,8.408465035358859e-10,2.275697855800505e-09
panel99_rank,1609,0.13543776822215267,0.00013062465502766685,0.0002519136540826892
panel99_rank,1610,0.2376282661476074,1.2490897205452711e-11,2.0119369620786463e-11
panel99_rank,1611,0.23484346581197568,5.01778618655635e-11,8.882992879045757e-10
panel99_rank,1612,0.24270920357838982,5.148326209791776e-12,5.338070762472752e-10
panel99_rank,1613,0.2108915978791176,2.4455979463766653e-09,3.180064063588826e-07
panel99_rank,1614,0.17062707731418628,2.0815179109234805e-06,0.001418514749824277
panel99_rank,1615,0.1252777020979922,0.0003455239570258062,0.0010989083368122636
panel99_rank,1616,0.18361834482095468,2.572394561806135e-07,2.3884628736859756e-05
panel99_rank,1617,0.24667058022710506,1.7605916724505732e-12,4.151359624759768e-11
panel99_rank,1618,0.1975302021434738,2.3579742158830186e-08,6.643204681727681e-07
panel99_rank,1619,0.23813098987914819,1.965538842796377e-11,5.946623739313236e-09
panel99_rank,1620,0.16641588181698344,1.8357694777648703e-06,1.4297462468628645e-05
panel99_rank,1621,0.2546924656086419,7.884803920887862e-13,6.113631649843046e-11
panel99_rank,1622,0.22488939254932025,3.9273184704313735e-10,8.802727796476529e-07
panel99_rank,1623,0.22327309373496315,5.092841703913109e-10,2.9380985033807392e-06
panel99_rank,1624,0.18531510484426636,1.6397744562191008e-07,0.0003403464069324454
panel99_rank,1625,0.2447622687975205,2.298161660974074e-12,5.907219768499179e-10
panel99_rank,1626,0.250719206208215,1.0134115768778429e-12,2.3432570094745564e-09
panel99_rank,1627,0.2051888499785107,5.650831136350121e-09,3.389840964737586e-07
panel99_rank,1628,0.21207263020747857,1.996433685036436e-09,1.0913669760588071e-08
panel99_rank,1629,0.24701268147646696,1.6293633109398797e-12,7.671129084531881e-09
panel99_rank,1630,0.11965439790121656,0.0005774564261866733,6.741831790645753e-05
panel99_rank,1631,0.27229233667963837,1.2656542480726785e-14,9.634236509493584e-13
panel99_rank,1632,0.2181360670220361,4.764615368912928e-10,1.2860591636554528e-08
panel99_rank,1633,0.1917216825454219,4.978824064139076e-08,2.0452808686413995e-07
panel99_rank,1634,0.2730269107181743,1.7763568394002505e-14,1.2910633837950923e-12
panel99_rank,1635,0.16825595944603924,1.4231792870855742e-06,5.703092703185652e-06
panel99_rank,1636,0.12600347153536756,0.0003452255184928088,0.0010721540479930625
panel99_rank,1637,0.14509799782841826,3.637939485234831e-05,4.7538692944507355e-05
panel99_rank,1638,0.23170445124483907,2.0307311388023663e-11,1.803708069697559e-09
panel99_rank,1639,0.20892918037244546,1.4158729744195853e-09,3.353193100908347e-08
panel99_rank,1640,0.2304694904542189,2.2922108655620832e-11,6.863778833185107e-09
panel99_rank,1641,0.25027007256713213,1.7275070263167436e-12,4.894598765256089e-10
panel99_rank,1642,0.12507364526184717,0.00040834492249208765,0.0024944795344180237
panel99_rank,1643,0.1456571287156903,2.684012328124652e-05,2.365968247696813e-05
panel99_rank,1644,0.21887893274933945,4.75720574044658e-10,1.7657841529892617e-09
panel99_rank,1645,0.21427057201179442,7.911418187234176e-10,6.411865299466505e-10
panel99_rank,1646,0.16526007698750028,1.7878619666955586e-06,1.8794525983396271e-06
panel99_rank,1647,0.2139528516884084,5.528686397582305e-10,6.074432256135218e-10
panel99_rank,1648,0.19419021503941233,3.763112554899806e-08,0.00019801084705168737
panel99_rank,1649,0.24532952799881844,9.849898674474389e-13,3.030831689695019e-11
panel99_rank,1650,0.20799602039153897,2.9876945362161678e-09,1.127617957673116e-06
panel99_rank,1651,0.18309833994315652,2.1073585565467567e-07,3.61090854486761e-07
panel99_rank,1652,0.1394782441406328,6.891422326371632e-05,0.00016724434400987353
panel99_rank,1653,0.2793680401235309,1.7763568394002505e-15,1.0981254233737781e-14
panel99_rank,1654,0.2692623015401125,4.04121180963557e-14,7.38087486299524e-11
panel99_rank,1655,0.15182102053156965,1.6627440899030788e-05,2.2566559714316806e-05
panel99_rank,1656,0.2155974765385959,7.513782929180479e-10,3.1595164729007276e-10
panel99_rank,1657,0.25187041805353283,4.67847982577041e-13,2.638829114879934e-13
panel99_rank,1658,0.28252403350528826,8.881784197001252e-16,1.2809835804685877e-12
panel99_rank,1659,0.22329866845575275,8.02884425610273e-11,8.512509966109119e-09
panel99_rank,1660,0.18498661627674348,1.0217415513658068e-07,2.998945279782192e-06
panel99_rank,1661,0.22589582259154076,1.466882171285988e-10,5.94181327030477e-11
panel99_rank,1662,0.19687450693848646,4.4020574074821184e-08,6.903284688462181e-08
panel99_rank,1663,0.17719810037565123,4.907409807408669e-07,3.1002745933112987e-07
panel99_rank,1664,0.20547584690176882,3.739794696144827e-09,4.9599570167592795e-09
panel99_rank,1665,0.14200173138175098,4.6839263518894114e-05,1.3404115865357064e-06
panel99_rank,1666,0.13778595323054071,8.326675406089556e-05,0.00113359265317858
panel99_rank,1667,0.26246726858370467,3.785860513971784e-13,6.115101633821786e-12
panel99_rank,1668,0.15463229942746726,1.0963053339363427e-05,6.631084962762642e-06
panel99_rank,1669,0.1518545421055707,1.5668882073383017e-05,1.3156898401443593e-05
panel99_rank,1670,0.2078088413908638,2.2592945292387867e-09,6.503270853306434e-06
panel99_rank,1671,0.21995082287713805,3.3473734895039797e-10,4.060288991921463e-09
panel99_rank,1672,0.25063105573363414,7.52065076881081e-13,6.422827153305343e-13
panel99_rank,1673,0.16049910734319128,5.92998470327899e-06,2.0108948600006104e-06
panel99_rank,1674,0.21583207791317272,9.002523171375287e-10,2.466942004063165e-07
panel99_rank,1675,0.2412656021770134,7.392531031769067e-12,3.357873580328736e-12
panel99_rank,1676,0.2270662447915322,8.22675261247241e-11,3.768101997764144e-08
panel99_rank,1677,0.18065481966938832,2.128645819610142e-07,1.0817191950505747e-06
panel99_rank,1678,0.26380429897950153,5.972999872483342e-14,1.8827958752654755e-13
panel99_rank,1679,0.1712189613056931,7.369010737168225e-07,9.473385250455991e-07
panel99_rank,1680,0.21780121258965993,2.3348833977365757e-10,3.058875047803516e-09
panel99_rank,1681,0.17097731285959675,1.2646390088466575e-06,6.864534195605276e-07
panel99_rank,1682,0.13152073350563,0.0002710865197870227,0.0013331834307087956
panel99_rank,1683,0.22053063576562254,2.730520254345947e-10,1.0204321341196472e-09
panel99_rank,1684,0.23643210870644454,3.4256819603228905e-11,1.630602371227513e-08
panel99_rank,1685,0.15527956698687545,1.5810011477990216e-05,3.630858138176283e-05
panel99_rank,1686,0.2503874460088525,3.6859404417555197e-13,5.228180941408137e-12
panel99_rank,1687,0.19527433504348396,3.338019993748276e-08,9.294968266050358e-07
panel99_rank,1688,0.1436261720904918,5.544675702151558e-05,0.0007926545579473592
panel99_rank,1689,0.24633250263203965,2.779332319846617e-12,1.403335438633643e-10
panel99_rank,1690,0.1992743429812594,2.579408464598032e-08,1.0757947458845478e-07
panel99_rank,1691,0.2500098057790179,1.2116974090758958e-12,1.9149584934413292e-10
panel99_rank,1692,0.10882266459537401,0.0021189074131244823,0.0029312118098544933
panel99_rank,1693,0.20148516823397988,6.7748615606433304e-09,1.9199774666438933e-06
panel99_rank,1694,0.09823774989029481,0.005242321901938407,0.0014782845602382916
panel99_rank,1695,0.1208070788801079,0.0007849428711346196,0.001076168165265947
panel99_rank,1696,0.19778213534017608,3.111991175863693e-08,2.835752292209418e-07
panel99_rank,1697,0.14846143104194076,3.434433255056213e-05,1.5761575911991074e-05
panel99_rank,1698,0.19986569938729462,1.1764379692635885e-08,5.57273665760927e-07
panel99_rank,1699,0.2081060218660724,3.1478444295629515e-09,7.483979573316753e-10
panel99_rank,1700,0.2126916160090046,2.250701625072793e-09,2.3045582972857543e-08
panel99_rank,1701,0.21678613220212029,5.866691576983385e-10,2.192602013647037e-09
panel99_rank,1702,0.1768305637705621,2.0519373800098606e-07,8.198991694333416e-08
panel99_rank,1703,0.23067065723132477,6.908029703822649e-11,1.2442516897572551e-11
panel99_rank,1704,0.24066922961403547,4.0678571622265736e-12,1.8957071872380056e-11
panel99_rank,1705,0.2071246673527716,3.5985130431015477e-09,7.64463036133181e-08
panel99_rank,1706,0.23632937122272799,2.3012258765220395e-11,2.673517045059308e-10
panel99_rank,1707,0.13449677988825326,0.00014440599659604203,2.3408779013304063e-05
panel99_rank,1708,0.16928900477622558,5.239606053475399e-07,2.6194463953407565e-09
panel99_rank,1709,0.21005114924963272,2.6712887457591705e-09,1.1998378079035434e-10
panel99_rank,1710,0.20296933104252227,6.3373928327337126e-09,3.5182149027490813e-07
panel99_rank,1711,0.15772681659653534,1.203801318450104e-05,7.326197323534917e-05
panel99_rank,1712,0.2341716054497417,1.9993118272054744e-11,2.1971204684788317e-10
panel99_rank,1713,0.23719633541955415,6.9610983643997315e-12,1.4888942287469153e-12
panel99_rank,1714,0.15888377023434871,6.159400035787854e-06,6.383942744463246e-07
panel99_rank,1715,0.15779353684703704,6.782953844375328e-06,5.186669244932005e-07
panel99_rank,1716,0.21717916548283847,5.078528708679642e-10,1.7506837575746727e-08
panel99_rank,1717,0.22493494389835128,2.379754171499826e-10,8.442114736963063e-10
panel99_rank,1718,0.2589112447753814,2.5357493882438575e-13,1.3696492084841188e-12
panel99_rank,1719,0.2412177925586803,6.157963028385893e-12,3.370633511517097e-11
panel99_rank,1720,0.21335895792693607,1.9154893227124603e-09,2.9821403491368e-07
panel99_rank,1721,0.19892649821016936,1.1168062030719739e-08,1.6120071499243132e-07
panel99_rank,1722,0.2094882578104444,1.4916559099020787e-09,1.2457880550529168e-09
panel99_rank,1723,0.215273429707798,1.5940000430703094e-09,4.494406348536975e-09
panel99_rank,1724,0.2454194321387195,1.899369550528718e-12,9.529254502654947e-10
panel99_rank,1725,0.17480278692293408,9.478806222151803e-07,1.0285400398763631e-07
panel99_rank,1726,0.22552938201101866,6.411315922605354e-11,4.844296060055277e-09
panel99_rank,1727,0.21871304709883027,1.6349477327537443e-10,5.025323904454302e-10
panel99_rank,1728,0.1566367242020909,8.51959143166603e-06,0.0002222557270349017
panel99_rank,1729,0.14250736361906177,6.539709324537846e-05,0.006822490570851504
panel99_rank,1730,0.2564491546261815,5.042632977847461e-13,1.8001533074950837e-11
panel99_rank,1731,0.1963918820371646,3.1224350216518815e-08,2.4688979574776143e-07
panel99_rank,1732,0.19123558726553191,6.51169416165942e-08,8.467801200799959e-07
panel99_rank,1733,0.18546566192387778,3.4600886977820267e-07,2.6437798356351654e-05
panel99_rank,1734,0.22540819615790472,1.8568790949302638e-10,6.611632841246475e-10
panel99_rank,1735,0.20027669533347925,2.660451525748897e-08,2.7750274461854804e-08
panel99_rank,1736,0.11022376135488428,0.001772013673203121,0.004780856836784929
panel99_rank,1737,0.19942273544319616,1.1144909439764206e-08,2.600018478569589e-06
panel99_rank,1738,0.21689807888941282,1.0591105770174636e-10,3.2364490175087315e-12
panel99_rank,1739,0.16110143566741042,1.9042461500973218e-06,7.587810280341772e-09
panel99_rank,1740,0.153448332475101,9.35617084230067e-06,1.1864902317744154e-06
panel99_rank,1741,0.22898595705474512,1.0238987435684521e-10,3.0749634956669803e-10
panel99_rank,1742,0.23626080878095954,3.023470362961689e-11,2.401133284391363e-09
panel99_rank,1743,0.2337506836133831,4.216338389539942e-11,9.794518961194039e-11
panel99_rank,1744,0.24112433962862762,7.392086942559217e-12,1.2440325906884296e-09
panel99_rank,1745,0.27388039758312194,5.062616992290714e-14,1.6399111575528445e-10
panel99_rank,1746,0.13940516058409094,0.00011318556891515286,0.000556470631127293
panel99_rank,1747,0.17543793426053467,4.066556535953225e-07,1.5012138586639209e-05
panel99_rank,1748,0.19503775500032863,2.4913567653328528e-08,8.846996281518026e-10
panel99_rank,1749,0.19678036416868558,7.546159030979993e-09,9.45264665215336e-10
panel99_rank,1750,0.21198819596142882,1.120659121056633e-09,5.82320602627421e-08
panel99_rank,1751,0.13710160525422005,6.555560623011658e-05,0.0013664788163269851
panel99_rank,1752,0.13919348437994145,6.306663653532496e-05,1.891844833545721e-05
panel99_rank,1753,0.18449452033119162,1.4088946054258145e-07,0.00018152673082848006
panel99_rank,1754,0.2218094371531989,2.3848589769670525e-10,1.8158722949043076e-07
panel99_rank,1755,0.2556972751652705,6.565858967633176e-13,1.0541144219302482e-11
panel99_rank,1756,0.1983976492136855,7.3869388383940304e-09,9.720533448796943e-10
panel99_rank,1757,0.12370046657141119,0.00035492472928200236,0.0013289782278345424
panel99_rank,1758,0.23261686415705887,2.5658586366716918e-11,1.8114389145293387e-10
panel99_rank,1759,0.24511942166795697,3.4308111906966587e-12,2.9657768785635794e-13
panel99_rank,1760,0.15800948617998775,5.431368166997075e-06,1.8518177778369115e-06
panel99_rank,1761,0.19684725366620168,9.669693712410776e-09,6.681509460940983e-08
panel99_rank,1762,0.12014234936922091,0.0008189186205940224,0.011390031083643608
panel99_rank,1763,0.09880153856778172,0.004914145020639804,0.01053224104061702
panel99_rank,1764,0.23361732023143356,2.3319124409226788e-11,2.1292265974151525e-10
panel99_rank,1765,0.27644795572238295,1.9984014443252818e-15,3.0254595893946756e-15
panel99_rank,1766,0.2648205896312541,5.0182080713057076e-14,3.7403877886683986e-14
panel99_rank,1767,0.22438446492520817,1.7443979594133907e-10,1.2010706106224248e-07
panel99_rank,1768,0.1381414401702145,0.00013459917262825805,0.0023449163376165886
panel99_rank,1769,0.19819849585839452,7.58135487721745e-09,1.9988834787292017e-11
panel99_rank,1770,0.07358226523501933,0.037772458979914214,0.6826703449575247
panel99_rank,1771,0.20918252166224444,2.5793831515130705e-09,3.595766792315586e-06
panel99_rank,1772,0.1638750164317468,1.94063824610069e-06,7.228078728759923e-08
panel99_rank,1773,0.17132487864795,1.729476406087116e-06,2.3592011162507277e-07
panel99_rank,1774,0.18443210741329322,1.1998565652149296e-07,1.5927587660258842e-06
panel99_rank,1775,0.26082332271996456,1.8762769116165146e-13,3.8442717630115486e-10
panel99_rank,1776,0.1973391731041934,1.9218437730117444e-08,5.0693105122602604e-09
panel99_rank,1777,0.16167234471051156,4.3878982067813155e-06,1.3571178466127235e-05
panel99_rank,1778,0.2365487977778415,1.322564280314964e-11,1.0783596007672157e-09
panel99_rank,1779,0.23129032016710774,2.390665443385842e-11,3.1303621652574686e-09
panel99_rank,1780,0.2346746060887577,3.277600413298387e-12,5.232928796687887e-16
panel99_rank,1781,0.1554032373752313,1.1387084841496531e-05,0.00018219739720635596
panel99_rank,1782,0.21267962217873057,1.0331000499519405e-09,4.829828506583193e-08
panel99_rank,1783,0.21781871469866623,4.254987473473193e-10,1.4739429771665769e-08
panel99_rank,1784,0.17153719583854046,1.1867989806457757e-06,3.301771975409496e-05
panel99_rank,1785,0.2156361443604855,4.0523251421120676e-10,1.2314415556614498e-09
panel99_rank,1786,0.13632160231876267,0.0001319215454620437,0.0029955131150821643
panel99_rank,1787,0.22980460205138137,3.0344038393081973e-10,3.992056190496992e-08
panel99_rank,1788,0.17951854453111238,3.5271107967638216e-07,2.3373590865256118e-06
panel99_rank,1789,0.23339425871586597,4.099076633679033e-11,7.0936684890084595e-09
panel99_rank,1790,0.18375580946201875,2.2928706377989272e-07,3.974764770622141e-05
panel99_rank,1791,0.25681217022227326,2.8066438062523957e-13,3.95403998530087e-12
panel99_rank,1792,0.15731603770359126,7.391854946137144e-06,5.468249821252622e-05
panel99_rank,1793,0.2517171734113119,2.4273916210404423e-12,1.9469723502835897e-08
panel99_rank,1794,0.17091866776069686,1.0589686916251395e-06,8.945637374865692e-05
panel99_rank,1795,0.16037236750963907,4.9914226623037905e-06,5.434771840952537e-06
panel99_rank,1796,0.18250436592988561,2.7842482186457573e-07,8.059715991623774e-05
panel99_rank,1797,0.15187025437402102,9.455453013229587e-06,1.3992917468026714e-05
panel99_rank,1798,0.16577028313005848,1.3489484957940334e-06,1.3599634759449604e-05
panel99_rank,1799,0.18044246582650791,3.756895596840337e-07,2.3577574489467495e-07
panel99_rank,1800,0.23404532439279638,9.549694368615746e-12,1.4922078647100607e-12
panel99_rank,1801,0.22253914398511254,2.803985932331443e-10,6.580138754000215e-10
panel99_rank,1802,0.18245885964228728,1.2769228696640766e-07,7.236404469227825e-08
panel99_rank,1803,0.15823840404143066,1.0456481554177444e-05,0.00062597675703961
panel99_rank,1804,0.2649397494477631,4.884981308350689e-14,4.7064959664681464e-12
panel99_rank,1805,0.24221817285488184,7.532863222081687e-12,3.4784474145809295e-09
panel99_rank,1806,0.22577884900437145,3.9067638013534634e-11,2.7190477183135858e-12
panel99_rank,1807,0.2716893095844035,2.1760371282653068e-14,7.958144331004714e-13
panel99_rank,1808,0.2391131009741025,1.652944447982918e-11,1.002540382710229e-07
panel99_rank,1809,0.1699447499869373,7.711900356088819e-07,2.2377872647637422e-05
panel99_rank,1810,0.17063046076231309,1.151624098083559e-06,0.0005370353791164363
panel99_rank,1811,0.1968239516944973,1.9357438096889723e-08,1.3649116926529646e-08
panel99_rank,1812,0.2002992263444069,8.140051965810358e-09,1.7994047161077788e-08
panel99_rank,1813,0.21502008551316795,4.85997908583613e-10,3.0739231656744864e-08
panel99_rank,1814,0.21009817576262485,1.7928996065563751e-09,5.771928828133862e-09
panel99_rank,1815,0.23306604713114532,9.238387832510853e-12,1.2716478940161813e-11
panel99_rank,1816,0.1862301426137024,1.562595683957113e-07,4.676989907026424e-05
panel99_rank,1817,0.20674277657726087,8.28600454916284e-09,5.340556862182399e-10
panel99_rank,1818,0.256128008423336,6.288303211476887e-13,1.027129771546828e-09
panel99_rank,1819,0.2969890008107038,0.0,1.4871192163994475e-10
panel99_rank,1820,0.21939351061552967,2.704731993929954e-10,3.1661756038799235e-09
panel99_rank,1821,0.19180583419712371,3.0465395761680725e-08,4.084894727502112e-07
panel99_rank,1822,0.12144248810513776,0.000689132200015985,0.005274784143584206
panel99_rank,1823,0.2722911576927295,3.019806626980426e-14,1.0690066387801139e-10
panel99_rank,1824,0.2339819510648808,4.814681986431424e-11,1.447290917599255e-07
panel99_rank,1825,0.12097509617414252,0.0006760933362588428,0.04133340310442558
panel99_rank,1826,0.21920453838265175,2.4983659585586793e-10,2.1589997445398264e-10
panel99_rank,1827,0.22868806842290876,2.354809680582548e-10,4.760754127201621e-09
panel99_rank,1828,0.1990475917576701,2.059234938123211e-08,1.720482692737172e-08
panel99_rank,1829,0.22676467346031096,7.508815791368306e-11,9.436261366731145e-10
panel99_rank,1830,0.2267721737910961,1.1384670983716205e-10,8.457030167718088e-09
panel99_rank,1831,0.2573565496971478,2.2515322939398175e-13,4.7319975528798526e-12
panel99_rank,1832,0.21301534692761387,3.1588978099961196e-09,2.4100537477335755e-06
panel99_rank,1833,0.22084376097437286,1.080902256589411e-09,2.3339352121438466e-08
panel99_rank,1834,0.20761682527310552,4.031126099590665e-09,2.057031571150761e-06
panel99_rank,1835,0.14026064352609063,6.438515964335423e-05,0.0026994010915116903
panel99_rank,1836,0.2185762137772163,7.643510269161879e-10,7.769509257516755e-11
panel99_rank,1837,0.2329394549325425,5.597344809871174e-11,4.965062700715486e-11
panel99_rank,1838,0.24055620664446878,2.559730205575761e-12,1.8875314309574967e-12
panel99_rank,1839,0.20201784925690552,1.2627796364128585e-08,1.386047806273294e-08
panel99_rank,1840,0.22805113332242613,1.0862555299695487e-10,1.223417174251764e-09
panel99_rank,1841,0.2458121295039617,4.245714890771524e-12,7.674848493379525e-11
panel99_rank,1842,0.24308388911375936,1.871613974913089e-12,6.972048748269455e-12
panel99_rank,1843,0.21532884712832276,4.021167843148987e-10,1.615246228982092e-08
panel99_rank,1844,0.17428066490952376,3.543066058320221e-07,3.985325728657923e-06
panel99_rank,1845,0.16971912641238326,9.166875842847588e-07,2.991701065517089e-07
panel99_rank,1846,0.2543156055235556,1.0347278589506459e-13,1.5536912181899906e-12
panel99_rank,1847,0.15257111481707422,8.564321491100202e-06,6.380415299660129e-06
panel99_rank,1848,0.16345091241122706,2.4629960433397713e-06,1.0767073761529935e-06
panel99_rank,1849,0.1781434669740885,6.415176210250451e-07,3.2909013674963587e-07
panel99_rank,1850,0.21044783724478638,1.3147680721914412e-09,4.568352141350711e-09
panel99_rank,1851,0.23172852709588976,2.393174547421495e-11,9.694433651642918e-10
panel99_rank,1852,0.23032624273210778,6.014255760078413e-11,4.3132743504488994e-09
panel99_rank,1853,0.2565801423385005,1.184830011879967e-12,9.103535275713963e-07
panel99_rank,1854,0.2159606491846355,7.574167959489841e-10,8.181426070359151e-09
panel99_rank,1855,0.20146697778827566,1.116792591737692e-08,6.069243815784496e-08
panel99_rank,1856,0.23849514984173947,2.3559376671755672e-11,7.73399117496118e-09
panel99_rank,1857,0.11557799419984463,0.0010072455619218879,0.0036803182966646695
panel99_rank,1858,0.11812954619926833,0.0007276931106836582,6.254992221886196e-05
panel99_rank,1859,0.22757125682032892,5.553291160254048e-11,6.499998959128726e-10
panel99_rank,1860,0.14771285570024387,2.4444728242034586e-05,4.420575746830774e-06
panel99_rank,1861,0.2264578363685163,3.6925218438454976e-10,2.1782373560809545e-08
panel99_rank,1862,0.20543100507135642,7.212151320601379e-09,1.8267553289367905e-09
panel99_rank,1863,0.25726394079582626,6.394884621840902e-13,2.715494919209713e-08
panel99_rank,1864,0.1330161824519898,9.717948923437802e-05,5.365439649457108e-06
panel99_rank,1865,0.23416887941466985,8.003375739917828e-12,8.078757399988595e-10
panel99_rank,1866,0.19043550277230598,4.9375072919133345e-08,2.9527413772979478e-09
panel99_rank,1867,0.22129950619107086,1.7024670562193478e-10,7.044408938649999e-11
panel99_rank,1868,0.1718836230499792,1.233408490675103e-06,0.0002928073530375062
panel99_rank,1869,0.2133357353278642,2.111693264694736e-09,1.5417029548682543e-08
panel99_rank,1870,0.2523205768011921,7.525091660909311e-13,2.1835863960927863e-09
panel99_rank,1871,0.2496229298888166,6.694644838489694e-13,2.3919985024346335e-12
panel99_rank,1872,0.20328822308492117,7.693035763978173e-09,1.785876623832637e-05
panel99_rank,1873,0.24147659988457781,9.495737529618964e-12,1.5916464285309913e-10
panel99_rank,1874,0.2413950352271081,1.1039613667662707e-11,4.512148426256125e-10
panel99_rank,1875,0.22508374181906302,1.0952705409295049e-10,8.634638124662733e-12
panel99_rank,1876,0.1712623167761039,1.4060999038445487e-06,5.8573531315863366e-05
panel99_rank,1877,0.25846567956123423,2.9909408283401717e-13,7.972236346443014e-10
panel99_rank,1878,0.16399239705778904,2.2526159046964978e-06,5.500662631756609e-05
panel99_rank,1879,0.17849598635428737,4.593319617995917e-07,4.467228966717961e-05
panel99_rank,1880,0.17660304138765837,3.8566394944261617e-07,3.725808169306479e-08
panel99_rank,1881,0.19802125862790626,1.3418078870230943e-08,9.043900361457848e-10
panel99_rank,1882,0.19070030497663196,3.4027703099681617e-08,2.590987721233275e-07
panel99_rank,1883,0.15136317172804808,1.758555262187933e-05,1.4555404409300444e-05
panel99_rank,1884,0.23570859197728816,4.13045153635494e-11,1.9448293672838973e-10
panel99_rank,1885,0.13998492993081166,5.5720935012271156e-05,3.4910608419190574e-05
panel99_rank,1886,0.14858706089338014,2.3926430281928646e-05,0.001839514231618756
panel99_rank,1887,0.18661599907612283,5.449134365953512e-08,1.7248924022416883e-07
panel99_rank,1888,0.1949201013779343,2.579288804760438e-08,6.55300240639716e-09
panel99_rank,1889,0.18504128227107644,2.2269665733709587e-07,1.4839194994159363e-08
panel99_rank,1890,0.25343124819933294,7.676081992258332e-13,5.0658480625512424e-09
panel99_rank,1891,0.21078800458865532,1.3452867708707572e-09,1.608080319118143e-08
panel99_rank,1892,0.0692887647455297,0.051106514248334456,0.01298167073917949
panel99_rank,1893,0.1871052847389927,6.013989528597108e-08,4.824868095200632e-07
panel99_rank,1894,0.1401132515010192,4.9323043933791055e-05,0.0017178192615539254
panel99_rank,1895,0.25279445121117666,4.0745185003743245e-13,1.1397444692161646e-09
panel99_rank,1896,0.23452233112380355,4.25428581252163e-11,9.196062513090908e-11
panel99_rank,1897,0.1930098872842335,6.332901847372341e-08,9.650617140908778e-06
panel99_rank,1898,0.19531472382208237,2.893341255472137e-08,5.7560680553887344e-08
panel99_rank,1899,0.1827485308766518,4.325059526077979e-07,5.759683434382584e-06
panel99_rank,1900,0.18927339666374593,5.8765130317439684e-08,8.909100486301866e-08
panel99_rank,1901,0.2184657393473899,2.2487989248531903e-10,8.96040676710338e-11
panel99_rank,1902,0.23488392382375403,3.3521185827112276e-11,6.119121302730889e-10
panel99_rank,1903,0.16440637736598082,3.1119895547160326e-06,7.435597475536788e-06
panel99_rank,1904,0.014860644095562139,0.67950109337902,0.7659381515410352
panel99_rank,1905,0.23182003800488582,1.4857004515533845e-11,3.4424168827135553e-13
panel99_rank,1906,0.2007697208271488,1.9086792590883306e-08,2.848172227279914e-07
panel99_rank,1907,0.23190385395521287,5.4901194701528766e-11,5.375742815209394e-09
panel99_rank,1908,0.20409397683546854,1.0882872381046127e-08,2.099713026779174e-06
panel99_rank,1909,0.23067047530800186,3.427502726083276e-11,1.0523507455727408e-10
panel99_rank,1910,0.15508524947286087,2.212494540199117e-05,2.9464507818726986e-06
panel99_rank,1911,0.10568175518319965,0.0030321433162197042,0.005536179957756697
panel99_rank,1912,0.17917985149532542,6.624382544728746e-07,5.199139997338389e-07
panel99_rank,1913,0.2363696241501136,2.0219603769078276e-11,9.277273677519634e-09
panel99_rank,1914,0.15165926494228943,2.0288379861010952e-05,0.0013342936887857143
panel99_rank,1915,0.19681289170152763,2.0401365041777808e-08,2.9291929122995656e-07
panel99_rank,1916,0.17978187156638872,2.1199299715668474e-07,6.715956425416515e-09
panel99_rank,1917,0.22544464004812076,3.5034508627518335e-10,7.081211835552619e-11
panel99_rank,1918,0.21946002982533994,2.827207357114503e-10,4.070499729255407e-11
panel99_rank,1919,0.17170181905790774,1.1449323935597278e-06,1.9233979070427783e-05
panel99_rank,1920,0.1937942658130876,4.697187327984409e-08,1.6905846722331264e-06
panel99_rank,1921,0.18615281017567228,6.604929692066719e-08,4.151707746603388e-08
panel99_rank,1922,0.057859867429530636,0.09817899479389869,0.22162636323135854
panel99_rank,1923,0.1965738869409792,2.8525021011915896e-08,9.817034774123029e-07
panel99_rank,1924,0.2863473280842047,8.881784197001252e-16,1.4799285455431886e-14
panel99_rank,1925,0.28294177029452405,6.661338147750939e-16,3.2807418228423723e-12
panel99_rank,1926,0.1895133259713042,7.19882020661089e-08,1.2703303709734608e-07
panel99_rank,1927,0.2353879637583931,1.2084111489230054e-11,9.474601096749297e-11
panel99_rank,1928,0.15492072942214696,1.723695523647706e-05,0.0003250450222856334
panel99_rank,1929,0.20081781576318103,1.2299880003396879e-08,2.653888341922368e-07
panel99_rank,1930,0.20413729885536033,5.175402773005544e-09,2.962247718208563e-06
panel99_rank,1931,0.2161872228784645,1.0030369868019307e-09,1.1756403605254318e-06
panel99_rank,1932,0.2070103016376467,3.914115920267136e-09,7.20789224182777e-06
panel99_rank,1933,0.17774828620868463,6.118739053206923e-07,2.303769957274201e-05
panel99_rank,1934,0.12767667923204212,0.00030796047284376016,3.4345956297575365e-05
panel99_rank,1935,0.14146868756575964,5.4434560271543475e-05,2.5058583120572292e-05
panel99_rank,1936,0.09447032215211042,0.006817344232478151,0.000402656443535341
panel99_rank,1937,0.296189202128972,0.0,2.7417319109144657e-13
panel99_rank,1938,0.1448090854345401,5.353337107760758e-05,0.0030341665523124068
panel99_rank,1939,0.2270622746980999,3.433742179481669e-11,6.310748637807632e-10
panel99_rank,1940,0.226452567319474,3.1937852362773356e-10,9.366683855810289e-05
panel99_rank,1941,0.23575397838958645,1.4449108576286562e-11,5.655693036727636e-14
panel99_rank,1942,0.2380010530167191,7.0101702220881634e-12,2.94254395390219e-11
panel99_rank,1943,0.0909920479703399,0.009062782951022808,0.014685456436898905
panel99_rank,1944,0.21722859416273074,1.4419510030450056e-10,6.273552374794227e-11
panel99_rank,1945,0.24773130399900173,1.5345502646368914e-12,7.629172213839907e-09
panel99_rank,1946,0.1865257826131371,8.008107998946912e-08,1.2527220542013546e-09
panel99_rank,1947,0.15439649579465606,7.417117511065996e-06,9.429423220910033e-06
panel99_rank,1948,0.2175217140258462,8.23753509848757e-10,3.5214769889061994e-07
panel99_rank,1949,0.12408231235702197,0.00040027762871108763,9.233235293592184e-05
panel99_rank,1950,0.2540196435709484,2.353672812205332e-13,2.095417345023405e-09
panel99_rank,1951,0.23790713627387766,1.669886451338698e-11,7.462175065299204e-10
panel99_rank,1952,0.1733790979366247,1.654992427546631e-06,0.00021642102268083
panel99_rank,1953,0.21247839764563997,3.0470153067341244e-09,1.8115528958476662e-06
panel99_rank,1954,0.2555962558878336,6.654676809603188e-13,4.243016717569264e-12
panel99_rank,1955,0.16109298074839784,5.489480072506936e-06,2.3565875416491004e-06
panel99_rank,1956,0.2403319208763793,2.6499247240963086e-11,5.796268671428274e-07
panel99_rank,1957,0.15675471202027505,7.719663329908144e-06,1.213425041538666e-06
panel99_rank,1958,0.2108569923624073,2.788483888238602e-09,6.698744397731128e-07
panel99_rank,1959,0.20958884504252215,2.366707496648246e-09,3.01714137736224e-07
panel99_rank,1960,0.2134451686604689,7.854199512991045e-10,4.118384557678107e-10
panel99_rank,1961,0.24989633398546074,3.815614491031738e-12,7.439924071192488e-08
panel99_rank,1962,0.24319054759766232,4.484856930275782e-12,5.161156614736813e-12
panel99_rank,1963,0.2764740326081282,1.9984014443252818e-15,6.843308826347398e-17
panel99_rank,1964,0.18224687403321654,1.5505810124771813e-07,8.876195358833358e-06
panel99_rank,1965,0.2442798599504923,2.2106538821731192e-11,1.2092569452452828e-07
panel99_rank,1966,0.0709153186900494,0.04858935219557847,0.11351039378091138
panel99_rank,1967,0.10404671664744498,0.00353098131230678,0.033966240588847764
panel99_rank,1968,0.1800726190025904,3.126356671323549e-07,7.037076534802403e-06
panel99_rank,1969,0.22239483086537393,2.7998559026798375e-10,1.0835753028212593e-11
panel99_rank,1970,0.24642161488806666,1.5933920849420247e-12,2.4040054928396633e-14
panel99_rank,1971,0.1699338152125953,1.4325457753372461e-06,8.804238372839824e-06
panel99_rank,1972,0.13280602340494968,0.00022701887292475575,0.0012939787825350091
panel99_rank,1973,0.13204953885828064,0.00018959006965268976,0.00010090729531262809
panel99_rank,1974,-0.015651602955007976,0.6561404030027422,0.7758710076860103
panel99_rank,1975,0.12222031390527027,0.0006075627547037499,0.00019301776841919443
panel99_rank,1976,0.19080197775780172,5.658955815057709e-08,1.298599293301954e-05
panel99_rank,1977,0.1688159191578816,1.8077612105038554e-06,1.5111792228767113e-07
panel99_rank,1978,0.06746429552095662,0.0555375547243262,0.11083602883264924
panel99_rank,1979,0.23545378040402687,6.040679068064492e-11,2.138959717297465e-09
panel99_rank,1980,0.2248212688548872,9.921707899707144e-11,1.8043199504502245e-09
panel99_rank,1981,0.19817386469900605,8.722124356097538e-09,7.333018399868067e-08
panel99_rank,1982,0.2628137690248744,1.5720758028692217e-13,1.2011265305426925e-12
panel99_rank,1983,0.21453323256218051,4.90221641058497e-10,2.0391836516647394e-08
panel99_rank,1984,0.19548541294725272,1.9753640279063234e-08,2.8652881411829016e-07
panel99_rank,1985,0.24715517176629584,2.2373214392246155e-12,1.452655320378395e-09
panel99_rank,1986,0.2742489392120381,5.773159728050814e-15,3.575717440550399e-11
panel99_rank,1987,0.19932666262471427,2.1081689505209056e-08,1.1546695746001151e-05
panel99_rank,1988,0.15490419737692002,1.0380521011210675e-05,2.080378276074163e-06
panel99_rank,1989,0.19506739588685684,5.386068790969034e-08,0.00042916927489785255
panel99_rank,1990,0.20259986051198015,1.0073654355124972e-08,3.927517828893674e-07
panel99_rank,1991,0.09265544969684406,0.008218892605332595,0.08261959392104491
panel99_rank,1992,0.24077507947074178,5.468958619303521e-12,5.501617829204079e-13
panel99_rank,1993,0.2190978065856294,2.7884405895406417e-10,7.685111871080728e-09
panel99_rank,1994,0.11315357202436942,0.0013596584795108058,0.0002655679652901028
panel99_rank,1995,0.1910429732701536,7.428378845375505e-08,2.0928136463635e-09
panel99_rank,1996,0.21635054378390706,1.614657296755695e-10,4.096054292499329e-09
panel99_rank,1997,0.21361867201980944,1.4142496063129784e-09,5.286542130341912e-08
panel99_rank,1998,0.19724484876191048,7.391228074027367e-09,8.894291507486501e-09
panel99_rank,1999,0.252769556513272,6.892264536872972e-13,7.378260096880439e-10
