sample_idx,risk,event
0,-0.03725882000081557,0
0,-0.10876156502915346,0
0,-0.14161834946767762,0
0,0.0064211051314794765,0
0,-0.057173313651889796,0
1,0.17409928448076312,0
1,-0.07688062635225644,0
1,0.07470356629191638,0
1,-0.009979216674182001,0
1,0.08696794654249226,0
2,0.013460780684388829,1
2,-0.1310635293201257,1
2,-0.029939208601076545,1
2,-0.07803699781036627,1
2,-0.03898477176975523,1
3,-0.06431356901186883,0
3,-0.12043874320524489,0
3,0.0075180070052133785,0
3,-0.10524460495700355,0
3,-0.15169389560590582,0
4,0.16083260516708625,1
4,0.30965203807079134,1
4,0.22500809782152587,1
4,0.34414903783199485,1
4,0.28961345466274685,1
5,0.3632815878138136,1
5,0.38260257485680427,1
5,0.4191583494176898,1
5,0.3927619086138492,1
5,0.4699643785218401,1
6,-0.40308267623495764,0
6,-0.4126201882494216,0
6,-0.3928467348807955,0
6,-0.4454051913583753,0
6,-0.3191001246783892,0
7,-0.11301849218959983,1
7,-0.12327028445020058,1
7,-0.08218196591290475,1
7,-0.09051302980534331,1
7,-0.1068792635331293,1
8,-0.11549879236771954,0
8,-0.15716403438412388,0
8,-0.06905170655459847,0
8,-0.10691909485672263,0
8,-0.055220514510153806,0
9,0.27802931926002494,0
9,0.30955625135805287,0
9,0.30476005244153687,0
9,0.24808283958371688,0
9,0.2549343537758463,0
10,-0.18461113805487567,1
10,-0.15280791065977012,1
10,-0.11811861464872844,1
10,-0.13033814959039947,1
10,-0.17369163589431147,1
11,-0.1685188791396293,1
11,-0.15863975878507378,1
11,-0.14235001803621125,1
11,-0.2531224762861957,1
11,-0.09020186102427133,1
12,-0.674935803747698,0
12,-0.5890069111990126,0
12,-0.6072232612660298,0
12,-0.5526528573240171,0
12,-0.6179638359744963,0
13,0.15607730028370334,1
13,0.15970313953073548,1
13,0.16754418873381205,1
13,0.25524397710018826,1
13,0.1472257720136597,1
14,0.5663245381833752,1
14,0.6779834454931236,1
14,0.7184212556350011,1
14,0.5899283924476035,1
14,0.5065572168129391,1
15,0.2113912384275085,0
15,0.1375152504630216,0
15,0.40402967559264735,0
15,0.20956982480748865,0
15,0.33045867858290007,0
16,-0.29978937330411115,0
16,-0.3004820004125036,0
16,-0.27074979887737505,0
16,-0.28109743383138364,0
16,-0.3161529379520064,0
17,-0.019481145294906438,0
17,-0.034057686308779006,0
17,-0.015723017084391444,0
17,-0.022220280230689865,0
17,0.008651315899940781,0
18,0.12935810970554687,1
18,0.052615789555916115,1
18,0.07441692704910934,1
18,0.11828104382403215,1
18,0.08198765914011914,1
19,-0.09781154442761805,0
19,-0.04524543153587782,0
19,-0.027362014973903642,0
19,-0.035742860220072475,0
19,5.931331001693407e-05,0
20,0.1129298287354102,0
20,0.04968291437989933,0
20,0.046284970411372695,0
20,0.12449647305093903,0
20,-0.0006924132959320317,0
21,0.6144751479116248,0
21,0.7476912726729343,0
21,0.6750281212580745,0
21,0.7846047131134137,0
21,0.7031199058586088,0
22,0.29476621949796417,0
22,0.3056307075363132,0
22,0.30130545861831404,0
22,0.28884655295293715,0
22,0.2573125005891152,0
23,-0.09791469494177377,0
23,-0.13401340273988846,0
23,-0.1815056822139875,0
23,-0.14946253792501282,0
23,-0.23816962003897824,0
24,0.034613855221027334,0
24,0.06047912175042,0
24,-0.03660707974234727,0
24,-0.0075651136836040744,0
24,0.10853704739628497,0
25,-0.3256871437728732,0
25,-0.31824343306703656,0
25,-0.21867628484292878,0
25,-0.33018996681899476,0
25,-0.14994640883378516,0
26,-0.19833781729309738,0
26,-0.09228531472112775,0
26,-0.11014411683762987,0
26,-0.0709088208518828,0
26,-0.006284963683824446,0
27,0.10245596925675383,1
27,0.09482030059132981,1
27,0.1339822350230329,1
27,0.08186938960349738,1
27,0.10066573207904417,1
28,-0.09444071626251371,0
28,-0.17131055241862753,0
28,0.025248487753760374,0
28,-0.1983830982263953,0
28,-0.16937111066454938,0
29,-0.08529969378111935,1
29,-0.1762941765900905,1
29,-0.12061090926438597,1
29,-0.10844485437913937,1
29,-0.1896621401979624,1
30,0.1351032404792679,0
30,9.785666344430677e-05,0
30,0.12189170354005308,0
30,0.05874920124331948,0
30,0.14794781535063023,0
31,0.062127874292342816,0
31,-0.02217340694361819,0
31,0.1068486032397457,0
31,0.03267813198235192,0
31,-0.06896128370857585,0
32,-0.11886275012062628,0
32,-0.07349545866372231,0
32,-0.18094055486082208,0
32,-0.01560637619161323,0
32,-0.0800644201365501,0
33,-0.1067266741584314,1
33,-0.20751311086251453,1
33,-0.17030366947729533,1
33,-0.21258740204885337,1
33,-0.2420382385640248,1
34,0.3614298693819444,1
34,0.3741696381013231,1
34,0.3299395701299654,1
34,0.37749081817361685,1
34,0.33808636569947,1
35,-0.08252025751917366,1
35,-0.19471798264722823,1
35,-0.1998374270493898,1
35,0.03687713867399614,1
35,-0.08156327706762528,1
36,0.23192493186299498,1
36,0.16898346375578077,1
36,0.17493659188609512,1
36,0.24078310180451762,1
36,0.2238827978993115,1
37,-0.5649418487673461,0
37,-0.4589963898238921,0
37,-0.5896292230623791,0
37,-0.30587714642984815,0
37,-0.4969317556213798,0
38,0.35942170869974865,0
38,0.35598116367349064,0
38,0.3799312673218259,0
38,0.36621711839194515,0
38,0.32089458531463755,0
39,0.31617738811716667,1
39,0.1494505495798153,1
39,0.20885728683215946,1
39,0.30408886875004226,1
39,0.3393809993574718,1
40,0.5689806506102376,0
40,0.6162653696806184,0
40,0.6849988491040608,0
40,0.6233601198335641,0
40,0.6245515390399302,0
41,-0.38549495229281044,1
41,-0.43125887236879423,1
41,-0.40093748343468705,1
41,-0.39268516178203144,1
41,-0.36804709401016905,1
42,-0.5265876648018414,0
42,-0.5156069861248049,0
42,-0.45115293025830316,0
42,-0.5382611372281391,0
42,-0.5312277920492886,0
43,-0.09589578889686776,1
43,-0.019662134070707188,1
43,-0.08066345474705514,1
43,-0.05072262252653914,1
43,-0.0016885813788388992,1
44,0.4896854875104927,0
44,0.35900734868842765,0
44,0.49667920952715827,0
44,0.4301812145827931,0
44,0.5588683332775092,0
45,0.09604944155657572,0
45,0.012112989504968627,0
45,0.09529574114171471,0
45,0.04458368324443365,0
45,0.15779697669300677,0
46,0.3964845382209421,1
46,0.4961825368752508,1
46,0.45859083883716273,1
46,0.3646342995008576,1
46,0.40748796059959735,1
47,0.15709890824618813,0
47,0.08810208049136252,0
47,0.2803692624306127,0
47,0.16416734986233433,0
47,0.1314144808901476,0
48,-0.0937814836988973,0
48,-0.19466657507112267,0
48,-0.16168166036317858,0
48,-0.058994891297882684,0
48,-0.118655825540642,0
49,0.01136835912380077,1
49,0.030041116283986175,1
49,-0.010508630292646148,1
49,-0.030099197097489733,1
49,0.0011757467087119278,1
50,0.7724425400435981,1
50,0.659154854503154,1
50,0.7497283034373347,1
50,0.6838919222716748,1
50,0.7662679190185964,1
51,-0.06625774753270638,0
51,-0.020809360706907032,0
51,-0.04885594188265241,0
51,-0.06514508226539817,0
51,-0.17483270987484417,0
52,-0.5313455867400252,0
52,-0.5795457053520843,0
52,-0.5818889143044438,0
52,-0.5533420876462579,0
52,-0.6334547780292196,0
53,0.41552883203121815,1
53,0.3383219875854049,1
53,0.4610001249415156,1
53,0.43303387158707085,1
53,0.35240699763336153,1
54,-0.05076697173846778,0
54,0.057299479879172,0
54,0.05762763474802135,0
54,-0.0474879317987526,0
54,-0.08312179435848151,0
55,-0.5336252969959205,0
55,-0.4510446703584352,0
55,-0.5314655911642553,0
55,-0.48981933571759595,0
55,-0.38527285564744185,0
56,-0.2607423121098123,1
56,-0.18719271160583795,1
56,-0.15119703518113053,1
56,-0.21502650435687354,1
56,-0.1970460477033551,1
57,-0.22309126598082954,0
57,-0.19357156195472283,0
57,-0.19298229928367117,0
57,-0.21510086769823242,0
57,-0.232396742242506,0
58,-0.12234782792739488,0
58,-0.14445367218389746,0
58,-0.11705156910334807,0
58,-0.13259674631349194,0
58,-0.16501805926366014,0
59,0.5302175718541626,0
59,0.6085102357761444,0
59,0.5218156538364769,0
59,0.5856782226098989,0
59,0.699248712071465,0
60,0.10212256976401246,0
60,-0.008248648173691753,0
60,0.18354135519812775,0
60,0.08891926431922881,0
60,0.0946025580891438,0
61,0.2340025189673334,1
61,0.25988995968442236,1
61,0.24252396088092304,1
61,0.19327138508339867,1
61,0.28860437198677713,1
62,-0.30862159298106245,0
62,-0.34261147429726124,0
62,-0.5283315347981943,0
62,-0.40472255925771267,0
62,-0.45073156950674453,0
63,0.17999116383414723,1
63,0.20350339752137298,1
63,0.19053630966834287,1
63,0.09134277323769475,1
63,0.1315893965903351,1
64,0.25989547326485196,0
64,0.17732229711914294,0
64,0.33155886432412346,0
64,0.19979952371327137,0
64,0.21092526676569073,0
65,-0.11740834960128532,0
65,-0.0662636206909959,0
65,-0.14096094200310283,0
65,-0.061389993320959374,0
65,-0.08170423117124553,0
66,-0.032938830620238835,0
66,-0.022509812857674782,0
66,0.0829745854073759,0
66,-0.03312756155351976,0
66,-0.10674037636990052,0
67,-0.21906659892870273,0
67,-0.1718943934890754,0
67,-0.27776085564017866,0
67,-0.13426509157458785,0
67,-0.24649399827252189,0
68,-0.034935397294471815,0
68,-0.03868298222378319,0
68,-0.10724672771724841,0
68,-0.06478587567511368,0
68,-0.013099021780344833,0
69,-0.6371299324284643,0
69,-0.649821404733347,0
69,-0.5620270993711858,0
69,-0.5636032466208534,0
69,-0.5817462411056089,0
70,0.2727537778737838,0
70,0.2225842458230376,0
70,0.18424871342872148,0
70,0.22231027067867126,0
70,0.2020387848005036,0
71,0.09227539877303145,1
71,0.016782668773057452,1
71,0.07891669364223454,1
71,0.003709176098788569,1
71,0.08372461023157096,1
72,-0.4549996351353333,0
72,-0.45207766969447716,0
72,-0.41911124173164505,0
72,-0.3702921903570483,0
72,-0.4262021766349821,0
73,0.1738611619653494,0
73,0.2754395695307354,0
73,0.22659164959435085,0
73,0.17693614593286977,0
73,0.2701661765390107,0
74,-0.18415025455308964,1
74,-0.23537885675383924,1
74,-0.11236783838521694,1
74,-0.18356562075653027,1
74,-0.1090428118561445,1
75,0.6448429469979917,0
75,0.726105325963857,0
75,0.6438135684519517,0
75,0.5344238748799358,0
75,0.6677365872066057,0
76,0.32814160958307287,0
76,0.38249040063124146,0
76,0.375965220375558,0
76,0.3379922127659641,0
76,0.36335983845269115,0
77,0.43189241234743003,0
77,0.3987923554016677,0
77,0.384182381020936,0
77,0.2469971990543467,0
77,0.3715305033473472,0
78,0.21086139194574047,1
78,0.12884984744106331,1
78,0.19587080946290536,1
78,0.17550265202345935,1
78,0.09415406951627531,1
79,0.6623584622219365,0
79,0.6015628162281963,0
79,0.6135036215248497,0
79,0.6252480718737267,0
79,0.6685504314841926,0
80,0.01123166118118208,0
80,0.018799164470911848,0
80,0.02705044568521444,0
80,0.03273255091531464,0
80,0.011078544865795325,0
81,-0.1611426332345538,0
81,-0.31747964799231065,0
81,-0.32439580436662707,0
81,-0.28500152712578186,0
81,-0.25881498796550806,0
82,-0.392837745392358,0
82,-0.5215620851601347,0
82,-0.4298652928916903,0
82,-0.3042583822660926,0
82,-0.2698445091751378,0
83,-0.3247660847539808,0
83,-0.4823567418002243,0
83,-0.41255802880752673,0
83,-0.4234098029578107,0
83,-0.4145316925784459,0
84,0.2723821717450582,0
84,0.2529349424668663,0
84,0.27364674200550976,0
84,0.25712050396085073,0
84,0.26499261741249724,0
85,0.18243049795019795,1
85,0.1537797223998291,1
85,0.1952311175744132,1
85,0.18147766133588067,1
85,0.17619607891986389,1
86,0.4349025705797806,0
86,0.46066256830767166,0
86,0.44875019337191047,0
86,0.4173770738053098,0
86,0.5618695465484498,0
87,-0.334686405781943,0
87,-0.3157732360269438,0
87,-0.280776710018459,0
87,-0.31427196544888103,0
87,-0.41019651406981084,0
88,-0.15024934360254044,0
88,-0.12694463517321328,0
88,-0.09759985910387545,0
88,-0.048137909496581144,0
88,-0.07609695582298867,0
89,0.1993641904619921,0
89,0.21898477290610446,0
89,0.2454491385199947,0
89,0.25311230316297273,0
89,0.2271923369658298,0
90,0.36860287921221724,0
90,0.3393356136072494,0
90,0.34186090258234014,0
90,0.3151215290504477,0
90,0.4122117567946338,0
91,0.6143544243468371,1
91,0.7483525372243305,1
91,0.583589129712651,1
91,0.7009579741685436,1
91,0.5618716031758312,1
92,0.0579484494419306,0
92,0.11849257202982061,0
92,0.12163578696744418,0
92,0.08929316145839811,0
92,0.30646293945454317,0
93,0.3877320815958137,1
93,0.41421329508863153,1
93,0.3571367280800043,1
93,0.39047515449149206,1
93,0.47776220318244034,1
94,0.280117647900914,0
94,0.34527587091425527,0
94,0.22016006123188436,0
94,0.4008586797795709,0
94,0.3631574836874346,0
95,-0.38780070675343514,0
95,-0.37129728473483453,0
95,-0.29246938833159974,0
95,-0.34927563260819405,0
95,-0.3400798065310633,0
96,-0.36475869923965726,0
96,-0.3708092757640283,0
96,-0.3587399214141584,0
96,-0.37437918329171804,0
96,-0.35230929706131847,0
97,0.22674101629821547,0
97,0.15228465588728754,0
97,0.17577235935772134,0
97,0.20169182235221778,0
97,0.19702216889606444,0
98,-0.11002470987539248,0
98,-0.09545875052582214,0
98,0.11339399341333353,0
98,-0.04998816270601414,0
98,0.007837672824893394,0
99,0.16448770715319,0
99,0.25088926267741074,0
99,0.2396400590431027,0
99,0.2988391717854827,0
99,0.2577063493738758,0
100,0.37587080202837864,0
100,0.3647738015190362,0
100,0.41554608969797807,0
100,0.3521691232764332,0
100,0.3481901950647266,0
101,-0.3739282640188263,0
101,-0.4899713059210293,0
101,-0.37066468993027074,0
101,-0.4408468027009861,0
101,-0.3687995760234244,0
102,0.3415480620884288,1
102,0.34825726893340464,1
102,0.209394396918004,1
102,0.12596172527970345,1
102,0.35910580105089024,1
103,-0.16684280385391023,0
103,-0.2993413833975286,0
103,-0.19522936717867118,0
103,-0.1903304906076967,0
103,-0.1374309783927669,0
104,0.40212705279362226,1
104,0.49504653228572615,1
104,0.32787185371456684,1
104,0.3041172214949809,1
104,0.39681125206988865,1
105,0.11888974393596975,1
105,0.11850734264280471,1
105,0.14539842111284307,1
105,0.14516129225171803,1
105,0.13132765385152217,1
106,-0.0030578143139251,0
106,-0.22262571557204558,0
106,-0.21772087623732755,0
106,-0.11633751266034506,0
106,-0.17151660945860017,0
107,-0.07740736262696052,0
107,-0.15928102049318205,0
107,-0.10231123356109864,0
107,-0.05089306655477971,0
107,-0.10649914604648691,0
108,-0.206386643200596,0
108,-0.1806447998198255,0
108,-0.18377732581280715,0
108,-0.14799117095006886,0
108,-0.03498965562774106,0
109,0.4936521301080614,1
109,0.6261086096594606,1
109,0.48157496692170204,1
109,0.597995796865325,1
109,0.4542831911875789,1
110,0.009685360984500575,1
110,0.09011858398524222,1
110,0.020113789817903745,1
110,0.09302992013083566,1
110,0.09872846642179944,1
111,0.31733370484710055,1
111,0.24960479599518656,1
111,0.19374130912843124,1
111,0.20276709808633342,1
111,0.3121798482005264,1
112,0.42527918935014947,0
112,0.48397137040807203,0
112,0.4822927145727901,0
112,0.5301957347166861,0
112,0.5004977033421284,0
113,0.020039678908107067,0
113,0.09668356662806768,0
113,0.006834531960361101,0
113,-0.06544193196164914,0
113,0.013432467809395832,0
114,0.34713508972314544,0
114,0.3871059820600592,0
114,0.3301977453637858,0
114,0.3134829952303823,0
114,0.3006025910125143,0
115,-0.2948018335978322,0
115,-0.26889796824183354,0
115,-0.20211428232778322,0
115,-0.286793842244056,0
115,-0.24311009970956243,0
116,0.45783762686373985,1
116,0.3748183123559006,1
116,0.33878944286204293,1
116,0.2733266086717796,1
116,0.35827302076610845,1
117,0.43281940054322965,0
117,0.5913193962112266,0
117,0.4117459756101377,0
117,0.45490711944614326,0
117,0.4334677395639639,0
118,0.27748654129190825,0
118,0.3093989005298079,0
118,0.3268752456479239,0
118,0.2297672473156137,0
118,0.37736914253982956,0
119,-0.016922937665879323,0
119,0.07797743165679108,0
119,0.04394542706923332,0
119,-0.04770894221690525,0
119,-0.04861059314532942,0
120,0.53697710369677,1
120,0.5757375963049388,1
120,0.5668958130939015,1
120,0.5324208281918061,1
120,0.5900078339134864,1
121,0.6752074245339487,0
121,0.7883536980095525,0
121,0.6887481195992544,0
121,0.7424051380913012,0
121,0.7228815243884844,0
122,0.3335640358306965,0
122,0.4577797988178796,0
122,0.31712818709884005,0
122,0.4358133795944773,0
122,0.41563657537570453,0
123,0.10562955727664565,0
123,0.2449950208563648,0
123,0.14715177618497674,0
123,0.17019280927023078,0
123,0.10529379963144338,0
124,-0.48716585263180534,1
124,-0.3522645243331006,1
124,-0.44929343224126866,1
124,-0.4002189737883368,1
124,-0.3021864555900307,1
125,-0.23507789441315896,0
125,-0.15728983318198456,0
125,-0.18790537698916063,0
125,-0.21542491552588186,0
125,-0.09309991766378134,0
126,0.4735570710667731,0
126,0.474539623033614,0
126,0.4843375563953218,0
126,0.4908492780681147,0
126,0.4283144043522828,0
127,-0.1630707505384258,0
127,0.02523141009530963,0
127,-0.048224620922016015,0
127,-0.04644346685297088,0
127,-0.08967971713731697,0
128,-0.022140912510966115,0
128,0.0002551969848383906,0
128,-0.006203586719317367,0
128,-0.0286712493070497,0
128,-0.035941573795922,0
129,0.0833247691998433,0
129,0.10116511380979012,0
129,0.07591734041823402,0
129,0.05815655970277741,0
129,0.04432948302189421,0
130,0.19834422505220042,1
130,0.1849757412972942,1
130,0.11600182528404614,1
130,0.1296482064376974,1
130,0.1281140784482869,1
131,0.42742082160687705,0
131,0.4576728288403897,0
131,0.42405621996542836,0
131,0.44410089020187155,0
131,0.47015959362788495,0
132,0.027373395822447938,0
132,0.00027630235980039,0
132,-0.062094148566114116,0
132,0.020674126849598323,0
132,0.00039745086369386007,0
133,0.33594190932164136,0
133,0.43775805245326865,0
133,0.3598656177208725,0
133,0.28164162266583925,0
133,0.3804472138665479,0
134,0.1314868403945917,1
134,0.11003654863132173,1
134,0.16791268595167563,1
134,0.19353970876521231,1
134,0.14134592394135015,1
135,0.12021442069566277,1
135,0.18078618172220343,1
135,0.18734107392041013,1
135,0.1600470292940252,1
135,0.1602814664329165,1
136,0.03896964985713092,0
136,-0.0014512367470311538,0
136,0.05654516828233555,0
136,0.047260485851186196,0
136,-0.05322877070164858,0
137,0.2611753191138221,1
137,0.138166704900947,1
137,0.32128300680491645,1
137,0.28083633253065554,1
137,0.15194881036713007,1
138,0.18337103035272634,0
138,0.2976786420300469,0
138,0.2940502827083818,0
138,0.26446028071578664,0
138,0.21145217739527994,0
139,0.41240345888041574,1
139,0.3871610028170174,1
139,0.341263293917623,1
139,0.3743443821453638,1
139,0.4111210154026266,1
140,-0.5384692868831442,0
140,-0.5424813664275918,0
140,-0.5539379359351384,0
140,-0.5284597135100101,0
140,-0.5333330761072176,0
141,-0.009420134578263906,0
141,-0.03783816305843854,0
141,-0.020195115089200494,0
141,-0.06716460998825566,0
141,0.02801558008035754,0
142,-0.41627777848889,1
142,-0.39161323520978797,1
142,-0.4497762535446519,1
142,-0.2595674991936205,1
142,-0.40047183642329726,1
143,-0.006609145057387744,0
143,-0.10184370507160875,0
143,-0.10087117600927759,0
143,-0.004723669525824203,0
143,-0.1915913216659816,0
144,0.4489969318528443,0
144,0.435083709779438,0
144,0.5147456290389002,0
144,0.40451513863189115,0
144,0.41910273623409144,0
145,-0.17026305540113257,0
145,-0.14526151753356537,0
145,-0.21416554849945751,0
145,-0.19936057967266488,0
145,-0.1653603815214886,0
146,-0.08007256040992192,0
146,-0.0839710198059854,0
146,0.131403275715973,0
146,-0.05247821100267458,0
146,-0.07948092295188569,0
147,-0.012450189889492286,0
147,-0.07678921645939937,0
147,-0.06677481937576207,0
147,-0.11623350363350327,0
147,-0.01105706473199397,0
148,0.1557125371500479,0
148,0.021777100858640486,0
148,0.01566370940948693,0
148,0.059820847710437657,0
148,0.0609721511684953,0
149,-0.06523417440811574,1
149,-0.21029359826485308,1
149,-0.27789495125799263,1
149,-0.19213694888804844,1
149,-0.25983506766516984,1
150,0.6511937521319792,0
150,0.6043558272241716,0
150,0.7566296491340387,0
150,0.6218554978964754,0
150,0.6405911031420404,0
151,0.48038370701373756,0
151,0.5335645436953917,0
151,0.4773732917720233,0
151,0.4622951769873161,0
151,0.4468131285065769,0
152,-0.42901615716058306,1
152,-0.48983706959699364,1
152,-0.44436027245551146,1
152,-0.4484131574058742,1
152,-0.5018566100232291,1
153,0.5422838052192571,1
153,0.5039067505565248,1
153,0.516616164195481,1
153,0.523477076154745,1
153,0.5994882409545839,1
154,-0.0691402031924431,0
154,0.025558808914400516,0
154,0.08051759381056679,0
154,0.010188749226517468,0
154,0.03672904329052322,0
155,-0.05766265262431906,0
155,0.10575168643773919,0
155,-0.019507816060258837,0
155,-0.013034772368517134,0
155,0.00135114721856186,0
156,-0.5817421563499034,0
156,-0.5094034638971315,0
156,-0.47887312392714765,0
156,-0.4078571889477736,0
156,-0.56949193142532,0
157,0.11331601112656006,0
157,-0.06632158261165104,0
157,0.05856928176567791,0
157,-0.004902979892567022,0
157,-0.01621149165822644,0
158,-0.25923771015691977,1
158,-0.22644712523833177,1
158,-0.15212115776652976,1
158,-0.18040064094121497,1
158,-0.22855587127933485,1
159,0.027995763638077598,0
159,0.06425920765235697,0
159,0.1595240749031008,0
159,0.24054183158235115,0
159,0.14517351432410702,0
160,0.09975531008385406,0
160,0.13475266281393175,0
160,0.11064833799682983,0
160,0.14238304492074005,0
160,0.11466949840198237,0
161,-0.25812206645304875,0
161,-0.22635959035189662,0
161,-0.30533523618054226,0
161,-0.24663225662573782,0
161,-0.23127905328132903,0
162,-0.617657443941847,1
162,-0.6172059544622337,1
162,-0.6100994484485678,1
162,-0.6596972256320554,1
162,-0.7166760768027831,1
163,-0.017637732506426806,1
163,-0.05759827751399521,1
163,0.08875963741618736,1
163,-0.037674312901208123,1
163,-0.08434448586128417,1
164,0.06467344269527903,0
164,0.1445914351055907,0
164,0.12228596918559641,0
164,0.16709594350008078,0
164,0.084225771409247,0
165,0.35821300502569203,1
165,0.4118422338327771,1
165,0.27954161406463546,1
165,0.3097759997870109,1
165,0.2753260369765723,1
166,-0.05426793088474423,0
166,-0.08102342851251448,0
166,0.003924152310876672,0
166,0.03865046808996589,0
166,-0.029783418759254443,0
167,-0.3713166200123026,1
167,-0.43518431848636663,1
167,-0.2823630967181848,1
167,-0.2918950313035239,1
167,-0.21275234562961293,1
168,0.5814146490441607,0
168,0.6412538305295032,0
168,0.4915026271247127,0
168,0.5483711574465542,0
168,0.5327274393957934,0
169,-0.22468315777712636,0
169,-0.27764907220019913,0
169,-0.17615787500840144,0
169,-0.31114347566025347,0
169,-0.1996438332049527,0
170,0.05889115232870634,1
170,0.05965031074235411,1
170,0.023011968852620024,1
170,0.02273762333106516,1
170,0.04620948162080399,1
171,-0.16566402496834784,0
171,-0.17373432375916809,0
171,-0.16413487033459132,0
171,-0.12412172708409638,0
171,-0.19121587355482889,0
172,-0.32876629520666767,0
172,-0.2442923096021677,0
172,-0.3207486733169368,0
172,-0.18468564538610904,0
172,-0.29401666185055175,0
173,0.4362031816653843,1
173,0.4201509801273705,1
173,0.40527693633594464,1
173,0.3559051633532334,1
173,0.425327748220904,1
174,0.22527277912480276,0
174,0.16700870551371697,0
174,0.17358679284905143,0
174,0.1862580794342178,0
174,0.17403167977751682,0
175,0.6207758421865117,1
175,0.633492340562015,1
175,0.6698848655879648,1
175,0.5532595986615509,1
175,0.4999320526799478,1
176,0.39393962726567905,1
176,0.2940330561604926,1
176,0.2620756095695752,1
176,0.27564214806838855,1
176,0.44404701292338966,1
177,-0.14104470900427513,0
177,-0.18432974829853807,0
177,-0.20468336164499037,0
177,-0.1871724473368172,0
177,-0.20420863741137116,0
178,-0.22578600455378564,0
178,-0.3319477570067908,0
178,-0.35858992757891567,0
178,-0.25936691342923646,0
178,-0.25695303878909637,0
179,0.45260113165233345,1
179,0.5281054542805589,1
179,0.5138555857834428,1
179,0.44416088714982355,1
179,0.4799156973667643,1
180,-0.14932585571545426,0
180,-0.3168600551897141,0
180,-0.2801928227538571,0
180,-0.2933533189213732,0
180,-0.3462193288099603,0
181,-0.03844500786585983,1
181,-0.026907260238777098,1
181,0.0031688916071211937,1
181,0.03677178237387374,1
181,-0.047705143051155474,1
182,-0.0038828309903929936,0
182,-0.041490184846885325,0
182,-0.11704703627548632,0
182,-0.10977945819796892,0
182,-0.2250945781738855,0
183,-0.0589104829248045,1
183,-0.06007553376272351,1
183,0.0028396665718870284,1
183,-0.049236736818509874,1
183,-0.14125210961445828,1
184,0.2924862521639877,1
184,0.3423463086533216,1
184,0.2630775862942476,1
184,0.35875333328268555,1
184,0.35476832161987737,1
185,0.25976319910874984,0
185,0.2056794056931405,0
185,0.22696389287956367,0
185,0.20033221040942928,0
185,0.20931811173553075,0
186,-0.26449323105650274,0
186,-0.2553645974744342,0
186,-0.2945968108383987,0
186,-0.19718850024654355,0
186,-0.3008225657078357,0
187,-0.014465454681907214,0
187,-0.0501285624618511,0
187,-0.050144323781113526,0
187,0.015227597125943543,0
187,0.03297580407334583,0
188,0.07940208317468682,0
188,0.09544419062932777,0
188,0.0035823663481715784,0
188,0.0835091331136203,0
188,0.07763642122961215,0
189,0.3908287063118733,1
189,0.3997137409743968,1
189,0.46390295437588847,1
189,0.15040669480971391,1
189,0.34446837404161507,1
190,0.07012194209101588,0
190,-0.007346372414326709,0
190,0.00822969551111635,0
190,0.042405258587164006,0
190,0.03374357570539529,0
191,-0.5281254018517684,0
191,-0.5411456388632457,0
191,-0.5544156153069391,0
191,-0.5789960886813312,0
191,-0.6377936724217315,0
192,0.7783659988374134,1
192,0.780336946400475,1
192,0.795807164248169,1
192,0.9903501618487767,1
192,0.7671052685521941,1
193,0.4134524665446509,0
193,0.40130567227374203,0
193,0.3547454513943026,0
193,0.3041457425211743,0
193,0.3704074920483511,0
194,-0.2085250110057475,0
194,-0.36572567530119365,0
194,-0.377924442591721,0
194,-0.3384763686041792,0
194,-0.4422365632419863,0
195,-0.3599959745397005,0
195,-0.374763813749815,0
195,-0.3547656018080513,0
195,-0.3480786286698706,0
195,-0.31671089750392883,0
196,-0.2394212218908463,0
196,-0.3037313976676495,0
196,-0.24483739721039383,0
196,-0.29549931411197594,0
196,-0.34263500290615373,0
197,0.022388919268492673,0
197,0.015393546503755951,0
197,0.036407530657051476,0
197,0.03208928497214148,0
197,0.013489028321560235,0
198,0.0096297145781086,0
198,-0.0077869068687233395,0
198,0.010502940056702381,0
198,0.07325034923884846,0
198,-0.07305849017178559,0
199,0.08699181637183309,1
199,-0.003552557966198161,1
199,0.0872284423233328,1
199,0.006909618572253917,1
199,0.07739913480328806,1
200,0.32410407868926905,0
200,0.28692195395152204,0
200,0.32786993303261414,0
200,0.33534904703544305,0
200,0.3301267161003665,0
201,0.3111899466340673,1
201,0.21409010772910328,1
201,0.3724198242388782,1
201,0.28718421094805846,1
201,0.22331266399425892,1
202,0.05393879750143378,1
202,0.12544980766174993,1
202,0.20861780079240705,1
202,0.09522536862904414,1
202,0.13605132232765738,1
203,0.23969182103465891,1
203,0.21921527550122588,1
203,0.2757717326875909,1
203,0.2978662264549115,1
203,0.3510177088005367,1
204,0.48022271850482745,0
204,0.6201954884200992,0
204,0.572741138841682,0
204,0.4733685256861244,0
204,0.8245609453939697,0
205,-0.3595537796476148,0
205,-0.4819882541882638,0
205,-0.3562448548975713,0
205,-0.3899580439154243,0
205,-0.245657823333974,0
206,-0.5286621415856705,0
206,-0.6424700564134106,0
206,-0.5239608963093314,0
206,-0.5662021675005181,0
206,-0.4318642181458321,0
207,-0.1946148068118508,0
207,-0.11670399647928681,0
207,-0.09737800452397813,0
207,-0.1509321910019376,0
207,-0.05271237037400667,0
208,0.06387063316249397,0
208,-0.009841693940470547,0
208,-0.08700074438181113,0
208,0.05034851303627946,0
208,0.024207171811954753,0
209,0.0885395578503058,1
209,0.16042056334806873,1
209,0.22587533865476903,1
209,0.13319814331804947,1
209,0.12326594176172065,1
210,0.38881264190387377,0
210,0.46333346197948166,0
210,0.5311307036043308,0
210,0.4048080354293443,0
210,0.3965119867627187,0
211,0.5954788639800175,1
211,0.5137160644473826,1
211,0.5352617643802484,1
211,0.5099975290538161,1
211,0.4901673387075326,1
212,-0.15950443388867624,0
212,-0.10286444746612375,0
212,-0.12876468024856014,0
212,-0.12534973059316798,0
212,-0.06191001985740799,0
213,0.3769463868927707,0
213,0.3464975729954981,0
213,0.420479102656212,0
213,0.3482481364079476,0
213,0.4033873035080942,0
214,-0.059192288932421844,0
214,-0.12380616914958877,0
214,-0.07643741831391876,0
214,-0.1551944919616568,0
214,-0.07776664321795422,0
215,-0.2596266357373602,0
215,-0.2205858336360987,0
215,-0.2781733948551897,0
215,-0.24536423593247506,0
215,-0.2307928929896583,0
216,0.17584441565288103,1
216,0.14552285876921292,1
216,0.1451294987212614,1
216,0.1809785815508413,1
216,0.11452838230035281,1
217,-0.43822967597077833,0
217,-0.4784422835476125,0
217,-0.511549099822468,0
217,-0.4236127196967072,0
217,-0.4787625004716637,0
218,0.11414001899477369,0
218,-0.1260697057896716,0
218,-0.10426247886354559,0
218,-0.11780467121365334,0
218,-0.18549191196304418,0
219,-0.2890051151139618,0
219,-0.4073605143510843,0
219,-0.32822267113567843,0
219,-0.37202676149267505,0
219,-0.3129905468287307,0
220,0.2008176731670952,1
220,0.2856830273301165,1
220,0.31425583740676094,1
220,0.15560111482597833,1
220,0.19884212763401338,1
221,0.5931463793063594,0
221,0.647076803497012,0
221,0.723964928569787,0
221,0.6776921883380828,0
221,0.6773884203556129,0
222,-0.2288691655180483,0
222,-0.10554772112607216,0
222,-0.1525360914001167,0
222,-0.13581664315043981,0
222,-0.14679549889092364,0
223,0.5317997696122434,1
223,0.5903570645436037,1
223,0.46296354433258335,1
223,0.4286503175106696,1
223,0.550227093200713,1
224,0.49064033237483284,1
224,0.4495301237624911,1
224,0.47588659800720867,1
224,0.5217761524414378,1
224,0.42818010638554804,1
225,0.25458161489857284,1
225,0.161206472524104,1
225,0.1703564952071493,1
225,0.25272790926167066,1
225,0.2591797238428746,1
226,-0.22746596719454767,0
226,-0.29169003235796565,0
226,-0.13133588619601888,0
226,-0.2685602067398689,0
226,-0.2594601884398326,0
227,0.454902845082178,0
227,0.5827776058325251,0
227,0.5642500859239236,0
227,0.5783237946850092,0
227,0.5855950985500565,0
228,0.12444510926644195,1
228,0.13308689151021622,1
228,0.18417479126404193,1
228,0.09433897126248787,1
228,0.24123621903700468,1
229,-0.3317204599977816,1
229,-0.38646804028706483,1
229,-0.31728752477692357,1
229,-0.3566964312021088,1
229,-0.26368830757739525,1
230,-0.22274419519434374,1
230,-0.21559566201548208,1
230,-0.3041092706216451,1
230,-0.2700172969878878,1
230,-0.30215530871947704,1
231,-0.4708110574083248,0
231,-0.38923337759056076,0
231,-0.37896487032450105,0
231,-0.41486887858751587,0
231,-0.40778316549561155,0
232,-0.24784004565764023,0
232,-0.20167809610967707,0
232,-0.10273484655560647,0
232,-0.20628301101504615,0
232,-0.15117905937419532,0
233,0.7251978698495241,1
233,0.7906814742581761,1
233,0.7281952519331321,1
233,0.6816626968613599,1
233,0.7210965398242382,1
234,0.5241481312761644,1
234,0.427575495156689,1
234,0.37834507992601757,1
234,0.4582581494797434,1
234,0.4653630240656957,1
235,-0.4169346908107726,0
235,-0.44574322020639195,0
235,-0.4456676204476192,0
235,-0.5236880448682952,0
235,-0.4330010581817091,0
236,0.14029371696123666,0
236,0.26033883107743006,0
236,0.22897056632593527,0
236,0.16153181459485436,0
236,0.19832383149428195,0
237,0.5574718346960807,1
237,0.5899903569533954,1
237,0.6180062721677757,1
237,0.5207854618991179,1
237,0.5561976150165401,1
238,-0.2048896877834842,0
238,-0.11769635405216586,0
238,-0.19486971918751617,0
238,-0.1385700813844408,0
238,-0.23350672424001145,0
239,0.025337566577036803,1
239,0.009349532551639733,1
239,0.018867856425639703,1
239,0.0042726136475812766,1
239,-0.018831666862305575,1
240,-0.13627130028952444,0
240,-0.15062691242917914,0
240,-0.14383585727785506,0
240,-0.12187680845654886,0
240,-0.15830429704990756,0
241,0.21276708650683782,1
241,0.1724279383138318,1
241,0.2376513718850019,1
241,0.2172177396479891,1
241,0.14698777228624704,1
242,-0.1554754950548786,0
242,-0.16294823198865732,0
242,-0.11765044042580902,0
242,-0.20667628954237877,0
242,-0.09632307500019216,0
243,0.4259582345774028,0
243,0.3333728745658091,0
243,0.4258149069007048,0
243,0.30792080632812746,0
243,0.2959006013607805,0
244,-0.008097035862691948,0
244,0.0710910768900023,0
244,-0.038411048359643055,0
244,0.026703454282004574,0
244,-0.030072547332466837,0
245,-0.11655759926994186,1
245,-0.2597954914730421,1
245,-0.09364304869617585,1
245,-0.16148128945752793,1
245,-0.20056400816711686,1
246,0.6756106876348928,0
246,0.7007151717516784,0
246,0.6353401526933844,0
246,0.686847608794068,0
246,0.7096407801897084,0
247,-0.005101844477366335,1
247,0.10334661298369842,1
247,0.09122939198614508,1
247,0.08558201525633681,1
247,0.15127818706376212,1
248,0.23457234393526222,1
248,0.3041296706838652,1
248,0.3501205757516255,1
248,0.32030704879644567,1
248,0.28706690471847546,1
249,-0.2765909274444445,1
249,-0.24774360098740633,1
249,-0.3060162917837216,1
249,-0.39547760899704987,1
249,-0.29668816422832234,1
250,0.5482634770545913,1
250,0.5427403613977919,1
250,0.5719925131327798,1
250,0.31472044008551703,1
250,0.7082007200413087,1
251,0.05807019704858987,0
251,0.2274520482848853,0
251,0.12099595659886075,0
251,0.11813921534220595,0
251,0.03187756925109578,0
252,-0.17053580195652837,0
252,-0.09278031797346567,0
252,-0.10839987510748256,0
252,-0.19079785947356692,0
252,-0.12850693156995738,0
253,0.20933808560778375,1
253,0.27393014144588246,1
253,0.12622348910926134,1
253,0.25565501876669405,1
253,0.1361720491551301,1
254,0.20790592912686107,1
254,0.16267578214629738,1
254,0.07984745774474736,1
254,0.19479096591890613,1
254,0.1924698869620548,1
255,0.39164620475441025,0
255,0.30096405964228606,0
255,0.3607663593558089,0
255,0.3895953405217243,0
255,0.39968472458154186,0
256,0.5761789363928231,0
256,0.6070470966488712,0
256,0.644372134933028,0
256,0.5482105997351838,0
256,0.6015950017928622,0
257,0.4095020507626549,1
257,0.4431279798126209,1
257,0.39457540549312753,1
257,0.42992968884164906,1
257,0.4252893467511254,1
258,0.8525805499650012,1
258,0.7547871461665536,1
258,0.7941253840627006,1
258,0.7369908734132811,1
258,0.8686148157317243,1
259,0.39974493062843,0
259,0.41333335504797375,0
259,0.43731990919778824,0
259,0.33174389758726286,0
259,0.5184646116089364,0
260,0.26722560457240463,0
260,0.3836099536944073,0
260,0.33754740535552497,0
260,0.41175029056573254,0
260,0.2614423288861319,0
261,-0.1838923943470112,0
261,-0.17478647988430993,0
261,-0.11382240566855661,0
261,-0.08983119020732583,0
261,-0.1416466060029854,0
262,0.596491258661435,1
262,0.6604559883196018,1
262,0.6542266388915046,1
262,0.7001740731529933,1
262,0.7082464429555253,1
263,0.01535605160640835,1
263,0.01191389017468053,1
263,-0.0029594510740013624,1
263,0.10960107208413236,1
263,0.05173222617722806,1
264,0.4728982346604623,0
264,0.5085757981446224,0
264,0.45474504697652907,0
264,0.4099542665568786,0
264,0.3109113505683305,0
265,0.8674438153458692,0
265,0.6974170851689376,0
265,0.7792118408340475,0
265,0.8540543669669315,0
265,0.7103304689798204,0
266,-0.21689643499075176,0
266,-0.11145588429173736,0
266,-0.20111915413196438,0
266,-0.09075718371320851,0
266,-0.2171340853148762,0
267,0.40967878919680645,1
267,0.37130904466238973,1
267,0.446731778212992,1
267,0.2886932905245255,1
267,0.39952978275585516,1
268,0.17617183325599847,1
268,0.2122934121117918,1
268,0.3000639436772279,1
268,0.31747159133446734,1
268,0.2927149787932748,1
269,0.49205238537156204,1
269,0.5041618923216332,1
269,0.4922393239504418,1
269,0.5094810667640688,1
269,0.5123480222222692,1
270,0.14069226265444262,1
270,0.2566745775093181,1
270,0.24574882115745217,1
270,0.2772329250143528,1
270,0.1342140990095031,1
271,0.5519988596662739,0
271,0.6269260797099234,0
271,0.5599909361660308,0
271,0.4636182394567628,0
271,0.4557990329427913,0
272,0.4434705504453287,0
272,0.49183781563572293,0
272,0.6786587842331273,0
272,0.5682320986388572,0
272,0.5295328132962742,0
273,0.6000014685036894,1
273,0.6978915063211829,1
273,0.6668886771196363,1
273,0.7327318544756917,1
273,0.7314926883007736,1
274,0.5057419611030014,0
274,0.5211491017551511,0
274,0.5957238088989296,0
274,0.4900293304011311,0
274,0.5070376395433597,0
275,0.40371543722471415,1
275,0.3119661858014561,1
275,0.2783979473616335,1
275,0.3218277396144027,1
275,0.3391416988324879,1
276,0.4610871865731586,1
276,0.3712819521022383,1
276,0.44275028418901874,1
276,0.34645377929360505,1
276,0.5045573264622012,1
277,-0.0725899898113852,0
277,-0.04202435454146061,0
277,-0.055860644952838656,0
277,-0.1260124833916256,0
277,0.04053354774517706,0
278,0.5248328505163092,1
278,0.5561447103229429,1
278,0.6212206892763348,1
278,0.521373153805188,1
278,0.5482571045165863,1
279,0.642525107477666,0
279,0.5299737069801154,0
279,0.5531504010436852,0
279,0.5965309685550668,0
279,0.5981931322769548,0
280,-0.3381583153619124,0
280,-0.2624874048226837,0
280,-0.3130573886477839,0
280,-0.24794531436676434,0
280,-0.2763312476269497,0
281,0.3241853828185564,1
281,0.3468223086935911,1
281,0.3534627524246007,1
281,0.40032619971447314,1
281,0.47189432064513404,1
282,0.13879185654160336,1
282,0.101379282210598,1
282,0.10815083560730315,1
282,0.11231473747593185,1
282,0.13201590522379547,1
283,0.3219459702381931,1
283,0.3144680816590331,1
283,0.3220281076158081,1
283,0.35332549587733963,1
283,0.3419975337991134,1
284,0.25201119143902534,1
284,0.26188062814544916,1
284,0.2766137844487119,1
284,0.2769007481467813,1
284,0.24171674818230043,1
285,-0.4070098988136993,0
285,-0.4352581858865259,0
285,-0.39784992070838454,0
285,-0.46694703034269,0
285,-0.350669804988935,0
286,-0.20423632920705956,0
286,-0.20574487831535773,0
286,-0.19316187749579292,0
286,-0.23641381065890052,0
286,-0.2313995027319369,0
287,0.29234578288289315,0
287,0.19336655495369526,0
287,0.13359876991028374,0
287,0.20976860761008653,0
287,0.2794779442307812,0
288,0.008428617844228437,0
288,0.13693513428703502,0
288,-0.005145835040997637,0
288,-0.04434533660686096,0
288,-0.029102854186358912,0
289,0.40733262139858306,1
289,0.3851785800438668,1
289,0.3156383036282635,1
289,0.39483040638635547,1
289,0.3599820146310467,1
290,0.048014495378422256,0
290,-0.16317760408018445,0
290,-0.07612826921202431,0
290,-0.15172296037520594,0
290,-0.018490185467177178,0
291,0.10058129403283506,0
291,-0.07884267728272065,0
291,-0.09046925199894773,0
291,0.04078735335446873,0
291,-0.056158974001420975,0
292,-0.17555900809522218,0
292,-0.1461562840522077,0
292,-0.030683225332368114,0
292,-0.1510740239592352,0
292,-0.21251533127350725,0
293,0.5252446012240899,0
293,0.5143495761019019,0
293,0.6184790032586558,0
293,0.5823656154751226,0
293,0.6316485483025531,0
294,0.24535354325190323,1
294,0.20700654819484476,1
294,0.20907970450490723,1
294,0.23071554218524282,1
294,0.37702658249474963,1
295,0.6014205146036888,0
295,0.6649369415445043,0
295,0.6084314747579723,0
295,0.5006141841952585,0
295,0.5766863119746499,0
296,-0.10784348507562966,1
296,-0.07652753342628213,1
296,-0.13968615217677288,1
296,-0.14504799345193606,1
296,-0.162604770044171,1
297,0.4575392548360485,0
297,0.384915711833074,0
297,0.45533565248163865,0
297,0.3859135976917545,0
297,0.35401789430723024,0
298,-0.2368372593437257,0
298,-0.21143804871190655,0
298,-0.14340231942528017,0
298,-0.20224220151209715,0
298,-0.25537440557202096,0
299,0.33540453803108894,0
299,0.30059001633278987,0
299,0.3596786627055603,0
299,0.40931056063198024,0
299,0.33269508174648676,0
300,0.737624947705247,0
300,0.6820264338050078,0
300,0.6612347250217238,0
300,0.6442828498943842,0
300,0.7804843564121192,0
301,-0.04926875425509608,0
301,-0.145661998162723,0
301,-0.1708187355882183,0
301,-0.15574540969127426,0
301,-0.12260594426280014,0
302,-0.0640812210163196,0
302,0.02164436415171747,0
302,-0.06371732139219155,0
302,-0.043236070748901484,0
302,-0.15361293397351078,0
303,-0.23898187671071647,1
303,-0.27971625622133794,1
303,-0.19458173218815122,1
303,-0.255380494974896,1
303,-0.20353786558883097,1
304,-0.14377566079739307,0
304,-0.0546206198015004,0
304,-0.17862636999184076,0
304,-0.14006928693667034,0
304,-0.2135239734688975,0
305,-0.036770855455758145,0
305,0.016454889773261816,0
305,-0.04540078688425722,0
305,-0.1238539037933344,0
305,-0.026937536507486398,0
306,0.14190872176560582,0
306,0.11686790283061481,0
306,0.1982116338163068,0
306,0.07643303512091311,0
306,0.10019311333762808,0
307,0.14785757808737582,0
307,0.20026986529133134,0
307,0.18275413490903883,0
307,0.21262102294578583,0
307,0.21892299907692264,0
308,0.2650835101969446,0
308,0.3617070955180308,0
308,0.24552371122477612,0
308,0.24574131925977283,0
308,0.3248868477508863,0
309,-0.22339608923465837,0
309,-0.11961883207837909,0
309,-0.12698700738351235,0
309,-0.10015497681366009,0
309,-0.05770605578952348,0
310,-0.4353295659782349,0
310,-0.39597469888927744,0
310,-0.486683926733738,0
310,-0.3894092949997012,0
310,-0.43613582506773063,0
311,0.8992593196610997,1
311,0.778968213329519,1
311,0.8719907674688713,1
311,0.790968043395452,1
311,0.8165951097778577,1
312,-0.16978628680764124,0
312,-0.13189990511452296,0
312,-0.16253057327926682,0
312,-0.15437153279353663,0
312,-0.17449569747939775,0
313,0.06709938858142729,0
313,0.14119499233232308,0
313,0.16024286412592945,0
313,0.1638123511111189,0
313,0.16004210653823783,0
314,-0.011916632187895848,0
314,0.00692210899677255,0
314,0.055699914214495216,0
314,0.07327991172784085,0
314,0.09005393329887393,0
315,0.5180385739828406,0
315,0.5652777523736537,0
315,0.4634555002464894,0
315,0.5914133536209527,0
315,0.47054120381536846,0
316,0.1202382460137243,0
316,0.21039781757037154,0
316,0.043427921779716355,0
316,0.12600996393028657,0
316,0.2568118992368385,0
317,0.43435435017002333,0
317,0.5013144034431816,0
317,0.4387379947013926,0
317,0.4535033455011787,0
317,0.46272599842334167,0
318,-0.33074105671370135,1
318,-0.16253515544829128,1
318,-0.22139962810425903,1
318,-0.255388205925756,1
318,-0.24722152576129636,1
319,0.061288843601200294,0
319,0.015328878989761374,0
319,0.005076388675972404,0
319,0.16327699482523583,0
319,0.050801063052873574,0
320,0.1669265481886606,1
320,-0.0017561413864179004,1
320,0.1190464925707223,1
320,0.09270682766094906,1
320,0.038735320573132476,1
321,-0.10773124263355763,0
321,-0.005111855658816805,0
321,-0.20229975443107606,0
321,-0.13248924154162384,0
321,-0.07623926806369691,0
322,0.2127276224151245,0
322,0.2796695753322565,0
322,0.2666017339926918,0
322,0.22754688997271422,0
322,0.2205815861351743,0
323,0.0022810379371319134,1
323,0.07699960450260362,1
323,0.09821498195650477,1
323,0.0015719554095703914,1
323,0.012641594980163207,1
324,-0.4414353029127073,0
324,-0.45240254112090317,0
324,-0.43330643698027294,0
324,-0.522346730440656,0
324,-0.4950354106940472,0
325,-0.29327782545113196,0
325,-0.21329804942260364,0
325,-0.20934188688805144,0
325,-0.298049400077288,0
325,-0.3239110871997375,0
326,0.4273864725208177,0
326,0.3248658122288911,0
326,0.3834936746338464,0
326,0.34528795228854026,0
326,0.32902207938114847,0
327,0.3043658882698194,1
327,0.2749969115016258,1
327,0.29278160587377083,1
327,0.3123093973698559,1
327,0.2593183049537022,1
328,-0.18208467561773256,0
328,-0.2893099164302301,0
328,-0.268104236199077,0
328,-0.21508473631166639,0
328,-0.2259809552677506,0
329,0.276831874123877,0
329,0.2868945285365668,0
329,0.25041207905930607,0
329,0.2951751362925381,0
329,0.21648279290627875,0
330,-0.17087031940232303,1
330,-0.05964955723366508,1
330,-0.15899609765146394,1
330,-0.19367690722368422,1
330,-0.1727100515203316,1
331,0.3030389740565351,0
331,0.3822532394933867,0
331,0.2646674037380813,0
331,0.40049331735760413,0
331,0.3273321349623891,0
332,-0.10032318443466001,1
332,-0.13048407802719172,1
332,-0.04402108916662284,1
332,-0.013920803870536291,1
332,-0.061352537270018825,1
333,0.6442537505524982,0
333,0.7472914431114861,0
333,0.6781660978983639,0
333,0.665281171404238,0
333,0.7075765185865386,0
334,-0.16861127464790143,1
334,-0.14242013433668654,1
334,-0.18798382594715318,1
334,-0.1429197084343935,1
334,-0.20220878027863515,1
335,0.3040669047695684,1
335,0.3564133123017474,1
335,0.3182360810654099,1
335,0.31382253385741354,1
335,0.3465231691584981,1
336,0.7595425824652182,1
336,0.7859709734697875,1
336,0.8782205309142029,1
336,0.8268761360872922,1
336,0.7494643209323435,1
337,0.2493035104657288,0
337,0.053654661459999725,0
337,0.090047296602285,0
337,0.12802357188503785,0
337,0.1676196494862391,0
338,0.5879108335659524,1
338,0.5764903651312725,1
338,0.5940738580965673,1
338,0.3979515359735384,1
338,0.590148726421993,1
339,0.13903113440094894,0
339,0.04489528725301066,0
339,0.11072631795522464,0
339,0.03006230055067699,0
339,0.20951969473365192,0
340,0.3221056620300559,0
340,0.25552334060772464,0
340,0.33026188413930857,0
340,0.24250256262538317,0
340,0.3622417502950169,0
341,-0.9301438726739576,0
341,-0.9093130251364007,0
341,-0.9680874215362778,0
341,-0.9419546144609673,0
341,-0.9812295882677942,0
342,-0.0008516469444972974,0
342,0.09309472393223303,0
342,0.0506749046222561,0
342,0.012205511166452881,0
342,-0.006687741706921074,0
343,0.1483952384352004,0
343,0.0071593842734065105,0
343,0.05513503359668509,0
343,-0.006247077544397961,0
343,-0.07317579007971053,0
344,0.4622712745234717,1
344,0.5552651627689725,1
344,0.46130898510679164,1
344,0.4777594556702895,1
344,0.3878206890509018,1
345,0.29822670081090197,0
345,0.30240588983509326,0
345,0.2672528362102595,0
345,0.29018406125828045,0
345,0.27671161212215645,0
346,0.21243656089319707,0
346,0.13743410400055056,0
346,0.20066264551754953,0
346,0.09810492585878211,0
346,0.2745776923074725,0
347,-0.11737803210184009,0
347,-0.27328240989132985,0
347,-0.2473765287695462,0
347,-0.2508477902162223,0
347,-0.3038591144764896,0
348,0.6450227400813995,0
348,0.8040081281517375,0
348,0.6315866907569794,0
348,0.5126407443285257,0
348,0.6349640602257189,0
349,0.0210965456922598,0
349,-0.12502398204834458,0
349,-0.11950828969357473,0
349,-0.09322139884331473,0
349,-0.055397696746499636,0
350,0.4081709585497971,1
350,0.4588040402527357,1
350,0.44227506546883455,1
350,0.43052427017398986,1
350,0.48566713205134177,1
351,0.49983563826606603,1
351,0.5517769833169583,1
351,0.4448753543446037,1
351,0.564097060489853,1
351,0.5616107031644579,1
352,0.5241106393321981,1
352,0.45907925021280593,1
352,0.47551306247903646,1
352,0.449325891005958,1
352,0.5856776088663238,1
353,0.7081208294582142,0
353,0.5906136000770962,0
353,0.6655601420936618,0
353,0.5340888356366338,0
353,0.724029444339327,0
354,0.21213783222966082,1
354,0.15750861291095494,1
354,0.2985152276309421,1
354,0.2385042530315722,1
354,0.23345566218003724,1
355,0.23979892449451787,0
355,0.15138719673043638,0
355,0.2571466032993358,0
355,0.1382610748504779,0
355,0.16327317782517387,0
356,-0.430334501104203,0
356,-0.3946355852939138,0
356,-0.2454443478044882,0
356,-0.37658470948933975,0
356,-0.3480477830210741,0
357,-0.10154612428920343,0
357,-0.18090338047010548,0
357,-0.09838144776183588,0
357,-0.1673114051928434,0
357,-0.12899835515560304,0
358,0.005917161875863039,0
358,0.03978960592479189,0
358,0.0354072671143384,0
358,-0.042170365555079026,0
358,0.039653974719700676,0
359,-0.22384327482693672,0
359,-0.25697254773833755,0
359,-0.27088124266133273,0
359,-0.3649689088229079,0
359,-0.2670145423761015,0
360,0.08150055353017052,0
360,-0.010988940372592348,0
360,0.019047273621867755,0
360,0.0645391098526126,0
360,0.002578861947411498,0
361,0.10893262716764361,0
361,0.14142068091964885,0
361,0.036452802535969345,0
361,0.22831855651400593,0
361,0.1119549949139602,0
362,0.32483028524089186,1
362,0.2909259426280474,1
362,0.31261797749074194,1
362,0.28249766457110376,1
362,0.2909541719680535,1
363,0.03983099364763476,1
363,0.016784173818076054,1
363,0.03558193129253501,1
363,0.04162389416745073,1
363,0.022709606712483246,1
364,-0.4083262475357381,0
364,-0.520360687224179,0
364,-0.38426255113530605,0
364,-0.2849583093046609,0
364,-0.36560653871659343,0
365,0.07291416274172072,0
365,0.06634883473554998,0
365,0.02350361656957739,0
365,-0.013509380285390893,0
365,-0.00419774374136872,0
366,-0.28174294151494506,0
366,-0.30921297322958435,0
366,-0.2541845456587849,0
366,-0.32852110217922986,0
366,-0.32893267926119335,0
367,0.4534658991441025,0
367,0.5620570250255491,0
367,0.4796657410282657,0
367,0.5136782494557934,0
367,0.44671911753144833,0
368,-0.17640134446933978,0
368,-0.013142938513328317,0
368,-0.09377728394885937,0
368,-0.14645636365206965,0
368,-0.20359685372264671,0
369,0.025389877550515184,0
369,0.06301515051726832,0
369,0.014374346731897573,0
369,0.04742216814775112,0
369,0.03829894840942453,0
370,-0.06884637296851168,0
370,-0.08095395226722837,0
370,-0.06860694466624256,0
370,0.09925314945205847,0
370,-0.05579596438309062,0
371,0.14929211149807095,1
371,0.07468917915352916,1
371,0.15217650960627951,1
371,0.11705301858818466,1
371,0.26878356100491296,1
372,-0.42852871046823615,0
372,-0.47273720308254275,0
372,-0.39470078902637296,0
372,-0.5525446128589954,0
372,-0.4018975811718486,0
373,0.20982184352433925,1
373,0.17270796672453856,1
373,0.027682969763719575,1
373,0.13550269532340903,1
373,0.07260733656919889,1
374,0.26332530087619954,0
374,0.15567314668376978,0
374,0.13799813792438492,0
374,0.2509044914871431,0
374,0.1023131030314709,0
375,0.3333855593722179,0
375,0.27440230498094026,0
375,0.39684691882317874,0
375,0.4052626930147137,0
375,0.2894501396450882,0
376,0.5171306450453312,0
376,0.45525664159241014,0
376,0.3788427378221534,0
376,0.3847692792181483,0
376,0.3280938794037301,0
377,0.2596533396419879,0
377,0.26653139677780213,0
377,0.1944217515507157,0
377,0.20231894451832222,0
377,0.15968613951913813,0
378,-0.004812473336585493,0
378,-0.016392521956712675,0
378,-0.06056281744503339,0
378,-0.08316631955844243,0
378,-0.004620036150223272,0
379,-0.32241978105120617,0
379,-0.2530509612454246,0
379,-0.3228415079240392,0
379,-0.3113477095833343,0
379,-0.3486811731953596,0
380,-0.17434691793489365,0
380,-0.004950295847274522,0
380,-0.20024972045683004,0
380,-0.12393259187614702,0
380,-0.13075095087403685,0
381,0.1445031974497137,0
381,0.10067974049979443,0
381,0.11870256787342176,0
381,0.24851191232516143,0
381,0.18968299100403418,0
382,0.590538201041443,0
382,0.5917924036589608,0
382,0.6513620894335495,0
382,0.566755993256292,0
382,0.5753705124632588,0
383,-0.04384855490202125,0
383,-0.0650607181232486,0
383,0.0614935231115763,0
383,-0.09328170065919222,0
383,-0.03471910501349007,0
384,0.35571044895471043,0
384,0.35961889505531425,0
384,0.3279877138279375,0
384,0.3246221207935762,0
384,0.4243010397437724,0
385,-0.024578674200425477,0
385,-0.24302911394734267,0
385,-0.16414426625231676,0
385,-0.22242412643913356,0
385,-0.13779246278436047,0
386,0.4132485552009825,0
386,0.3763399498810557,0
386,0.19445677673602807,0
386,0.3789261543820055,0
386,0.4177528564283164,0
387,-0.01831461342307454,0
387,0.1448612827654111,0
387,0.14645829744962874,0
387,0.15868646667302616,0
387,0.06881896460992863,0
388,0.3868503424992566,0
388,0.3574598310282086,0
388,0.350368608245279,0
388,0.4136103709604902,0
388,0.3942672353106328,0
389,0.2237262721477492,0
389,0.07912022776286946,0
389,0.13040850985493843,0
389,0.08986288589477162,0
389,0.13310059743409547,0
390,-0.3111423762826801,1
390,-0.2973089506256237,1
390,-0.2949129020487286,1
390,-0.3245303031082737,1
390,-0.3470384019148464,1
391,0.14533941592163505,1
391,0.08265720455981725,1
391,0.1525838798591564,1
391,0.05500072273446395,1
391,0.19319180306882688,1
392,-0.03424593668130446,1
392,-0.027908274707177633,1
392,-0.07134473612311476,1
392,-0.013611208396392238,1
392,-0.09099267231253672,1
393,-0.18250499670918702,1
393,-0.09817543641113796,1
393,-0.135329910290696,1
393,-0.10058457465324216,1
393,-0.11715234568032462,1
394,0.3750351186994691,1
394,0.5314765532348562,1
394,0.4376901960110027,1
394,0.5101919869080633,1
394,0.4088793177663397,1
395,-0.050474086803436125,0
395,-0.04893098922860095,0
395,0.013532873393117095,0
395,-0.04888645009982445,0
395,-0.12457586198599163,0
396,0.006749853613891493,1
396,0.11139459789292847,1
396,-0.04497733933280898,1
396,-0.005580013984088306,1
396,0.048130903362335,1
397,0.4217305898233845,0
397,0.5092734980573321,0
397,0.5861821665797892,0
397,0.42682595340423585,0
397,0.49919432889747545,0
398,-0.41947663299556476,0
398,-0.39380624016907895,0
398,-0.323763771464154,0
398,-0.38775309066370234,0
398,-0.4519884345455413,0
399,0.19455356162838952,1
399,0.07798457285853576,1
399,0.20114735020390917,1
399,0.07513066199496633,1
399,0.11934100398031805,1
400,0.4435884141733653,0
400,0.37937836387548646,0
400,0.37953830913628084,0
400,0.3200171341040053,0
400,0.3852500193793419,0
401,-0.46703785141555654,0
401,-0.45542633839742463,0
401,-0.38566635715717484,0
401,-0.3999836213589714,0
401,-0.40967268894083714,0
402,0.2770819685889027,0
402,0.461886441966783,0
402,0.24081899371956625,0
402,0.3568996923728278,0
402,0.26563164543315343,0
403,0.5112473705934996,1
403,0.5575965061213018,1
403,0.5356800456832804,1
403,0.4947118230493739,1
403,0.44760127176903675,1
404,0.5850012597842505,0
404,0.6657639925865126,0
404,0.5486874495954831,0
404,0.5450394229420468,0
404,0.6291316005170673,0
405,0.17060039743198807,0
405,0.06383479706672614,0
405,0.07928064891418145,0
405,0.09259334640347056,0
405,0.12770281612413362,0
406,0.46887613528680433,0
406,0.46112971416033344,0
406,0.47663033564105495,0
406,0.5101436762176847,0
406,0.4010501542095375,0
407,0.10719206062166542,0
407,-0.0285933207256642,0
407,-0.07334167783566013,0
407,0.030016375771465875,0
407,0.004460404677051527,0
408,0.664044543830344,0
408,0.7497333208157907,0
408,0.75819939115165,0
408,0.6255132940188379,0
408,0.7173903220776362,0
409,0.16245826710248745,1
409,0.21652421152230406,1
409,0.1989685055204118,1
409,0.18298747186027114,1
409,0.1771245762277836,1
410,-0.34112921857966944,1
410,-0.30480097403045503,1
410,-0.37977453260427807,1
410,-0.2850575815591156,1
410,-0.2916980187883724,1
411,0.6098481427172051,1
411,0.5805795116727311,1
411,0.6240715992438928,1
411,0.6214523081766715,1
411,0.4101375582142113,1
412,0.14463533279179042,0
412,0.10719550762046537,0
412,0.14768891207833923,0
412,0.10631922443535291,0
412,0.27649338161400594,0
413,-0.10886531910141306,0
413,0.06818554475715645,0
413,-0.0320855758963646,0
413,0.030919657078291807,0
413,-0.06414533186197856,0
414,0.44479164453559783,0
414,0.4632708140617007,0
414,0.44705597770445604,0
414,0.5199374530867229,0
414,0.42300287870949704,0
415,-0.046415688951523704,0
415,0.05218658061055843,0
415,0.22761795887596686,0
415,0.0390672751285408,0
415,0.1480911701405025,0
416,0.35900255011357274,1
416,0.2820772606665341,1
416,0.44787993887183336,1
416,0.41490652869862776,1
416,0.3104165225994915,1
417,0.017816721294484278,0
417,-0.043445333914038015,0
417,0.12085765916168197,0
417,0.02202014949243908,0
417,-0.0175126224703204,0
418,0.49395508110180864,1
418,0.40890420662372634,1
418,0.39931810422115765,1
418,0.5450370292135704,1
418,0.423140127371919,1
419,0.5847869833485577,1
419,0.4694105931773424,1
419,0.46545427705141923,1
419,0.398727918405395,1
419,0.4896653448548677,1
420,-0.20392261644759463,0
420,-0.11508784310048462,0
420,-0.2716410623839886,0
420,-0.0942713934284059,0
420,-0.17091687440237474,0
421,-0.20125119404405717,0
421,-0.10439109293886534,0
421,-0.14010526909223134,0
421,-0.09286910627397477,0
421,-0.12826314036992553,0
422,-0.03470237464309467,1
422,0.13370599349661738,1
422,0.07733691205386098,1
422,0.04600546792227139,1
422,0.07192533523772908,1
423,0.012815508746188559,1
423,0.03898236916201245,1
423,0.02703765833461999,1
423,0.041780515147609804,1
423,0.05356848693648794,1
424,0.3181453357056384,1
424,0.2268863517552409,1
424,0.2450226156101576,1
424,0.37325364255067983,1
424,0.2016625672733876,1
425,0.22019070812935562,0
425,0.1502918733813032,0
425,0.23711039294431527,0
425,0.2514104274562369,0
425,0.15325419290469533,0
426,-0.34355788094522943,1
426,-0.17759531965454284,1
426,-0.19060704748840193,1
426,-0.26418178065469483,1
426,-0.27047279391844753,1
427,-0.0021809296481295204,0
427,0.003505913360218632,0
427,0.07851654421664556,0
427,0.05979084813704799,0
427,0.07994699439290584,0
428,0.583520208860255,1
428,0.3453927983235832,1
428,0.30543399486898204,1
428,0.3613823015947247,1
428,0.5132701706300964,1
429,0.18630952903241688,1
429,0.11215265362256607,1
429,0.13931702274223506,1
429,0.10559287205545591,1
429,0.22158853771719286,1
430,0.33996776279437807,0
430,0.30829502566080164,0
430,0.33623856713696315,0
430,0.31261558064280204,0
430,0.3770452500939994,0
431,-0.32341282656369186,0
431,-0.2631186998840631,0
431,-0.33618844501222156,0
431,-0.3794183617487725,0
431,-0.4017249491321985,0
432,0.48493533755939405,0
432,0.35736718785735366,0
432,0.4541080798196996,0
432,0.385179450977596,0
432,0.3038508782641852,0
433,0.12491361691932537,1
433,0.14029556082162192,1
433,0.1715316291097853,1
433,0.21815311536756332,1
433,0.1355103862086361,1
434,-0.1886439508558255,0
434,-0.19086833943045983,0
434,-0.2594066829265287,0
434,-0.3069536032254972,0
434,-0.2225157202508501,0
435,-0.09093400676362537,0
435,-0.0372280189535677,0
435,-0.07254502638996863,0
435,0.0030241952347713763,0
435,-0.04429414666480072,0
436,-0.23875546450905322,0
436,-0.2357941194519454,0
436,-0.25777524596409984,0
436,-0.21275561346798672,0
436,-0.24000585248101688,0
437,0.3304481497568122,1
437,0.4378535425240162,1
437,0.3732559258605367,1
437,0.3849065957276728,1
437,0.5052040860686898,1
438,0.2855842013878067,0
438,0.20751657713602695,0
438,0.29798392128552376,0
438,0.2893394866415486,0
438,0.32702586362289354,0
439,0.25971165409688707,1
439,0.14261245215482615,1
439,0.1684303024020356,1
439,0.2363886457230474,1
439,0.20474280233645126,1
440,-0.008195436602216749,0
440,-0.07711041250451098,0
440,-0.1040206671273668,0
440,-0.07256804445289405,0
440,-0.10741889133521446,0
441,0.34787910366299307,1
441,0.2175528680216659,1
441,0.1320559872107696,1
441,0.21479673872628577,1
441,0.23108306972047954,1
442,0.23999562168907912,0
442,0.17011277014361162,0
442,0.25197714258184134,0
442,0.213811762528783,0
442,0.23971491277752818,0
443,-0.07435784754632341,0
443,-0.11304938784824606,0
443,-0.0706916674240344,0
443,-0.13477433696498214,0
443,-0.15903571899724192,0
444,-0.06038651097317252,0
444,-0.06613704387294855,0
444,-0.11484093847065127,0
444,-0.04156704279581272,0
444,-0.11090596524440899,0
445,0.050327462492030156,1
445,-0.06525021614848514,1
445,-0.012027600192990429,1
445,-0.014187510870054626,1
445,-0.0021245553588229438,1
446,-0.21082084468177112,1
446,-0.20656741628540806,1
446,-0.1830225813630589,1
446,-0.25621951960032885,1
446,-0.13385230299231335,1
447,0.22760871016862483,0
447,0.19506623084430313,0
447,0.15130710279628737,0
447,0.13967247980846242,0
447,0.2390816072158829,0
448,0.4749661306343972,1
448,0.5684576290325003,1
448,0.5625830564780568,1
448,0.5388081315135578,1
448,0.572114372044896,1
449,-0.183997334972038,0
449,-0.21649009411120976,0
449,-0.303085101983419,0
449,-0.2783243444256693,0
449,-0.27680145794702715,0
450,-0.23690916367086068,0
450,-0.2548370787685557,0
450,-0.24110174299897208,0
450,-0.3195938595086015,0
450,-0.24801801485973318,0
451,-0.035932452067536425,1
451,-0.0850911098422985,1
451,-0.03592575823531505,1
451,0.02591421271097874,1
451,-0.018941350045135752,1
452,0.29087329019693137,0
452,0.26623356011825156,0
452,0.2688432899975757,0
452,0.41702835926510473,0
452,0.4429605302061753,0
453,0.3658035673039219,0
453,0.28576230045095496,0
453,0.2667300471659829,0
453,0.31580858179317395,0
453,0.3312786428688487,0
454,0.03753821432887004,1
454,0.0869236769945901,1
454,0.17006042041376127,1
454,0.12966732407006643,1
454,0.12203634105128044,1
455,-0.11302174572789178,0
455,-0.20606922292225766,0
455,-0.09046815164576355,0
455,-0.1241933476777295,0
455,-0.14422724415202498,0
456,0.1784720254679836,0
456,0.1273165512606519,0
456,0.22167314217416945,0
456,0.16237671065080783,0
456,0.17148088491918453,0
457,0.0039034283551883362,0
457,0.00201814404235526,0
457,0.004459958771977987,0
457,0.008543072296775596,0
457,-0.004343549122058257,0
458,0.44741341205418267,0
458,0.3966865520885437,0
458,0.46814816851990193,0
458,0.3483400924316341,0
458,0.5236873930800579,0
459,0.22532228372265176,0
459,0.21670647675650598,0
459,0.38150687749488454,0
459,0.19701382325228162,0
459,0.2315363058153386,0
460,0.4202338792391314,0
460,0.387918843589216,0
460,0.31347881346616124,0
460,0.3571884397371655,0
460,0.3308199178140261,0
461,-0.6351090099974975,0
461,-0.6876408842696767,0
461,-0.5755328491928211,0
461,-0.7259829307516099,0
461,-0.65593566028107,0
462,0.03109267337590607,0
462,0.007736304235797603,0
462,0.05210777228821531,0
462,0.0063543046880042975,0
462,-0.02660119999324323,0
463,0.48115962220879765,0
463,0.41050144687845297,0
463,0.4219366629942646,0
463,0.5078692479428017,0
463,0.3665693081917283,0
464,-0.010130418852739437,0
464,0.049262327688849694,0
464,0.00916989336361601,0
464,-0.07165768940889555,0
464,0.010853721012737072,0
465,-0.31565943132521235,0
465,-0.355422246724229,0
465,-0.40946269743686114,0
465,-0.4048608744726688,0
465,-0.36528932134044634,0
466,-0.178153898426332,0
466,-0.05047075328354936,0
466,-0.11196768751938516,0
466,-0.21126052511910887,0
466,-0.21680785214053216,0
467,-0.32482032691318174,0
467,-0.3037737430725419,0
467,-0.3079668589186949,0
467,-0.3216131941464281,0
467,-0.3116503433998795,0
468,0.27021896847248417,1
468,0.21912526440646138,1
468,0.21884912565463419,1
468,0.2705229430526944,1
468,0.2834493019669843,1
469,0.3173958697607353,0
469,0.31882340494588884,0
469,0.290665655167348,0
469,0.30803111037982484,0
469,0.30991659617822753,0
470,0.06022928090143781,0
470,-0.01075576898294818,0
470,0.051142699160253505,0
470,0.06239762761322372,0
470,0.06173024159036464,0
471,1.085828186725545,0
471,0.9405256785441284,0
471,0.8792390285712057,0
471,1.1010895333544122,0
471,0.8856440204968883,0
472,-0.17020945112641273,1
472,-0.09688617218799583,1
472,-0.21485906659105192,1
472,-0.13657175177925035,1
472,-0.15333139812067947,1
473,-0.05905266680251303,0
473,-0.10473507901308435,0
473,-0.2025283274643138,0
473,0.01232144479704439,0
473,-0.09972170537989239,0
474,-0.3435092866160643,0
474,-0.29022782141216164,0
474,-0.32393911959631483,0
474,-0.31879516486469295,0
474,-0.3361338596167704,0
475,-0.08055362134245049,0
475,-0.1401434987225371,0
475,-0.08524302059813332,0
475,-0.06900308257184543,0
475,-0.08459357622666443,0
476,0.335140257532097,1
476,0.251809817604589,1
476,0.23032803675302616,1
476,0.2599396282395709,1
476,0.29991658251367315,1
477,0.29841624012731205,0
477,0.34806262831571283,0
477,0.23173837167337277,0
477,0.33630909903821066,0
477,0.26749854407317813,0
478,-0.22597692877230305,0
478,-0.30593430376460296,0
478,-0.3148216060941752,0
478,-0.3331661808129003,0
478,-0.2829219366832048,0
479,0.4743432126430393,0
479,0.48244423908633327,0
479,0.4501108460180327,0
479,0.4871618751636961,0
479,0.46386123786634154,0
480,-0.023171840002124883,0
480,-0.10885990434773082,0
480,-0.08430665166088186,0
480,0.080716161622244,0
480,-0.07319111798234146,0
481,-0.1892073220092546,0
481,-0.12854488749823126,0
481,-0.08015694444327245,0
481,-0.12214061023129402,0
481,-0.009315108025668817,0
482,-0.4123727289916418,0
482,-0.5141241387811064,0
482,-0.4376074020100644,0
482,-0.4687523272124063,0
482,-0.37819935748091116,0
483,0.67367943187373,0
483,0.6268025571671149,0
483,0.6229256209365982,0
483,0.7300647129367576,0
483,0.6181844701340211,0
484,-0.09618141544501271,0
484,-0.11164773699674699,0
484,-0.11618199033461107,0
484,-0.1792645565154793,0
484,0.015643884563643462,0
485,0.025017708574383096,1
485,0.09036440520180275,1
485,0.07887661976314832,1
485,0.12663308312940086,1
485,0.07284131062822785,1
486,-0.21315896009817928,0
486,-0.22039991494481698,0
486,-0.145470860651768,0
486,-0.20668667001345709,0
486,-0.29826613140952346,0
487,0.05653875865972843,0
487,0.02864187377977187,0
487,-0.016493709607400625,0
487,-0.07258485133574216,0
487,-0.014177815414033457,0
488,0.5254754072942699,1
488,0.506329868490113,1
488,0.5371627034238522,1
488,0.49303265349036995,1
488,0.5053917152683665,1
489,0.3445893153774384,1
489,0.3266819664015956,1
489,0.3919828535123414,1
489,0.4165098938557119,1
489,0.34227435611194784,1
490,-0.39742892066959995,0
490,-0.3979281453043753,0
490,-0.41693093861226,0
490,-0.3716556369568043,0
490,-0.23017859036597738,0
491,-0.02742449573840905,0
491,0.01605546471103042,0
491,-0.05577841661073918,0
491,0.07253030296958973,0
491,-0.010465527824325499,0
492,0.7197703616862738,1
492,0.9619450591456751,1
492,1.0018745724071076,1
492,0.8759793232539459,1
492,0.9003259229181697,1
493,-0.13130360975587427,0
493,-0.08992967488481363,0
493,-0.09300004640718043,0
493,-0.0705656911793747,0
493,-0.09820568835769472,0
494,0.4067402875564792,0
494,0.390600119117696,0
494,0.39664893721252287,0
494,0.446401819835182,0
494,0.3982479378124827,0
495,-0.3533199530657031,1
495,-0.4456315271249587,1
495,-0.3791633764269022,1
495,-0.3710930742874417,1
495,-0.3903110913443132,1
496,0.23940014984679664,1
496,0.24197323499492485,1
496,0.24802407406970003,1
496,0.24618349017694324,1
496,0.20356958727517166,1
497,-0.29461640514594234,1
497,-0.3444809551905712,1
497,-0.30274126466864665,1
497,-0.33095154885923683,1
497,-0.23895130301706816,1
498,0.6282245890781442,1
498,0.5620177509655995,1
498,0.6520797438670537,1
498,0.6877037010652709,1
498,0.6112864045498947,1
499,0.48927669568628196,0
499,0.6838656744753974,0
499,0.5865373344235121,0
499,0.6515021265505019,0
499,0.6768227506163025,0
500,0.3385892383363786,1
500,0.3031323637875447,1
500,0.32620313060772776,1
500,0.32436940353818156,1
500,0.3260259182717202,1
501,0.19446689085021152,1
501,0.21727965145690856,1
501,0.3028292654988384,1
501,0.30779552517614317,1
501,0.321664137579165,1
502,0.6816248301919454,1
502,0.8306507875795034,1
502,0.8680839624998873,1
502,0.7845560246982597,1
502,0.6285899634922866,1
503,0.4787264641127928,0
503,0.5674706977642708,0
503,0.527786926272548,0
503,0.5138311001005764,0
503,0.547405427126174,0
504,-0.07748990737027545,0
504,-0.23963064727995415,0
504,-0.26646465957504384,0
504,-0.16605601078906548,0
504,-0.20358289696143694,0
505,0.6458758051898957,1
505,0.6594362216979225,1
505,0.6172716562724452,1
505,0.6032142491052099,1
505,0.6312045065371431,1
506,-0.14409932214034435,0
506,-0.1668793789092404,0
506,-0.15733621819035737,0
506,-0.17339450489904684,0
506,-0.15407901861853074,0
507,0.5458836805372275,1
507,0.5972086429897274,1
507,0.662207196272414,1
507,0.48916058836829457,1
507,0.5491500762242768,1
508,-0.44551858521641674,0
508,-0.41933894758706614,0
508,-0.392435826587525,0
508,-0.42986848287339774,0
508,-0.5628941152232785,0
509,0.3576170165967085,1
509,0.37351492419080584,1
509,0.29490197396436924,1
509,0.304793586910054,1
509,0.2845961893612855,1
510,0.5554074034764634,1
510,0.6194627829577948,1
510,0.4898893309927732,1
510,0.5032840888075599,1
510,0.5637128073358865,1
511,-0.2166108009820823,1
511,-0.2700646880641889,1
511,-0.2055865848492312,1
511,-0.23597561144470824,1
511,-0.2594814611054683,1
512,-0.41543134650971875,0
512,-0.2980764080187521,0
512,-0.4199052068968634,0
512,-0.351570115674658,0
512,-0.3180455596450793,0
513,0.00941030048694855,0
513,0.022202650595621577,0
513,0.037106555825818795,0
513,0.028534431943720257,0
513,0.009115012956620617,0
514,0.87864386589266,0
514,0.77432808046641,0
514,0.7101518276610315,0
514,0.9526373374207463,0
514,0.7064444674326051,0
515,-0.21735115130388272,0
515,-0.10820280592281434,0
515,-0.20059499299289965,0
515,-0.19799190562390345,0
515,0.013583812401907092,0
516,-0.009802179480985357,1
516,-0.019655282184351808,1
516,-0.051582572947893174,1
516,-0.0016673460763466652,1
516,-0.054984887236090865,1
517,0.5300704098249641,0
517,0.542626756587533,0
517,0.4820329339048454,0
517,0.5080981916490501,0
517,0.512265907901507,0
518,-0.05488036206065855,0
518,-0.1592808859509569,0
518,-0.11133346582841325,0
518,-0.00479936031172698,0
518,-0.06225905010506996,0
519,0.10709698541532679,1
519,0.11429632700142975,1
519,0.13641211350465401,1
519,0.10808615446128973,1
519,0.09526514229816593,1
520,0.3292515853276427,0
520,0.34371831440627554,0
520,0.2978698723471343,0
520,0.3111298167596355,0
520,0.2608103665684486,0
521,0.06141460065910509,1
521,0.13220538196723072,1
521,-0.06011783286415068,1
521,0.1179604784555699,1
521,0.10142560558916691,1
522,0.5494903940086427,0
522,0.5479957033494245,0
522,0.5459139466561245,0
522,0.49230771015777186,0
522,0.48566248558718506,0
523,-0.3476681721167462,0
523,-0.4845768996751252,0
523,-0.4668622840178594,0
523,-0.4957545568145737,0
523,-0.44821636513888874,0
524,-0.4575186993014108,0
524,-0.4288570837303301,0
524,-0.5006241059014933,0
524,-0.5237184225308386,0
524,-0.4835458683751651,0
525,-0.5671231122386173,1
525,-0.30885529759574437,1
525,-0.5128270647590444,1
525,-0.4607732715933683,1
525,-0.4896380877773234,1
526,-0.4914978288682103,0
526,-0.6040972148980432,0
526,-0.34543576196134407,0
526,-0.5498181338216346,0
526,-0.41880529294036933,0
527,0.4864533689814663,0
527,0.6246505889231041,0
527,0.6071174667301534,0
527,0.5123984740188883,0
527,0.5450818089537143,0
528,-0.4895511646793082,1
528,-0.5050249857806772,1
528,-0.36915886822374155,1
528,-0.40857117127697823,1
528,-0.43736013843447685,1
529,-0.2885164046901475,1
529,-0.23276392756048309,1
529,-0.0659830497300069,1
529,-0.2719203979476208,1
529,-0.2041287477460354,1
530,0.301972446094724,1
530,0.331904282062978,1
530,0.330916988049873,1
530,0.30724975062965965,1
530,0.39469395952112063,1
531,0.18196782475364331,1
531,0.12718821661057678,1
531,0.008441177971895253,1
531,0.10160018494285745,1
531,0.0892550241644349,1
532,-0.4335688965950845,1
532,-0.4344871472077053,1
532,-0.3615141729789577,1
532,-0.4510542815940991,1
532,-0.4074223026315892,1
533,0.43000888794959086,1
533,0.3449313296562525,1
533,0.37334801037088416,1
533,0.3956005151742438,1
533,0.41682308114202915,1
534,0.24262294421375974,0
534,0.19862038290793207,0
534,0.2311357626584775,0
534,0.2542205214539498,0
534,0.2902653774437228,0
535,0.6210188703533609,1
535,0.5926499026120784,1
535,0.5929134626705977,1
535,0.6276262888390007,1
535,0.6121345242189897,1
536,0.3087208886768974,0
536,0.39941462350442614,0
536,0.34950875974561724,0
536,0.46532591492697506,0
536,0.46322634583783606,0
537,0.4829646197601136,1
537,0.2754352550930811,1
537,0.3651924875818642,1
537,0.4595404743810107,1
537,0.309115692234252,1
538,-0.0672810581854662,1
538,-0.12760937653664167,1
538,-0.03426512292269584,1
538,-0.04783827238394682,1
538,-0.10791805934845093,1
539,0.5381566766166151,1
539,0.5620848029047983,1
539,0.6175464111321272,1
539,0.597033355067311,1
539,0.4901199299280805,1
540,-0.032287800352875456,1
540,-0.09269380925891813,1
540,-0.01651618225827098,1
540,-0.021799092406295073,1
540,-0.022365928862385892,1
541,0.648324632982773,0
541,0.6416308654753915,0
541,0.6795457177824957,0
541,0.5827402573268886,0
541,0.47098941435904,0
542,0.07274999677206742,0
542,0.07292087154222751,0
542,-0.0164988637778542,0
542,0.0631133433155867,0
542,0.0532754276531046,0
543,-0.03765837984031095,1
543,-0.10326811730907112,1
543,0.03131250659409232,1
543,-0.04884418033962404,1
543,-0.05144340072637402,1
544,-0.015959956194464026,1
544,-0.10830773108233727,1
544,-0.0980091583267696,1
544,-0.07682777380144698,1
544,-0.12642789343903663,1
545,-0.17411134449323085,1
545,-0.2459561516684274,1
545,-0.168436831860445,1
545,-0.21714862693823092,1
545,-0.24602444516418795,1
546,0.21852439010487346,0
546,0.23801813746618516,0
546,0.23124975666474318,0
546,0.2552678494250955,0
546,0.28514122695971444,0
547,-0.42078192635674194,0
547,-0.34681462538272667,0
547,-0.15491315430221242,0
547,-0.3462822636106452,0
547,-0.3891204713009425,0
548,0.1794381919569884,1
548,0.17439670551500572,1
548,0.2129533908155386,1
548,0.1819511911934853,1
548,0.18413395085749734,1
549,-0.5260205068057676,0
549,-0.5175439642188523,0
549,-0.47073465171457046,0
549,-0.5322312997223804,0
549,-0.5588780283549172,0
550,0.40979758483416057,1
550,0.2607295135753406,1
550,0.5347984980071667,1
550,0.3857247340511123,1
550,0.24528484126828073,1
551,0.26813922058474327,0
551,0.2376142183076173,0
551,0.3284502042690727,0
551,0.263633746442476,0
551,0.38263875818637594,0
552,0.5720281225782975,0
552,0.48737377222541034,0
552,0.5370855621857284,0
552,0.5715198049934977,0
552,0.4175764309500657,0
553,0.5718200438230019,1
553,0.6817909173753499,1
553,0.6356255475555221,1
553,0.6080281791128552,1
553,0.6517758513793951,1
554,-0.1637562471055516,1
554,-0.2565575786404475,1
554,-0.25081854595358355,1
554,-0.26174637782671567,1
554,-0.25964671614720064,1
555,0.08034271444430868,1
555,0.03242514836579807,1
555,0.04595137022160539,1
555,0.09756158818457866,1
555,0.14410510398419346,1
556,-0.3170874873400147,0
556,-0.3907933099457158,0
556,-0.29344330192361967,0
556,-0.32835814279676556,0
556,-0.3593458851209931,0
557,-0.4350384379974546,0
557,-0.46289489352446533,0
557,-0.47843741306819565,0
557,-0.4278778792926376,0
557,-0.4896328442245609,0
558,-0.3746684689175094,1
558,-0.43883006488452225,1
558,-0.26147257442771765,1
558,-0.3146194185289356,1
558,-0.3090473546793419,1
559,-0.08241604425749191,1
559,-0.1262863476039283,1
559,-0.09488864291312954,1
559,-0.15093034805036853,1
559,-0.10218785694112806,1
560,0.5181938465949977,0
560,0.5667356146014664,0
560,0.5693681141243413,0
560,0.5147488979017567,0
560,0.5565752764864984,0
561,-0.22385721691059798,1
561,-0.1994698248846826,1
561,-0.19215677672286283,1
561,-0.185598499386007,1
561,-0.2066776930346613,1
562,0.7207690471926922,1
562,0.6623390318036974,1
562,0.7077229425476383,1
562,0.6286096523344333,1
562,0.5848098201034249,1
563,-0.03695713096725323,1
563,0.013953282558955088,1
563,-0.09129287317876977,1
563,-0.06934411065873175,1
563,-0.10436499581352907,1
564,0.029449259531896504,0
564,-0.021535461303137382,0
564,-0.09680578431390618,0
564,-0.04198469960539489,0
564,-0.006934340072985878,0
565,-0.14094315384480038,1
565,-0.22877193360490572,1
565,-0.26289379760607945,1
565,-0.16750143051097768,1
565,-0.17898654742317918,1
566,0.05041106661788164,0
566,0.1411355920445427,0
566,0.18880615280903446,0
566,0.1059114464244552,0
566,0.1263211138603813,0
567,0.4012529582633222,0
567,0.26917795636658315,0
567,0.2780049379417598,0
567,0.4255167863418381,0
567,0.45383259202346293,0
568,0.07278994080554213,0
568,0.033203013899293254,0
568,-0.0030751633520798294,0
568,-0.012169072326305694,0
568,0.011621671936625111,0
569,-0.16344779233832665,0
569,-0.2637066853084799,0
569,-0.2198591690240845,0
569,-0.14115102971342458,0
569,-0.20711773109967466,0
570,0.11977411984830318,1
570,0.11559364492567707,1
570,0.12059472026414798,1
570,0.09617766836719834,1
570,0.1074831496573407,1
571,0.46120170301052477,0
571,0.5248829061086826,0
571,0.3951953815811372,0
571,0.48716959099284773,0
571,0.5348599159075218,0
572,0.058095254089447323,0
572,0.08517639499946392,0
572,0.04662949554360735,0
572,0.022639840934138594,0
572,-0.012298087432650151,0
573,0.04065078472045468,1
573,0.08593281060903757,1
573,0.050595556362809324,1
573,0.196370194217165,1
573,0.05899336700683595,1
574,-0.0812632320849655,1
574,-0.043689420797183215,1
574,-0.07202755783900222,1
574,-0.04749654913901857,1
574,-0.009580793048283187,1
575,-0.015208460675059154,0
575,0.0444855200278865,0
575,-0.06816662881617086,0
575,-0.08054429884704975,0
575,-0.0018564751612883956,0
576,0.5535060442353279,1
576,0.5481060774146161,1
576,0.6090592642697521,1
576,0.529879066995399,1
576,0.5492359257762501,1
577,-0.03723828430623449,1
577,-0.05103712878148589,1
577,-0.0318645013166009,1
577,0.027027770133710827,1
577,-0.0984243116705295,1
578,-0.29149988931406917,0
578,-0.2312847302613441,0
578,-0.2596584870698358,0
578,-0.17115981461708973,0
578,-0.25294345396665097,0
579,0.07091777863915272,1
579,-0.03378342393135053,1
579,0.017656243125713983,1
579,-0.03501732816092468,1
579,-0.03947453695791239,1
580,-0.14855980681355546,0
580,-0.2415137375200491,0
580,-0.13443993576979274,0
580,-0.20399696907705617,0
580,-0.12436217667731556,0
581,0.07258592031726388,0
581,0.018966846315425362,0
581,-0.00349241303685649,0
581,0.13401943722235782,0
581,0.03027092440677792,0
582,0.2726409558424099,1
582,0.193398836573609,1
582,0.12968270200644078,1
582,0.1852193517293746,1
582,0.2818539738797295,1
583,-0.05213939482206156,0
583,-0.12423140963588192,0
583,0.09116907567252883,0
583,-0.07433914474225087,0
583,-0.12606318911703865,0
584,-0.19102030414990698,0
584,-0.1460211631427085,0
584,-0.10686355755034971,0
584,-0.13295252866569457,0
584,-0.09987389685097514,0
585,0.09032098852957221,1
585,0.03760574574161185,1
585,0.04944351080612754,1
585,0.15386691586096604,1
585,0.12059281416199878,1
586,-0.06484100465036138,0
586,-0.011534286742344885,0
586,-0.04664440182768362,0
586,-0.1008504217823666,0
586,0.014168787939917826,0
587,-0.4721807375295698,0
587,-0.45543370725739596,0
587,-0.43745864021627745,0
587,-0.3716728311792075,0
587,-0.4940320780916089,0
588,-0.40616411548705017,0
588,-0.49740435048864295,0
588,-0.48926893909316893,0
588,-0.40096732708834515,0
588,-0.42671466534377833,0
589,0.1748503364898198,0
589,-0.03731683845370665,0
589,-0.08342224507541665,0
589,0.08788249803991727,0
589,-0.01257142916688389,0
590,-0.21980817505391548,0
590,-0.2776286040729307,0
590,-0.23909009494790193,0
590,-0.2847342507576468,0
590,-0.2895602303526773,0
591,0.386062722538803,0
591,0.6223712147441279,0
591,0.7618794347041924,0
591,0.4505656108801178,0
591,0.4368796376594008,0
592,0.43083204369781025,0
592,0.3743756770943465,0
592,0.3946536279675679,0
592,0.398980606334694,0
592,0.31783530942579796,0
593,0.15465182111182754,0
593,0.16289933608009327,0
593,0.10672319153233928,0
593,0.18016196296135112,0
593,0.12654743952410955,0
594,-0.09284205086469685,0
594,-0.07189690348409575,0
594,-0.08768246566466206,0
594,-0.10800774036033248,0
594,-0.07162761099373373,0
595,0.09059163312106308,0
595,0.07001713090440453,0
595,0.004352600928197059,0
595,0.1723851768832633,0
595,-0.003199199533561986,0
596,-0.007919136719603093,0
596,0.043962677526835414,0
596,0.003568231232421837,0
596,-0.06569229483951629,0
596,-0.009291490665636393,0
597,-0.18077867166915243,0
597,-0.2069111667446937,0
597,-0.24688324556496294,0
597,-0.22646658772387546,0
597,-0.14199473889009362,0
598,0.32929627528172856,1
598,0.2997596734467381,1
598,0.3093322212478065,1
598,0.3060851753150332,1
598,0.30967091516515827,1
599,-0.14938566538042755,0
599,-0.18196080591542585,0
599,-0.2088545137063912,0
599,-0.1402445678205897,0
599,-0.10645701140013483,0
600,0.3179738192928997,0
600,0.39137290507387434,0
600,0.42088279083304037,0
600,0.46523004590899875,0
600,0.4269280312497671,0
601,-0.25657550399043655,0
601,-0.14234255617811153,0
601,-0.24727061062076755,0
601,-0.27047952512597123,0
601,-0.18481080859164645,0
602,0.16294427301243303,1
602,0.0906275208419362,1
602,0.04046020614909822,1
602,0.0036288950148214844,1
602,0.08383090063120675,1
603,0.5699141900618204,1
603,0.3758317918459271,1
603,0.5399325649220389,1
603,0.47397484668219214,1
603,0.48062746536555845,1
604,-0.33921148629567904,0
604,-0.21755220246884072,0
604,-0.29862250143540814,0
604,-0.2562035700172977,0
604,-0.232791630804018,0
605,0.32573712808822786,1
605,0.31257186445851376,1
605,0.3273295908083049,1
605,0.3270643601654242,1
605,0.3067443491846034,1
606,0.2060467307497064,1
606,0.2942228839311293,1
606,0.25242357177040387,1
606,0.26504760674604466,1
606,0.299806951247056,1
607,0.035920822191040286,1
607,-0.04863084430897806,1
607,0.008348868554106353,1
607,0.062005453973821956,1
607,0.08851523605030315,1
608,-0.015871120841533692,0
608,0.013404414628626349,0
608,0.00011176236910992454,0
608,0.08802325829983212,0
608,-0.023326238564314455,0
609,-0.05497240847619114,0
609,-0.11446900276573725,0
609,-0.009465771911612492,0
609,-0.04298614712752183,0
609,-0.04398157566751268,0
610,0.15081377484674877,0
610,0.15012486379532128,0
610,0.1894636150083446,0
610,0.14931935068914431,0
610,0.1681626306075299,0
611,0.03393525413934223,0
611,0.14078782937262835,0
611,0.06713012577638117,0
611,0.21618416467009383,0
611,0.06701163976189282,0
612,-0.29100026050175454,0
612,-0.17499590934031356,0
612,-0.21909327904540526,0
612,-0.2482458238069868,0
612,-0.24354956032173344,0
613,-0.42213226486357414,1
613,-0.45467324134479936,1
613,-0.4921945520135461,1
613,-0.4058762590813434,1
613,-0.39017429310650287,1
614,0.6158390843366323,1
614,0.6117279238909294,1
614,0.636497903536716,1
614,0.6379931349984924,1
614,0.6285321383851274,1
615,-0.07974025334306284,0
615,-0.0927674792147539,0
615,-0.07042786210229562,0
615,-0.08265933916940557,0
615,-0.06092564630564695,0
616,-0.35076506534592783,1
616,-0.2597744272990058,1
616,-0.3517716709104803,1
616,-0.3692618973532993,1
616,-0.1504279449689551,1
617,0.04475450348111129,1
617,-0.04017433593018174,1
617,0.11303532812875636,1
617,0.03254219748759979,1
617,0.13015324799046546,1
618,0.15853612747467213,1
618,0.22666994470705276,1
618,0.19565807408015373,1
618,0.2619396161417943,1
618,0.18397487390103803,1
619,0.3951250727296713,0
619,0.3946396757528367,0
619,0.364693076889524,0
619,0.3983773713749076,0
619,0.37409810615616373,0
620,-0.2678892840951065,0
620,-0.4446048614076714,0
620,-0.3047622150203079,0
620,-0.18561288657150954,0
620,-0.3812308556150072,0
621,0.40304583501202257,1
621,0.324890372081701,1
621,0.2823478854036166,1
621,0.3707627572172202,1
621,0.4358929280640641,1
622,-0.4097918884936327,0
622,-0.46762457528099366,0
622,-0.46883832889043503,0
622,-0.29130914953482967,0
622,-0.40618451724614535,0
623,0.21162761191781468,1
623,0.2031421057027584,1
623,0.17727875873204524,1
623,0.16936441890278034,1
623,0.18019982367527507,1
624,0.4329725115056696,1
624,0.5985276958632068,1
624,0.5690840694234441,1
624,0.5958649549832838,1
624,0.5094530655803745,1
625,-0.1709655595176038,1
625,-0.3144955908646918,1
625,-0.3372947783955222,1
625,-0.3434698483441815,1
625,-0.3794792424745591,1
626,-0.14590327492169558,0
626,-0.15220634826098273,0
626,-0.16083860725518698,0
626,-0.1815242102035505,0
626,-0.1725958312346148,0
627,-0.16143984985712168,1
627,-0.18990662321551652,1
627,-0.2271527181711885,1
627,-0.12594926254695388,1
627,-0.10995590962465268,1
628,0.40054804044099246,0
628,0.2976998382236916,0
628,0.23748815471079665,0
628,0.25459181848402046,0
628,0.21642527353983654,0
629,-0.48510304015421185,0
629,-0.42159478404183975,0
629,-0.5036317574864864,0
629,-0.5419070307427803,0
629,-0.6312386191043456,0
630,0.7446095003058903,0
630,0.6874614082800402,0
630,0.854106884135378,0
630,0.8177596829256009,0
630,0.5961982119533557,0
631,0.14273217211405098,1
631,0.03313249321145802,1
631,0.07253219551209014,1
631,0.07831007648170915,1
631,0.20635310393985426,1
632,-0.3562938424062065,0
632,-0.34992740542999584,0
632,-0.32425842079980083,0
632,-0.35228604520498086,0
632,-0.241461765504385,0
633,-0.17285044090457652,1
633,-0.11432806024774983,1
633,-0.07836718578536318,1
633,-0.049111511068436364,1
633,-0.08249253415158711,1
634,-0.5717685992042343,0
634,-0.6278137703500419,0
634,-0.5394978605976797,0
634,-0.5062859515034723,0
634,-0.5820436504511421,0
635,0.05045319891089928,1
635,0.09950334006315209,1
635,0.20759092814115437,1
635,0.07909585960480531,1
635,0.0761919387292222,1
636,-0.10938312073989398,1
636,-0.1350988259663836,1
636,-0.11251443117829801,1
636,-0.09598538580923677,1
636,-0.21244647823927584,1
637,0.20201449296993657,0
637,0.35956171551116334,0
637,0.20198065694683326,0
637,0.2756433188096289,0
637,0.30235258644157437,0
638,0.184729296935783,0
638,0.06953668812519559,0
638,0.1238517860073204,0
638,0.1750062058739076,0
638,0.17340105622682023,0
639,-0.14698945838734329,1
639,-0.16506132065000031,1
639,-0.14621073924080577,1
639,-0.18923110940872662,1
639,-0.17395928782731349,1
640,0.22070977953659088,1
640,0.3228993773870623,1
640,0.18047700026981384,1
640,0.2242953787712115,1
640,0.2681849000765694,1
641,0.24952315501819686,0
641,0.1416218921905673,0
641,0.14366930486393376,0
641,0.17189742755244894,0
641,0.23341192178637107,0
642,-0.15258465645141445,0
642,-0.08158265397139638,0
642,-0.14013345875466782,0
642,-0.06557953125518676,0
642,-0.146123990277542,0
643,-0.23138015929213412,1
643,-0.23949044020678767,1
643,-0.2190671798126008,1
643,-0.25984146191880214,1
643,-0.07107189391300839,1
644,-0.21824480583407627,1
644,-0.23774782454539872,1
644,-0.2704561070651635,1
644,-0.18386760203285915,1
644,-0.21123679304597695,1
645,-0.4204372274687978,0
645,-0.44280021868808994,0
645,-0.47794060768955005,0
645,-0.19993560170332209,0
645,-0.2781820612073774,0
646,0.5988618342649822,0
646,0.6943493233355189,0
646,0.5997998526184676,0
646,0.6066953068254197,0
646,0.7965277371339694,0
647,0.7773698593466867,0
647,0.7438191499486978,0
647,0.8639879351976747,0
647,0.7110482306513688,0
647,0.7011430622157155,0
648,-0.3205964007591501,0
648,-0.3953491197809005,0
648,-0.3481263945628993,0
648,-0.4966186200343797,0
648,-0.3152418269081513,0
649,0.2627992212768415,0
649,0.278949092290072,0
649,0.27382327529212747,0
649,0.29316256927210343,0
649,0.25303189966693057,0
650,0.8302817552792849,0
650,0.6004664399072511,0
650,0.7096770664989186,0
650,0.564361544194949,0
650,0.6721853086862994,0
651,0.06478141806153176,0
651,0.1639915993360859,0
651,0.1404014705732753,0
651,0.05734349793393477,0
651,0.045869957451872986,0
652,0.34949008702487483,0
652,0.32199413664161985,0
652,0.33863546636945685,0
652,0.3967352641763973,0
652,0.3749841534185249,0
653,0.5297067818990724,0
653,0.48993628281274193,0
653,0.4717953310663855,0
653,0.5033528210943818,0
653,0.4790219562415149,0
654,0.19524262885693366,0
654,0.28546705084972435,0
654,0.2329225803575025,0
654,0.23018845408315278,0
654,0.19980404679539382,0
655,-0.18295567171857402,0
655,0.03313285929349288,0
655,-0.16848495919119652,0
655,-0.14813750723894686,0
655,-0.1777657790304701,0
656,-0.0947084464972574,1
656,-0.048833871676262935,1
656,-0.07284164129486562,1
656,-0.1292630914619066,1
656,-0.044289155471052194,1
657,-0.02179077638106519,1
657,0.08000962844356818,1
657,-0.01572944387299649,1
657,0.17695320695757893,1
657,0.0676603619175396,1
658,-0.804590159171434,0
658,-0.6982727016863155,0
658,-0.6991038895000847,0
658,-0.6163229225605323,0
658,-0.5380948157673386,0
659,-0.3923431721661733,1
659,-0.1916114436872195,1
659,-0.25442601955581357,1
659,-0.4700607915454392,1
659,-0.3620663181723645,1
660,0.42059106031199195,0
660,0.38516355091557836,0
660,0.3477294595212389,0
660,0.44791618760811436,0
660,0.37654292273456136,0
661,0.26747024911246725,0
661,0.2054808521635691,0
661,0.3189863492186581,0
661,0.1353228175521746,0
661,0.197443001871471,0
662,0.19063151794698152,0
662,0.25224603882403873,0
662,0.343980322358129,0
662,0.37146452604808256,0
662,0.18662027873143444,0
663,0.6679549491547584,0
663,0.4684984450074732,0
663,0.6426581086266504,0
663,0.6136810279198488,0
663,0.5806025813175753,0
664,0.262469946035693,0
664,0.1551915790059355,0
664,0.08749135582652985,0
664,0.09101152355000641,0
664,0.1937950146932602,0
665,0.7037155884396495,1
665,0.5104808214387567,1
665,0.5575427154501861,1
665,0.5617612839301644,1
665,0.5819747784196267,1
666,1.089378833588341,1
666,1.0059602679519868,1
666,1.025575098561681,1
666,1.02340261583272,1
666,0.7389983022427511,1
667,-0.2771409665434574,0
667,-0.23680811390041548,0
667,-0.20658023843204376,0
667,-0.18638132280923225,0
667,-0.25861900300916735,0
668,-0.19225163924019645,1
668,-0.29413497205586886,1
668,-0.1800377623420625,1
668,-0.20561707269636056,1
668,-0.183400404021088,1
669,-0.28583252833980355,0
669,-0.21167884283263477,0
669,-0.27989726522451264,0
669,-0.2766764517233217,0
669,-0.2727655281088587,0
670,-0.0945875648117267,0
670,-0.08598790227335304,0
670,-0.1669756103410577,0
670,-0.10168645803874232,0
670,-0.13610200785281745,0
671,0.07930476261317382,0
671,0.06506439244351436,0
671,0.05233398872332706,0
671,0.07352385974028895,0
671,0.07180643452263515,0
672,-0.17038731278626001,0
672,-0.16290820197194392,0
672,-0.1255035918054969,0
672,-0.2100283551608326,0
672,-0.219276177091918,0
673,0.2716027781073134,0
673,0.21650611229199074,0
673,0.16372181972936908,0
673,0.2051810307790324,0
673,0.29142168650657735,0
674,0.4088119727480813,1
674,0.386911972252924,1
674,0.37764962123481927,1
674,0.46252788586410754,1
674,0.38828858447871795,1
675,-0.10894816186189582,0
675,-0.11265912981813313,0
675,-0.03025477486348479,0
675,-0.09238162416279282,0
675,-0.06620700373209512,0
676,0.32409685618403605,1
676,0.3946563835912404,1
676,0.37639459824815347,1
676,0.2679590692690019,1
676,0.2888628155890722,1
677,0.3368681780529076,0
677,0.3419374889106565,0
677,0.32045961817197416,0
677,0.32880006414040797,0
677,0.3112698815946789,0
678,0.25875789027466783,1
678,0.263196402674355,1
678,0.25796593640141313,1
678,0.29417722686185577,1
678,0.31399781374485697,1
679,-0.23484155877212798,1
679,-0.15669015531023106,1
679,-0.27222772946689217,1
679,-0.1788689023996763,1
679,-0.1597355536660246,1
680,0.27664719533528476,0
680,0.2697312296399659,0
680,0.26746459539438244,0
680,0.2776739837841817,0
680,0.25376490445571626,0
681,-0.0938267583447891,0
681,-0.08538385510524103,0
681,-0.06520751144571652,0
681,-0.04678089020420101,0
681,-0.05615800087536163,0
682,0.35917985536941005,1
682,0.261903806326952,1
682,0.2717459983165029,1
682,0.3458649250923524,1
682,0.3369631355175806,1
683,-0.17101486819793965,1
683,-0.26302658588968275,1
683,-0.07988421864697198,1
683,-0.06697761268678276,1
683,-0.1995518101370016,1
684,-0.23542252525470825,0
684,-0.18748055321547685,0
684,-0.2739744638909736,0
684,-0.19021780637934033,0
684,-0.21223689002015128,0
685,0.17065857826767994,0
685,0.12633487367712404,0
685,0.08612977971951875,0
685,0.2309975355398029,0
685,0.12327185606032857,0
686,-0.03240215928326334,0
686,-0.048976711676947754,0
686,-0.10775819893326086,0
686,-0.11068942202681303,0
686,-0.0820550000379831,0
687,0.8257479984625176,1
687,0.6893961083395967,1
687,0.6686364067932411,1
687,0.6639536883603046,1
687,0.7001755080515109,1
688,0.2890961672708609,1
688,0.5523974624532502,1
688,0.7568516284908577,1
688,0.4597384118325853,1
688,0.613955353478089,1
689,-0.3557593444050325,0
689,-0.24175223321915035,0
689,-0.40714522178520474,0
689,-0.40211762595251954,0
689,-0.5046284789391402,0
690,-0.06790237597426993,1
690,-0.08145422036288613,1
690,-0.002250141779722048,1
690,-0.011258953446653536,1
690,-0.10872056907418941,1
691,-0.4148253141030299,1
691,-0.46513457657497426,1
691,-0.45569415360234866,1
691,-0.4110042143396108,1
691,-0.3749995501739707,1
692,0.61307036182606,0
692,0.6055538500823241,0
692,0.54585474588079,0
692,0.6818355127087341,0
692,0.6724566263048902,0
693,0.263152096350036,0
693,0.2886076525201465,0
693,0.273389219447696,0
693,0.3046527974186687,0
693,0.2718543516074104,0
694,0.30491377738520703,0
694,0.21163524798584832,0
694,0.2514727630395893,0
694,0.3307438248486432,0
694,0.2546025915939563,0
695,0.579241525645668,0
695,0.6856150404740577,0
695,0.6136995969394179,0
695,0.6644169333188674,0
695,0.4919760203226332,0
696,-0.17179097300088617,0
696,-0.14797091766545242,0
696,-0.1626860947258474,0
696,-0.10046878132296566,0
696,-0.1308934212539954,0
697,-0.15277779646703832,1
697,-0.11731037567176847,1
697,-0.10551864257423535,1
697,-0.16298374932268034,1
697,-0.13812439085505934,1
698,0.250675683636901,1
698,0.12330253176346537,1
698,0.15662564843175442,1
698,0.3733668981668012,1
698,0.16501061263406297,1
699,0.24094584456637255,0
699,0.2390415465500005,0
699,0.22323337836986276,0
699,0.21918963141086145,0
699,0.22014464652214505,0
700,0.4349049223373896,0
700,0.4400528293332606,0
700,0.43831031018380273,0
700,0.4808396641238693,0
700,0.4519019170813929,0
701,-0.40208192378060437,0
701,-0.3600866609200842,0
701,-0.44118652997240554,0
701,-0.3742744632604056,0
701,-0.41828017741955403,0
702,-0.17266192377548734,0
702,-0.13147967016461218,0
702,-0.2284535139576856,0
702,-0.06825503028039262,0
702,-0.0808778249495481,0
703,1.1019146362779924,1
703,0.9892890180295527,1
703,0.8938550598203369,1
703,0.8509589536124071,1
703,0.9931605682207212,1
704,-0.35691771540636164,0
704,-0.4000305728402823,0
704,-0.39449728964226,0
704,-0.47901113567789616,0
704,-0.4059175429877302,0
705,0.5285547248130795,1
705,0.4184429109522819,1
705,0.45841673538650984,1
705,0.46203183853164,1
705,0.5549234881617684,1
706,-0.4902538096655755,0
706,-0.4257233478521455,0
706,-0.47768032967077884,0
706,-0.5141645669521094,0
706,-0.39123846941616425,0
707,0.19619410488369426,1
707,0.19714732443783434,1
707,0.3570283925045883,1
707,0.28155099400065986,1
707,0.37482475107870017,1
708,0.363146611693394,1
708,0.377768564063961,1
708,0.35610006714600667,1
708,0.3804727873309093,1
708,0.4133562242455424,1
709,0.4499963323750154,1
709,0.4486131995238543,1
709,0.5282805959163303,1
709,0.46320955510783407,1
709,0.49748265213520526,1
710,0.4849731204699187,1
710,0.2870698278773905,1
710,0.46192863177426036,1
710,0.37863438307157926,1
710,0.5385175080035332,1
711,0.4649196346136496,1
711,0.49314680859505206,1
711,0.5001036033968115,1
711,0.45697829325290373,1
711,0.4065753092776885,1
712,0.3791231391241002,0
712,0.3903604972946778,0
712,0.3805039814139879,0
712,0.3638312627609314,0
712,0.35759185246230685,0
713,0.06805252117609933,0
713,-0.08713900064845614,0
713,-0.14147413251544244,0
713,0.0009228716481448074,0
713,-0.04143163720055648,0
714,0.21082364335156267,0
714,0.2547815526977621,0
714,0.23802495945300334,0
714,0.21959187426740004,0
714,0.27895304042622665,0
715,-0.044832841395008594,0
715,-0.10928973911877299,0
715,-0.11005916429626468,0
715,-0.05346970558956382,0
715,-0.0905033268384928,0
716,0.03435317734819965,0
716,-0.06810567702184903,0
716,-0.060048933545812866,0
716,-0.05793944727785494,0
716,-0.03970039278071527,0
717,0.002078402623100134,0
717,-0.020272500057876203,0
717,0.05543907274099663,0
717,0.16566603033887764,0
717,-0.04186995425006587,0
718,0.1353540107723994,0
718,0.180089195462346,0
718,0.053199033323757486,0
718,0.10992619598565144,0
718,0.1340941851681653,0
719,-0.09068279050374167,0
719,-0.10916781824285882,0
719,-0.02715651472936359,0
719,-0.08861756097400555,0
719,-0.0658012793461844,0
720,0.4763106607553105,1
720,0.4605204791279067,1
720,0.5007055274241669,1
720,0.3893883828022606,1
720,0.45549445641818076,1
721,-0.11280887514659807,1
721,-0.11462501289222332,1
721,-0.19981700351068998,1
721,-0.08815664084606939,1
721,-0.062127391181996755,1
722,-0.001007826764380021,1
722,-0.14640275699089317,1
722,0.004075853460564327,1
722,0.015043625072451494,1
722,-0.1277481385683233,1
723,-0.1156434727548287,1
723,-0.20078743086466114,1
723,-0.04154176539164592,1
723,-0.11510905548114611,1
723,-0.14700251861735017,1
724,-0.1993790248496964,0
724,-0.24466649649810485,0
724,-0.1986826180532944,0
724,-0.3025966645898324,0
724,-0.09687807465647649,0
725,0.6415486838594913,0
725,0.596346762023027,0
725,0.6290462247497485,0
725,0.7373297938207337,0
725,0.6095411950574949,0
726,0.4934969093915586,1
726,0.579246225401894,1
726,0.699190481888293,1
726,0.6933497168065741,1
726,0.578052106821863,1
727,0.6889758023772039,1
727,0.5668534702608897,1
727,0.8615156219644401,1
727,0.6224457736590248,1
727,0.7612607108204086,1
728,0.8539918066853905,1
728,0.5116777031496518,1
728,0.7605722118273479,1
728,0.672050172203805,1
728,0.721768583552721,1
729,0.7261731274022243,1
729,0.7022519681540401,1
729,0.692483351934158,1
729,0.7424741786358209,1
729,0.731433516875488,1
730,-0.296514466102803,0
730,-0.3551512899272529,0
730,-0.31388166723881106,0
730,-0.20758984350553303,0
730,-0.297613979082462,0
731,0.5756777461089637,0
731,0.556089031671223,0
731,0.5369362929821317,0
731,0.6794623200977561,0
731,0.6593216490908893,0
732,0.12441044075548606,0
732,0.10098285704942683,0
732,0.1317524432532354,0
732,0.05385202603239427,0
732,0.02476309447589637,0
733,-0.24675482691998718,0
733,-0.28785441615272034,0
733,-0.25811170744046597,0
733,-0.32186220165331814,0
733,-0.25173946755029464,0
734,0.4801386986447208,0
734,0.4560061798667036,0
734,0.6342304411003163,0
734,0.45082869465273057,0
734,0.5701866276462629,0
735,0.21668291949270113,0
735,0.19119173200687584,0
735,0.09719339641267381,0
735,0.10131133640382207,0
735,0.22997502649576243,0
736,0.9337145474634071,0
736,0.9593325680712772,0
736,0.9188069005084496,0
736,0.8147205006992913,0
736,0.8353189431652632,0
737,0.33952505700902424,1
737,0.3957749130740198,1
737,0.4156714059040008,1
737,0.4140028702082572,1
737,0.40813998513273464,1
738,0.6439669855736803,1
738,0.8844602055995363,1
738,0.7592225526511805,1
738,0.8611412235669129,1
738,0.7863362079954574,1
739,0.31797020208234217,0
739,0.31275569338100684,0
739,0.24460946879684126,0
739,0.41357254213524464,0
739,0.2526677485571155,0
740,0.7214622216454467,0
740,0.6238674743849889,0
740,0.5874707617793044,0
740,0.576201551405435,0
740,0.6425102180338318,0
741,0.3311380395774573,0
741,0.3235087889738047,0
741,0.33215448845669643,0
741,0.37316452700303365,0
741,0.34734295709764484,0
742,0.21236285270413166,0
742,0.20873689303857468,0
742,0.23172648868027484,0
742,0.20945669214629312,0
742,0.20295254823676143,0
743,0.26159155195267675,1
743,0.2725204688700109,1
743,0.4602130410186196,1
743,0.40567138409738424,1
743,0.3076738920272809,1
744,-0.15159590295276715,0
744,-0.057200174386955405,0
744,-0.04160953592487204,0
744,0.005647145556446298,0
744,0.07106097255933677,0
745,-0.008948579409017138,0
745,0.018919007179659414,0
745,-0.0529131632313351,0
745,-0.07975791380450031,0
745,-0.05295619146128025,0
746,-0.16106867098430272,0
746,-0.08976071909841751,0
746,-0.03727450172075991,0
746,0.002541641708782516,0
746,-0.03373897541506951,0
747,-0.25370047752448105,0
747,-0.21799383561368332,0
747,-0.18055498068574197,0
747,-0.29850166254958654,0
747,-0.09912521738396618,0
748,0.21451262913152727,0
748,0.24645140883475697,0
748,0.22225951387404136,0
748,0.31880729915460027,0
748,0.32244347950688756,0
749,0.4513911190159152,1
749,0.24074963845687292,1
749,0.35553289342992217,1
749,0.44845862901306477,1
749,0.5311756902392215,1
750,0.22153961197184013,1
750,0.23973672815296837,1
750,0.26226937908185716,1
750,0.17653993644646793,1
750,0.21326981612615328,1
751,0.1697843188318128,0
751,0.15114488832591985,0
751,0.21819932250137933,0
751,0.13069286383927942,0
751,0.22398700169749008,0
752,-0.16522523346407308,1
752,-0.16247727128616177,1
752,-0.03118067040663547,1
752,-0.08329409078838251,1
752,-0.17795009868881673,1
753,-0.06686159631143929,1
753,-0.02852925794656641,1
753,-0.10280233202759101,1
753,-0.037151294270928586,1
753,-0.018220500598985112,1
754,0.20222524982035797,1
754,0.2467186562931884,1
754,0.16441646168231444,1
754,0.2724404429490383,1
754,0.23145578435746758,1
755,0.052435353705587835,1
755,0.09652798609551141,1
755,0.06307853085956447,1
755,0.09857850207451603,1
755,0.07973844172141542,1
756,0.055028167720593074,0
756,0.10320336489963972,0
756,0.13597413911998915,0
756,0.04076377478616619,0
756,0.08686581519882303,0
757,-0.1124886612275843,1
757,0.13424803205543093,1
757,-0.08035331398125081,1
757,0.014176684743520795,1
757,-0.11887332956222285,1
758,0.5606311094819423,0
758,0.508676017216269,0
758,0.6500326233094977,0
758,0.6687958494951691,0
758,0.6239036136114023,0
759,0.18624148731720935,1
759,0.11409613205482598,1
759,0.29226351439332054,1
759,0.2831507955232341,1
759,0.2632530714688164,1
760,0.4645790802479986,1
760,0.48717473298925545,1
760,0.4064214378275833,1
760,0.4913803904809959,1
760,0.49741151771934833,1
761,0.32827272453980944,0
761,0.3228860652450212,0
761,0.33070689857034014,0
761,0.284604291327624,0
761,0.301019520023294,0
762,0.023231377535390646,0
762,-0.04184105242420949,0
762,-0.003958885590045175,0
762,0.04786971780434923,0
762,0.053952191107427105,0
763,0.4315447687658324,1
763,0.385757642132345,1
763,0.3540985454486889,1
763,0.48203858067373084,1
763,0.33333262960436083,1
764,0.6728473398203112,1
764,0.7175381607203939,1
764,0.46083403995146544,1
764,0.8495949694037923,1
764,0.6451399341675471,1
765,0.21073563402785644,1
765,0.3105721581599231,1
765,0.07278674771045993,1
765,0.13504597883113556,1
765,0.25378153815743915,1
766,0.028452541427480035,1
766,0.2019128800786627,1
766,0.19182361204728937,1
766,0.17113432672632767,1
766,0.1864037890231528,1
767,0.4086087578687981,1
767,0.17241914664916,1
767,0.2971169219133563,1
767,0.2243017511451742,1
767,0.15952104415890617,1
768,0.42795458910138984,0
768,0.43622417050038553,0
768,0.4578978246582233,0
768,0.4262613085861305,0
768,0.4294925751459183,0
769,0.297274087149543,0
769,0.28978149130104547,0
769,0.3002236311802686,0
769,0.27793192450625553,0
769,0.2877913919540407,0
770,0.3461930519188433,1
770,0.24757611304486585,1
770,0.3339098831184644,1
770,0.2872067389095553,1
770,0.2974575663973682,1
771,-0.3257144440094484,0
771,-0.48135450895265597,0
771,-0.4234958492438863,0
771,-0.4491288632721405,0
771,-0.5437478794889604,0
772,0.3160359505585044,0
772,0.3292039357049539,0
772,0.30543631441721925,0
772,0.33709880942389603,0
772,0.2664740036030203,0
773,0.09642153414128035,1
773,0.16462555818988245,1
773,-0.009849964717869447,1
773,0.11682391664466185,1
773,0.12561649027946603,1
774,0.34252069887266334,0
774,0.36477066586053336,0
774,0.22486512320609747,0
774,0.43161080935082585,0
774,0.3834820143052391,0
775,-0.010483447511094673,0
775,-0.1772370877687884,0
775,-0.10757208939102605,0
775,-0.08125368221141663,0
775,-0.18550979217915595,0
776,-0.13461802947557117,1
776,-0.11250344994572517,1
776,-0.17545926427051106,1
776,-0.04596411797624381,1
776,-0.07537232122684664,1
777,-0.09013828524578121,1
777,-0.015807041530833843,1
777,0.12911235251296344,1
777,-0.07665584584931545,1
777,-0.053045359829280964,1
778,-0.22236307690383567,0
778,-0.08855142257717577,0
778,-0.17164522502622823,0
778,-0.2400450769362245,0
778,-0.1508567058893176,0
779,-0.024722146424926844,0
779,-0.06502348121572157,0
779,-0.1576783169976808,0
779,-0.07247519225381494,0
779,-0.04011012670477504,0
780,0.5492782529834637,1
780,0.6225703159865159,1
780,0.604514238482091,1
780,0.5509984540654119,1
780,0.5013064028054657,1
781,0.2831648082332205,0
781,0.31697544633102137,0
781,0.30684085857182875,0
781,0.2982978213696589,0
781,0.2964176346432985,0
782,0.42892435856862965,1
782,0.5052070703238828,1
782,0.4708359851561088,1
782,0.5442568431162533,1
782,0.4481745739637162,1
783,-0.07893593097081034,0
783,-0.076442683034941,0
783,-0.11640110825323662,0
783,-0.07911317504629217,0
783,-0.08452891255989953,0
784,0.3160823088203811,0
784,0.30305151108179723,0
784,0.23358879255238413,0
784,0.3346014066734937,0
784,0.43949987095312276,0
785,0.8030947820289998,0
785,0.7857672304807035,0
785,0.7385067238481771,0
785,0.7359147300669768,0
785,0.7524830443225545,0
786,0.20392604008159218,0
786,0.26612155399287374,0
786,0.2876635371222682,0
786,0.3838981887594754,0
786,0.26638409783161715,0
787,0.26670500238091543,0
787,0.20190471841034302,0
787,0.2410066868290197,0
787,0.240841677226782,0
787,0.2793718042979637,0
788,0.23538283441915767,1
788,0.21138147418376652,1
788,0.208272881399791,1
788,0.22534596126554438,1
788,0.24015605876451068,1
789,0.2818172677241447,1
789,0.3576172615592529,1
789,0.2601043816054526,1
789,0.24466806617118494,1
789,0.3195964155584924,1
790,-0.29423067929476426,0
790,-0.29762339437166274,0
790,-0.37304855191187114,0
790,-0.3766751974233764,0
790,-0.2145593445920142,0
791,0.02683316891719309,0
791,-0.07976087371058511,0
791,-0.12003597391323073,0
791,-0.141901041743127,0
791,-0.09856522297017292,0
792,0.4711018454402194,1
792,0.4635410094963701,1
792,0.48320706559695004,1
792,0.5418269891394775,1
792,0.44283157745111873,1
793,0.21401278274722849,1
793,0.23674415108205915,1
793,0.15491127898828072,1
793,0.1760776203577631,1
793,0.22634961321148608,1
794,-0.10840519040009215,1
794,-0.08037761607146138,1
794,-0.059684652806695326,1
794,-0.10210439073791877,1
794,-0.07885424146945871,1
795,-0.09610852231271971,0
795,0.0017582786578864695,0
795,-0.057531290452333156,0
795,0.02204130912858293,0
795,0.03694153769041797,0
796,-0.06988239661706361,1
796,0.09103132817359094,1
796,-0.0320110726310478,1
796,-0.13969706048160552,1
796,-0.16716709591448609,1
797,0.3494034253694821,1
797,0.5243046434084083,1
797,0.44738677969567103,1
797,0.4434291711641449,1
797,0.34327895214931725,1
798,0.15921746713137994,1
798,0.1819739486701352,1
798,0.12346438853320321,1
798,0.09473893934086716,1
798,0.14771440436520422,1
799,0.06006288844293342,0
799,0.07187616779876216,0
799,0.043350710564366735,0
799,0.07224252425824426,0
799,0.036987856991806164,0
800,0.4822713179249105,0
800,0.31663610705358414,0
800,0.29876905880661,0
800,0.34583826840315474,0
800,0.4165404382486557,0
801,0.17623873437081533,0
801,0.14769485590614484,0
801,0.07894142501071366,0
801,0.2744085001870296,0
801,0.12965522864313184,0
802,0.7882534548966575,0
802,0.7238586437234954,0
802,0.6486019015294919,0
802,0.6732764734402051,0
802,0.9205074133023138,0
803,-0.3474443034108746,0
803,-0.3605725119576388,0
803,-0.3915009614650166,0
803,-0.37275098250102856,0
803,-0.3953695273294938,0
804,-0.2847244427014959,0
804,-0.2179336748368342,0
804,-0.18775265978177796,0
804,-0.46853379209001367,0
804,-0.3005692360522587,0
805,0.6582937661474748,0
805,0.6160036598855373,0
805,0.6673259003974006,0
805,0.6444620343207461,0
805,0.6418606378673499,0
806,-0.08780927569257178,0
806,0.03205970076148179,0
806,-0.07037259764346565,0
806,-0.16148783989597032,0
806,-0.07680085969061987,0
807,-0.0037292534303395297,0
807,0.04608482457720664,0
807,-0.06715822837594182,0
807,-0.09753351945989129,0
807,0.0873767980807422,0
808,0.43616953689667826,1
808,0.5682080264936178,1
808,0.505043690142366,1
808,0.3505692232141297,1
808,0.44004131685636905,1
809,-0.06184071949005099,0
809,-0.15846792139356392,0
809,0.010323113325123645,0
809,-0.06428687137261202,0
809,-0.14383624045219223,0
810,0.20178760128974974,1
810,0.17382605680396235,1
810,0.17406906480856085,1
810,0.11040544586929558,1
810,0.22818941471286816,1
811,0.24040008582557193,1
811,0.1859006790848166,1
811,0.15520599185743625,1
811,0.18722981322498622,1
811,0.12398902315882439,1
812,0.2671461810459872,1
812,0.21234409697995854,1
812,0.18356890707827997,1
812,0.1326746927993876,1
812,0.2806705840751752,1
813,0.14970153313034326,0
813,0.26061262070993163,0
813,0.11963174454139892,0
813,0.0827269025972371,0
813,0.07147154711032104,0
814,0.27711319121085326,1
814,0.2777240119900469,1
814,0.4104644873128773,1
814,0.29069028052465784,1
814,0.36773235939579213,1
815,0.1763662574008353,0
815,0.18812207572951128,0
815,0.2600899343201646,0
815,0.13580542485548963,0
815,0.11034322393288126,0
816,0.1476205801541197,0
816,0.17727519815067272,0
816,0.20899955542061416,0
816,0.06878723088661422,0
816,0.16054056097221392,0
817,0.11899610307287026,0
817,0.08020047882054693,0
817,0.08802535848865933,0
817,0.1762163708946786,0
817,0.1024265735639571,0
818,0.049679420970504484,1
818,0.06493107187689326,1
818,0.0495720703664433,1
818,0.09219523753101447,1
818,0.11893265679793436,1
819,0.43194094099106717,0
819,0.34610836198053896,0
819,0.3645338816500878,0
819,0.4044337144656253,0
819,0.3288679072262317,0
820,-0.10008591552424717,1
820,-0.01891401009958532,1
820,-0.03711089696634873,1
820,0.02622591586988457,1
820,-0.04832361533180571,1
821,0.04037383326652769,0
821,0.057803160378925474,0
821,0.0752658978994668,0
821,0.05431654409158593,0
821,0.04146473399779527,0
822,0.11844098656247518,1
822,0.04929608114277248,1
822,-0.028477109855452667,1
822,0.003360075009253477,1
822,0.06918029905931923,1
823,-0.03829535583956831,0
823,-0.065261666805727,0
823,0.051391823481540366,0
823,0.004113669436150602,0
823,-0.05002043622542529,0
824,-0.10924276902171767,1
824,-0.060965314899704914,1
824,0.06294014301952564,1
824,-0.08103791098041804,1
824,-0.055860270990623656,1
825,0.2283041165250597,0
825,0.19691625460639933,0
825,0.1414182659541283,0
825,0.29657496227446534,0
825,0.2132656984204041,0
826,-0.08680547647623924,0
826,0.006952670337257216,0
826,-0.14173839788579923,0
826,-0.11875360379847447,0
826,-0.026844954324598158,0
827,-0.07159780555002324,0
827,-0.13827116280366364,0
827,-0.06740331091594462,0
827,-0.07770240900153147,0
827,-0.05959533425177524,0
828,0.03820142787458748,1
828,0.060234870937202645,1
828,0.065776683501739,1
828,0.06771394242422683,1
828,0.09781997841778431,1
829,0.011209201437771321,1
829,-0.06572171618826744,1
829,-0.026563711253516586,1
829,-0.08606593979196664,1
829,-0.044446879970286735,1
830,-0.11269321154028844,0
830,-0.03603283260579246,0
830,-0.011154476408866909,0
830,-0.10829797597498192,0
830,-0.14397435430526934,0
831,0.5616793388368473,0
831,0.4940791141396057,0
831,0.5258175389406647,0
831,0.5413691102784183,0
831,0.5068938456565468,0
832,0.3825724846821016,0
832,0.44815808168667925,0
832,0.43392150835472953,0
832,0.3437551623876231,0
832,0.3912480833084686,0
833,0.04352140419284786,0
833,0.1772394441089618,0
833,0.1329990457620996,0
833,0.0830174095437086,0
833,0.12445047193873793,0
834,0.03428068954256226,1
834,0.07787429155074624,1
834,0.19168960686655012,1
834,0.01883238116633923,1
834,0.15422614685729533,1
835,0.01941787586733079,1
835,-0.034332117152333225,1
835,0.03526117642758847,1
835,0.027760505840754707,1
835,-0.03909025644288791,1
836,0.26990601342213477,1
836,0.24495573411982985,1
836,0.28026593177125386,1
836,0.3108755127770908,1
836,0.30610819784864196,1
837,0.11249378238859192,1
837,0.06287100318153802,1
837,0.07181792494673533,1
837,0.05998409709100633,1
837,0.024920281987842047,1
838,0.3378974089817145,0
838,0.41403447626941914,0
838,0.4029539423217309,0
838,0.35306770878599536,0
838,0.4190390088031375,0
839,0.4190524907668506,1
839,0.34713899472808973,1
839,0.3089363217658857,1
839,0.3311817126854139,1
839,0.434363689199002,1
840,-0.2455886361953337,0
840,-0.3733212105174436,0
840,-0.3044594880340532,0
840,-0.20070103048063404,0
840,-0.29648962508792664,0
841,0.09198714035041815,1
841,-0.027843872386795365,1
841,0.07027795291065769,1
841,0.0768910801452744,1
841,-0.007466598300320648,1
842,-0.3955119155707313,0
842,-0.3225387159452614,0
842,-0.3663725989665537,0
842,-0.3575095441070685,0
842,-0.3624053449007014,0
843,-0.08706944043347006,1
843,-0.05719924911405466,1
843,0.10134170549300325,1
843,0.007339123844107315,1
843,0.028462759718484304,1
844,-0.2997938922477146,1
844,-0.21619554030600552,1
844,-0.2710983516260258,1
844,-0.32199155831076154,1
844,-0.2861520633995958,1
845,-0.3067775497135622,1
845,-0.28598527584884237,1
845,-0.3239685876747216,1
845,-0.2712390511192299,1
845,-0.29992686209523106,1
846,0.0494078980053623,0
846,-0.009545189683880073,0
846,0.04171427101935812,0
846,0.05278654695188073,0
846,0.05866503174340093,0
847,0.2831477790970015,1
847,0.39273586698370894,1
847,0.3701081582559115,1
847,0.3077972977111626,1
847,0.24516097930953912,1
848,-0.046408034970241374,0
848,-0.02551783874416877,0
848,-0.1551750516619464,0
848,-0.06856194675406724,0
848,-0.08290073750475142,0
849,0.2729757551484163,1
849,0.2405796547458661,1
849,0.0973007753602314,1
849,0.12588201928423068,1
849,0.19043539753757321,1
850,0.3250215098054391,0
850,0.27130149054316355,0
850,0.3056639091977663,0
850,0.2627335324135813,0
850,0.2328730960901084,0
851,-0.13214963043424807,1
851,-0.07684718442368471,1
851,-0.13123170468097872,1
851,-0.19909995015504994,1
851,-0.1832891770850602,1
852,0.5589780631235461,0
852,0.5284254104581366,0
852,0.5229602822604752,0
852,0.6051878621935286,0
852,0.5828140061462886,0
853,0.13576197893271616,0
853,0.11499015690273474,0
853,0.21616473536046366,0
853,0.03658756992590112,0
853,0.09584524725113344,0
854,0.2725761630090954,1
854,0.3767059743862523,1
854,0.4076102194599115,1
854,0.27141569919944847,1
854,0.28797333786524926,1
855,0.7509452546507187,1
855,0.6082480757066475,1
855,0.4372858206586707,1
855,0.6064653217216042,1
855,0.6734075452661057,1
856,-0.15651690043639196,1
856,-0.16204451899288266,1
856,-0.08293962233118496,1
856,-0.17914062721959242,1
856,-0.20836350816039217,1
857,0.3833686377327291,1
857,0.4660442752890438,1
857,0.4193247587084674,1
857,0.48173661583644806,1
857,0.5514962379672677,1
858,0.32609347120039534,0
858,0.22411799972375396,0
858,0.29028036010956504,0
858,0.30032614582064576,0
858,0.3026897060958316,0
859,0.357197957632333,0
859,0.44056746653497936,0
859,0.4314206685467069,0
859,0.40789099410216423,0
859,0.390186710860849,0
860,0.33068360718097994,0
860,0.22281240690763376,0
860,0.14994629089864187,0
860,0.3026819752940674,0
860,0.23328529429176303,0
861,-0.27458665181884323,0
861,-0.276958636308921,0
861,-0.17804806925190578,0
861,-0.35316618282952744,0
861,-0.1939359851601934,0
862,-0.002956239003347849,1
862,0.30319674133333885,1
862,0.4712852448184189,1
862,0.23478726531903976,1
862,0.26015192776903084,1
863,-0.006978304621204384,0
863,-0.115675152720881,0
863,-0.04094331974304913,0
863,-0.04596520574248092,0
863,-0.043388744150279324,0
864,-0.2383185748531559,0
864,-0.2040721354905794,0
864,-0.2299135641887682,0
864,-0.13331369684571628,0
864,-0.26668014548492724,0
865,0.030800693786457223,1
865,0.05986594023260064,1
865,0.015624302418933811,1
865,0.03338471988425179,1
865,0.02161966400836543,1
866,0.1072052202504153,0
866,0.15597292474002636,0
866,0.13052231961160388,0
866,0.15579092461562352,0
866,0.18934565465312853,0
867,0.13311410542425572,0
867,0.11748886920442189,0
867,0.14450672945411236,0
867,0.12501760249797572,0
867,0.14155728112267438,0
868,-0.4861283215909547,0
868,-0.5169049911893643,0
868,-0.5669551394643083,0
868,-0.5423331630076731,0
868,-0.48477816458186856,0
869,-0.42718138956392293,0
869,-0.41570593854646437,0
869,-0.4780750302402641,0
869,-0.402858074951157,0
869,-0.47636620814749225,0
870,-0.2714943780223908,1
870,-0.32191535330508697,1
870,-0.196465566826794,1
870,-0.27295453509845874,1
870,-0.2730179347973444,1
871,0.31059365533020805,0
871,0.12181916935949223,0
871,0.23611918768599777,0
871,0.320750000214448,0
871,0.400731547603292,0
872,0.5119387635533955,0
872,0.36645830429976467,0
872,0.41846538296421143,0
872,0.34697080638065336,0
872,0.41496765470324404,0
873,-0.24353571804276058,0
873,-0.19752544482572193,0
873,-0.2574333050808811,0
873,-0.29213051747883745,0
873,-0.14758362046171306,0
874,-0.13274298689134897,1
874,-0.039125526843996256,1
874,-0.12268752406600492,1
874,-0.08134632580417636,1
874,-0.01688845572350084,1
875,0.18120364981654896,1
875,0.21455038094796688,1
875,0.28324814432711587,1
875,0.269792674546399,1
875,0.20075782504446968,1
876,0.14243879509485619,0
876,-0.00019868586174753844,0
876,-0.04744188049376541,0
876,0.08902013426168462,0
876,-0.012813643772639466,0
877,0.05502320818948049,1
877,0.19547194393606548,1
877,0.016642708228382735,1
877,0.11819902436429687,1
877,0.14616123899479466,1
878,0.45222706576736116,0
878,0.5505055414276941,0
878,0.4671737631206191,0
878,0.4550365106758859,0
878,0.5251457793041273,0
879,0.28452955082638126,0
879,0.2665488158823369,0
879,0.22709611280431347,0
879,0.2744708173566873,0
879,0.2858559286886705,0
880,-0.5018170159304002,0
880,-0.3519251736263333,0
880,-0.49193107625054766,0
880,-0.414353955176021,0
880,-0.5939458880587651,0
881,0.002818323721270999,1
881,-0.048765790813136395,1
881,-0.03885563992123728,1
881,-0.03790364559242548,1
881,-0.07488978542756364,1
882,0.6380502541105082,1
882,0.5096771029438709,1
882,0.6474994463535422,1
882,0.6267892985074297,1
882,0.5777808847116842,1
883,0.04935600320768363,1
883,-0.061280416008240746,1
883,-0.0625342015620016,1
883,-0.04240604124470004,1
883,-0.09461746685855973,1
884,0.09541705548210551,0
884,0.20251275582813022,0
884,0.1309443884303551,0
884,0.0944897948335047,0
884,0.0847955823779294,0
885,0.8773419478987058,1
885,0.6328172225504647,1
885,0.9571200833066045,1
885,0.9819366810037977,1
885,0.8115665525983069,1
886,0.3364171259241642,1
886,0.3347659354357495,1
886,0.4782410800666518,1
886,0.3442660544124698,1
886,0.29269107346036993,1
887,0.14829942676171687,1
887,0.14352295313714108,1
887,0.18635689308316708,1
887,0.14973050369125862,1
887,0.13051839001958254,1
888,0.21853182102938218,1
888,0.2771746574640728,1
888,0.32823783213259994,1
888,0.14161074748083277,1
888,0.3663907532797543,1
889,-0.1460338920308888,1
889,-0.12287294675465205,1
889,-0.11206760392405538,1
889,-0.11888322171462477,1
889,-0.14883834204879437,1
890,0.303528384955118,1
890,0.3434857277394306,1
890,0.2884105387162738,1
890,0.31602072977932116,1
890,0.338294624562942,1
891,0.554548662562167,1
891,0.6489878703113408,1
891,0.5875419553752188,1
891,0.605653374407876,1
891,0.5360459144003142,1
892,0.0036740733729694053,1
892,-0.06570432235556534,1
892,0.2083662016412689,1
892,0.1264708483281825,1
892,0.009326961386388999,1
893,-0.1790649721065852,1
893,-0.17095676529002293,1
893,-0.09835883498245604,1
893,-0.11176104553759925,1
893,-0.12985920853248276,1
894,-0.12262973718576603,0
894,-0.01763809019325513,0
894,0.013617503770583045,0
894,-0.046544478602934564,0
894,-0.018769646254447464,0
895,-0.17934461328229423,0
895,-0.23560693063683547,0
895,-0.23110549618246531,0
895,-0.22045260609420309,0
895,-0.19390259165431972,0
896,-0.5694696648411635,1
896,-0.5635100260516446,1
896,-0.5702159162430837,1
896,-0.5449770689062114,1
896,-0.6520871018125703,1
897,-0.27105698542833256,0
897,-0.29656504128848205,0
897,-0.2981406765133148,0
897,-0.3226755508965863,0
897,-0.39101194120687793,0
898,0.5093531529658166,1
898,0.5395574568942703,1
898,0.43354344774578546,1
898,0.3979745207511023,1
898,0.34860780966138766,1
899,0.2415290047956424,1
899,0.2181344605351861,1
899,0.18878598567569696,1
899,0.18954961057161626,1
899,0.20549505019739636,1
900,0.2710619803812965,0
900,0.2645165624798129,0
900,0.26030067701498777,0
900,0.31219753156006336,0
900,0.2566677270410308,0
901,0.2704587680425524,1
901,0.2393220779337559,1
901,0.31336181076844916,1
901,0.2965420773690735,1
901,0.29721810916808333,1
902,0.39911193114520216,1
902,0.38245580056016076,1
902,0.4284863034456702,1
902,0.41324433693390034,1
902,0.4337422016511141,1
903,-0.02323705045488808,0
903,0.10639259340813502,0
903,-0.07822886621537789,0
903,0.0023905962865761465,0
903,-0.05934420131541193,0
904,0.0167673986434399,0
904,-0.01459311121468193,0
904,0.056448635079749315,0
904,-0.0002830244806654447,0
904,-0.0008580345002269785,0
905,0.0830179296502766,0
905,0.01782605367790019,0
905,0.05912269366769307,0
905,0.09010937109663758,0
905,0.14666075953099295,0
906,0.13455212664608296,1
906,0.09728628853576189,1
906,0.07664049148087995,1
906,0.11267223071540113,1
906,0.13966618203228454,1
907,-0.14359332462962968,0
907,-0.17820843938947212,0
907,-0.13317487066386954,0
907,-0.09152472379812715,0
907,-0.1576554546844722,0
908,-0.012841129212710106,1
908,0.061668918466690786,1
908,0.02076095763549879,1
908,0.1470628551189626,1
908,0.12427502121039202,1
909,-0.4196076816444079,0
909,-0.43669677418505687,0
909,-0.572312839595987,0
909,-0.5278103524927171,0
909,-0.4506206888073042,0
910,0.6416451525156475,0
910,0.6094517307808325,0
910,0.6648175530959306,0
910,0.6215389896912564,0
910,0.6337232682689822,0
911,-0.5190327404243105,1
911,-0.2811680925079166,1
911,-0.4865731421117939,1
911,-0.5173521573057618,1
911,-0.5071840951778092,1
912,0.12730461887870254,0
912,0.07362240257126255,0
912,0.11429308718103053,0
912,0.05850838230234333,0
912,0.08090984389670655,0
913,-0.08722286625367603,0
913,-0.24372070874915272,0
913,-0.2173131686370346,0
913,-0.18409222373047845,0
913,-0.21844498579391877,0
914,0.24063320014490505,0
914,0.2450751712965896,0
914,0.1306873381919591,0
914,0.1737788724834936,0
914,0.15890929106445306,0
915,-0.021508097698033468,0
915,0.04251958605436021,0
915,-0.07596626431679002,0
915,-0.010990571490576029,0
915,-0.0631514311566275,0
916,0.05379953712459205,1
916,0.039143658897065725,1
916,-0.003722166711541658,1
916,0.11789997855739215,1
916,0.03384171604641491,1
917,0.05720980603780644,0
917,0.031120044676969022,0
917,0.10538966021244198,0
917,0.09888221297450772,0
917,0.06218682507008112,0
918,0.4652546990532087,1
918,0.5221750288881517,1
918,0.5864568743382714,1
918,0.5779594795498514,1
918,0.5138960581406621,1
919,0.5012771401691879,1
919,0.4341960283210768,1
919,0.41072027089902274,1
919,0.47586174283860494,1
919,0.38763104954300903,1
920,-0.1898626395636105,0
920,-0.3500377437966947,0
920,-0.2588639187291552,0
920,-0.30697407744921745,0
920,-0.29715224649531746,0
921,-0.07762548996842333,0
921,0.0062084886084943225,0
921,0.03544325082512029,0
921,-0.112356879757486,0
921,-0.09299042425422105,0
922,-0.2620023697364663,1
922,-0.29734592072637595,1
922,-0.25365768449681947,1
922,-0.35642128334510526,1
922,-0.28071297954311064,1
923,0.10463091447613068,0
923,0.029651877657869474,0
923,0.05714000084505197,0
923,-0.0205554287627545,0
923,0.11922500989702398,0
924,0.5106568928245402,1
924,0.5513301800331594,1
924,0.5485240029214613,1
924,0.5577672766060241,1
924,0.49984810536659685,1
925,0.41459995863534566,0
925,0.4809520483824204,0
925,0.4117927024410849,0
925,0.35457843470904765,0
925,0.4018269449763292,0
926,0.09088867279630485,0
926,0.09768358723260467,0
926,0.10468209413212098,0
926,0.07100354477113255,0
926,0.13823574552115653,0
927,0.5456384838669203,1
927,0.4756217750682757,1
927,0.554198150441848,1
927,0.48443459751931517,1
927,0.47236801797190453,1
928,0.20511341378231546,0
928,0.0747126320110837,0
928,0.13573205418707263,0
928,0.23958859353386486,0
928,0.22664366581930495,0
929,0.13727365290486737,1
929,0.19272229920059128,1
929,0.3099704984815338,1
929,0.1190510382093471,1
929,0.181950308093132,1
930,0.09783225617893948,1
930,0.10715650317164149,1
930,0.028971120214261917,1
930,0.01800121554027931,1
930,-0.03319972285487491,1
931,0.2313786128515704,1
931,0.325512663593877,1
931,0.2167465386144341,1
931,0.20411941956844246,1
931,0.18552380201400342,1
932,0.26831340603275605,1
932,0.18863273709571643,1
932,0.20119432496146522,1
932,0.12350250964889954,1
932,0.2737872212531268,1
933,0.2573159815169171,0
933,0.2699535457886311,0
933,0.25351517349298297,0
933,0.24175128493985004,0
933,0.2731467790730659,0
934,0.0494602278296499,1
934,0.04203871605133147,1
934,0.009426042939832374,1
934,0.08769955914874994,1
934,-0.06643811505989895,1
935,0.3602075839601955,1
935,0.40019825690847255,1
935,0.4582885983980581,1
935,0.5093587328428962,1
935,0.3518824086134168,1
936,0.4511745141065455,1
936,0.47721199335164977,1
936,0.32976091600396096,1
936,0.43157167031652677,1
936,0.3764812692071502,1
937,0.6347129486903187,1
937,0.8535269502130718,1
937,0.7536968263445395,1
937,0.5899180080581943,1
937,0.6617996722349282,1
938,0.4713972384230223,0
938,0.5445126825893571,0
938,0.5486148491848245,0
938,0.3795453546373397,0
938,0.4542989597834308,0
939,0.14260978174866432,0
939,0.08886850837868614,0
939,0.05439617159744775,0
939,0.1186707627067886,0
939,0.20943518265033262,0
940,0.3458304726080173,1
940,0.36441690250706593,1
940,0.2914043089925057,1
940,0.36625763871971817,1
940,0.3465104088913121,1
941,0.1203616727219928,1
941,0.2588347555384183,1
941,0.10196381580052175,1
941,-0.014055059000358167,1
941,0.09712089247003167,1
942,0.2160122016492273,0
942,0.1335156679262484,0
942,0.13167113232398875,0
942,0.21394690574399416,0
942,0.20901166476541935,0
943,0.21913813156903045,0
943,0.3543450652585058,0
943,0.20565694369242404,0
943,0.2634986496315225,0
943,0.2385963917377948,0
944,0.30799798367870657,1
944,0.25922521231963536,1
944,0.30297176911884555,1
944,0.2653007631902876,1
944,0.26267372077238604,1
945,-0.06346584613655284,0
945,0.039517437744649414,0
945,-0.07150277601979219,0
945,-0.027943108486966572,0
945,-0.023460164511182907,0
946,0.9209564077486202,0
946,0.861577192171578,0
946,0.8012463879994146,0
946,0.8678896936462337,0
946,0.8089665289354022,0
947,0.1806035474732448,0
947,-0.04467843287070951,0
947,-0.016362007973706905,0
947,0.017928462693741015,0
947,0.11116340685912415,0
948,0.3750897886668396,1
948,0.24322158106858932,1
948,0.3695086700179786,1
948,0.43191816429016117,1
948,0.3269161427101892,1
949,0.04670499344180675,0
949,0.06956172440611728,0
949,0.07360491178080586,0
949,0.05444391592331471,0
949,0.050598448668986905,0
950,0.3835069593313186,0
950,0.34610530066467826,0
950,0.2557471019011864,0
950,0.33985156078664913,0
950,0.3296930656033208,0
951,-0.2266057504998419,1
951,-0.19763978924393363,1
951,-0.20706325106023946,1
951,-0.16221381218432382,1
951,-0.25157527009155833,1
952,0.15442675123000682,1
952,0.19663524896332799,1
952,0.11143900667996927,1
952,0.19204471454169794,1
952,0.24775864574642711,1
953,0.4082164611453199,1
953,0.37396856880288654,1
953,0.324507893420263,1
953,0.2386757411301451,1
953,0.3907171805927613,1
954,0.25943800221648067,1
954,0.22332786427421808,1
954,0.22985352724685895,1
954,0.22604789648240892,1
954,0.23023687562671563,1
955,-0.08883526131614261,1
955,-0.14665658551368957,1
955,-0.24050557409564757,1
955,-0.18527217425906248,1
955,-0.19632999801330425,1
956,-0.11220815773385698,0
956,-0.052907269603345186,0
956,-0.18152714891464444,0
956,-0.09583589121583974,0
956,-0.22344563159177083,0
957,0.5278243542636231,0
957,0.5104323636589332,0
957,0.5308878105272884,0
957,0.5297876621012269,0
957,0.48881811997449764,0
958,-0.05594393972333633,1
958,-0.09916121141669616,1
958,0.05477984350748866,1
958,-0.017126558289321137,1
958,-0.019939499011547512,1
959,0.2023207662832601,1
959,0.21406330954322028,1
959,0.19476304161338714,1
959,0.29277971274826,1
959,0.27372872951575733,1
960,0.3122941224922562,0
960,0.3631881906649299,0
960,0.36335250165043304,0
960,0.29506671139972296,0
960,0.354615887334478,0
961,0.20249658211688287,1
961,0.23673957926480282,1
961,0.2930908177818866,1
961,0.24418788015901957,1
961,0.24821149457662536,1
962,0.46914399294067266,0
962,0.4456517263581952,0
962,0.5682020826657364,0
962,0.4686895374322938,0
962,0.4402463236407481,0
963,0.25699638273454545,1
963,0.3226465480461935,1
963,0.3980410941908287,1
963,0.43544225845855505,1
963,0.3857477748074567,1
964,0.25436883217379636,1
964,0.2944737642370153,1
964,0.34617338241336487,1
964,0.18089680859228616,1
964,0.2310201358109345,1
965,-0.3003928463473168,0
965,-0.32590112919066605,0
965,-0.29082315375584833,0
965,-0.23920671925797657,0
965,-0.20764839454507744,0
966,0.7527169285691011,0
966,0.6867467863390845,0
966,0.5873598711610086,0
966,0.6815777806068334,0
966,0.5993088345815087,0
967,-0.24055210710170968,0
967,-0.15733372734707662,0
967,-0.2605360905466416,0
967,-0.24304900269187862,0
967,-0.2136745309619073,0
968,0.36839942141405324,0
968,0.31561725592599693,0
968,0.35717903434014264,0
968,0.3581259127228442,0
968,0.36725814578290306,0
969,0.1076285255521327,0
969,-0.005855246368755299,0
969,0.0852097667246662,0
969,0.0486758412253354,0
969,0.1250971107571805,0
970,0.14429477166416027,1
970,0.08897267974157333,1
970,0.1149518853753323,1
970,0.050625586200251815,1
970,0.21438228618597002,1
971,0.03537416084111829,0
971,0.1957916078667159,0
971,0.205754448041666,0
971,0.09148614476216106,0
971,0.20963427808866364,0
972,0.4511537421709089,0
972,0.42326825853872996,0
972,0.47460854955915643,0
972,0.4681633986921689,0
972,0.5464091194326581,0
973,0.2755139234433125,1
973,0.189271145001418,1
973,0.30834485973743797,1
973,0.28935248964239646,1
973,0.2565462370028672,1
974,-0.2680249755255424,1
974,-0.18481323748431536,1
974,-0.2255672887349623,1
974,-0.2645944555246874,1
974,-0.3061340724890275,1
975,0.1271028446321916,0
975,0.008064183090611576,0
975,0.0613696016073825,0
975,0.013791368647381744,0
975,0.0077179527150780525,0
976,0.576524533699891,0
976,0.625635725889689,0
976,0.5191086182647773,0
976,0.6515322280129965,0
976,0.6305209022267015,0
977,0.15038586973300763,1
977,0.02543290160135829,1
977,0.15503859083177496,1
977,0.11538216510402798,1
977,0.07991937504819198,1
978,0.011915133349015172,0
978,-0.1959915342590345,0
978,-0.12213505783307244,0
978,-0.20429160563028234,0
978,-0.18885133803517656,0
979,-0.05383129494258568,0
979,-0.2021035091441029,0
979,-0.12199797430625156,0
979,-0.08865518415859514,0
979,-0.11045331156157381,0
980,0.5687381664403578,1
980,0.6503407956645475,1
980,0.6002171048359439,1
980,0.6271657067797745,1
980,0.6081516004394978,1
981,0.3271528206646103,0
981,0.35799765794467975,0
981,0.23544705748083491,0
981,0.21399835600171385,0
981,0.3149151228692356,0
982,0.23924188991567513,0
982,0.23387510129314132,0
982,0.21206364953467435,0
982,0.20074529854837564,0
982,0.22132223425930395,0
983,0.4257978081147175,1
983,0.43860545022950753,1
983,0.36182626360576514,1
983,0.37966772886493255,1
983,0.4692513351871178,1
984,0.2240122918932911,1
984,0.17782307648354564,1
984,0.19527703880929415,1
984,0.21707870502708504,1
984,0.22666445001668833,1
985,0.38670720648802737,1
985,0.37158467696465025,1
985,0.44544576706568,1
985,0.45687278986975405,1
985,0.40447311185168405,1
986,-0.1871690821014419,1
986,-0.3238029548172645,1
986,-0.3786670887314207,1
986,-0.2704610076605517,1
986,-0.28008547293000025,1
987,-0.16245328323443775,0
987,-0.15907060946546603,0
987,-0.18332413811470533,0
987,-0.12270613142194192,0
987,-0.2548760413434789,0
988,-0.3463537502974875,1
988,-0.33123536443155505,1
988,-0.34285109575816547,1
988,-0.22341996074067277,1
988,-0.3053896779995798,1
989,-0.1776944629929704,0
989,-0.19122203392218662,0
989,-0.1321112962590645,0
989,-0.1114979396457724,0
989,-0.008794634062980589,0
990,0.44939250886359516,0
990,0.48223627944793307,0
990,0.4924837814917904,0
990,0.5172897391021433,0
990,0.49114415357592045,0
991,0.7558391719555363,0
991,0.7527242445714435,0
991,0.7736426428355763,0
991,0.8241516417961339,0
991,0.765489737142803,0
992,0.7186663851927101,1
992,0.6540368547490157,1
992,0.5227031947293994,1
992,0.6020004927720832,1
992,0.5561571291720367,1
993,0.886797065510512,0
993,0.7937449227722934,0
993,0.550162151681867,0
993,0.8460864281813537,0
993,0.7788497505406873,0
994,-0.15087883027757393,0
994,-0.016634894574804493,0
994,-0.17104540454656436,0
994,-0.15328273700719044,0
994,-0.15647599452474173,0
995,0.8780822154651273,1
995,0.8225081379246131,1
995,0.8346956551126739,1
995,0.8197170042659347,1
995,0.6700907052510439,1
996,0.4645591018198277,0
996,0.4825936010204113,0
996,0.5302944352281667,0
996,0.5380565725518855,0
996,0.47355498785360367,0
997,0.3524087084708796,1
997,0.3814938983202417,1
997,0.3540912918037291,1
997,0.37461016051730234,1
997,0.389989123797065,1
998,-0.20560408230521401,1
998,-0.16373370871642873,1
998,-0.19351315813491798,1
998,-0.12813216719413803,1
998,-0.1628795742248028,1
999,0.39748652742444135,0
999,0.47022416301527614,0
999,0.4786432135839147,0
999,0.40520947554218445,0
999,0.4595163059764483,0
1000,-0.21614540727311213,0
1000,-0.3027332868748672,0
1000,-0.2638684474883698,0
1000,-0.3148018344858629,0
1000,-0.313556385901008,0
1001,-0.16509537310037595,1
1001,-0.0969169339868243,1
1001,-0.22527021542908646,1
1001,-0.1394111410035379,1
1001,-0.06521994374424453,1
1002,0.019915044365102164,1
1002,0.12438590507515862,1
1002,0.021532209825092713,1
1002,0.01126268364456759,1
1002,0.11935140064436162,1
1003,-0.25791559424761024,1
1003,-0.2303786263143405,1
1003,-0.2386678033967243,1
1003,-0.3014045794331466,1
1003,-0.2292325220482155,1
1004,-0.09780903041045119,1
1004,-0.3043661225844541,1
1004,-0.1899324517072101,1
1004,-0.17468612079314275,1
1004,-0.06721008416809998,1
1005,0.13723234936931256,1
1005,0.085466209990467,1
1005,0.27068956461065474,1
1005,0.10920884403292395,1
1005,0.16112130589011153,1
1006,0.5139510783785274,1
1006,0.6058219838033967,1
1006,0.5788228120620329,1
1006,0.538054648472486,1
1006,0.6178221736112801,1
1007,0.274722899863056,0
1007,0.2336026285054501,0
1007,0.3911833448410772,0
1007,0.3343865159645389,0
1007,0.3188673882847163,0
1008,0.17209746463190956,0
1008,0.2889854881668876,0
1008,0.2724643474662659,0
1008,0.26468078419109775,0
1008,0.19138555654691172,0
1009,0.20334138095693924,1
1009,0.24359286528821605,1
1009,0.16281638420687372,1
1009,0.3167323649794903,1
1009,0.19882791500547012,1
1010,-0.006400833008183504,1
1010,-0.11404826283215388,1
1010,-0.10042073685713518,1
1010,-0.08649257023701937,1
1010,-0.09066862421699676,1
1011,0.4279120413410712,1
1011,0.3947226193726128,1
1011,0.4181274163767725,1
1011,0.36256663065011835,1
1011,0.49668006905960893,1
1012,0.11193159347566167,0
1012,0.11860156367643715,0
1012,0.08889804466846263,0
1012,0.08519088459493977,0
1012,0.05657897891801723,0
1013,0.06279684101340376,1
1013,0.17901507271928155,1
1013,0.04775128508600231,1
1013,0.05818884286271048,1
1013,-0.01714226535319159,1
1014,-0.1336401796287781,0
1014,-0.18709387817050085,0
1014,-0.11412641874805407,0
1014,-0.1511846004614854,0
1014,-0.1023140677151988,0
1015,0.61283702689422,0
1015,0.6498514839635712,0
1015,0.671702135334246,0
1015,0.7301043738698931,0
1015,0.8638213599254877,0
1016,0.16857022971536345,0
1016,0.3361793130870213,0
1016,0.35767883345572615,0
1016,0.2600918734340599,0
1016,0.2533608026685875,0
1017,0.0575646655273659,1
1017,0.2240956039284984,1
1017,0.002013998641077097,1
1017,0.08080892196806476,1
1017,0.07287281082005646,1
1018,0.3426789662458474,1
1018,0.36557187337495073,1
1018,0.3456808814319771,1
1018,0.3305841207245497,1
1018,0.3382262227909013,1
1019,0.7506812105484018,0
1019,0.7654799202143745,0
1019,0.6332871030598011,0
1019,0.7236479144735786,0
1019,0.762591164702856,0
1020,0.08156668069394413,0
1020,-0.016165114537050024,0
1020,-0.03424841209830107,0
1020,-0.03477411267368885,0
1020,-0.05474305492357086,0
1021,-0.1468427151701967,0
1021,-0.13516984333741644,0
1021,-0.06486437078209983,0
1021,-0.14255523939140746,0
1021,-0.0713900004656213,0
1022,-0.34918012362141226,0
1022,-0.2550244046651237,0
1022,-0.31014295316281026,0
1022,-0.3390054361375869,0
1022,-0.3488394266756824,0
1023,-0.258277574246349,0
1023,-0.3089334904165758,0
1023,-0.264741292614761,0
1023,-0.15738689594310035,0
1023,-0.40475271212987957,0
1024,0.17313080787017915,0
1024,0.1767823700557517,0
1024,0.2085339740681379,0
1024,0.09680906265846571,0
1024,0.2021614106712129,0
1025,-0.0025492479256563616,1
1025,0.04921079854945451,1
1025,-0.010100916925285308,1
1025,0.005778686045485426,1
1025,0.023115618558617046,1
1026,-0.05071714130238181,0
1026,-0.027190730291380194,0
1026,-0.02610390586816469,0
1026,-0.08689193083733068,0
1026,-0.023246995615065824,0
1027,0.09665526400905594,1
1027,0.01693338023630546,1
1027,0.22859999158961344,1
1027,0.14202727712176627,1
1027,-0.011592560908885816,1
1028,-0.05363958696141985,0
1028,0.07458971051814822,0
1028,-0.08767110353031003,0
1028,0.07116863871995047,0
1028,0.09589478227226156,0
1029,0.4397286930460234,1
1029,0.40990004412969283,1
1029,0.44697689363608367,1
1029,0.49151335866094065,1
1029,0.4442279994786792,1
1030,0.3699258634278699,0
1030,0.4115211302208178,0
1030,0.4147542854139879,0
1030,0.3895471641098999,0
1030,0.4187264639282715,0
1031,-0.10939430887830712,0
1031,-0.10093689814104223,0
1031,0.0018126338742368853,0
1031,-0.14330301871772505,0
1031,-0.06189659336725464,0
1032,0.4728439700307536,1
1032,0.5970517148614821,1
1032,0.5393433926205036,1
1032,0.2756878691082238,1
1032,0.5270793860870986,1
1033,0.19491729160418514,0
1033,0.14264783079001556,0
1033,0.1469573588546508,0
1033,0.10998679561977337,0
1033,0.1172929056400551,0
1034,-0.1465664759111769,0
1034,-0.13077361125081824,0
1034,-0.11861846474355706,0
1034,-0.10028817101259951,0
1034,-0.05306034432916851,0
1035,-0.09854185352704203,1
1035,-0.06030742779126275,1
1035,-0.11694328854720257,1
1035,-0.017275255308021153,1
1035,0.025396004542798056,1
1036,0.19890372579364737,0
1036,0.13186436699970291,0
1036,0.20485781003732245,0
1036,0.025488991578873743,0
1036,0.10573325915793955,0
1037,0.28854157826543664,1
1037,0.329318137807966,1
1037,0.3263946598628222,1
1037,0.26213485697840355,1
1037,0.2841777769986499,1
1038,0.25256528027831265,1
1038,0.11793729844343483,1
1038,0.09595740672701827,1
1038,0.12487957116617059,1
1038,0.24320227030041852,1
1039,-0.1780184147959653,0
1039,0.018551557941608066,0
1039,-0.2072938451800982,0
1039,-0.11335090597806646,0
1039,-0.212200349708343,0
1040,0.8327643807972966,0
1040,0.8470431363764019,0
1040,0.8894615692883978,0
1040,0.7124813128480736,0
1040,0.8577789336940701,0
1041,-0.03114908667811772,1
1041,-0.06247750339387592,1
1041,-0.04657087150679118,1
1041,-0.0378728076835754,1
1041,0.045916513145779964,1
1042,-0.111086103190434,0
1042,-0.05634252683820923,0
1042,-0.15157476249925658,0
1042,-0.052994048259197846,0
1042,-0.1203593265010333,0
1043,-0.262978693453195,1
1043,-0.17237723229395624,1
1043,-0.07066633349595705,1
1043,-0.3253987076177969,1
1043,-0.25737296198975274,1
1044,-0.250430913234975,1
1044,-0.1644298220598128,1
1044,-0.14620680466591468,1
1044,-0.11020068518039258,1
1044,-0.22610400822992402,1
1045,0.28558787476909775,0
1045,0.3103293615796868,0
1045,0.3347832760375308,0
1045,0.2517489048649808,0
1045,0.17461876380853264,0
1046,-0.12672384786762053,0
1046,-0.13890267113716162,0
1046,0.006674253225282728,0
1046,-0.15719655544007982,0
1046,-0.1521215178623455,0
1047,-0.28339144030061414,0
1047,-0.23000159706594886,0
1047,-0.2615971545676504,0
1047,-0.35434452198224475,0
1047,-0.2645289560631645,0
1048,0.5258859939536045,1
1048,0.46895242936213416,1
1048,0.4709623359946884,1
1048,0.37024643596950374,1
1048,0.5131129327495503,1
1049,0.20113626481031607,0
1049,0.3199094121665445,0
1049,0.20421487961122373,0
1049,0.255520332551585,0
1049,0.2145628903273798,0
1050,-0.28911097881807746,1
1050,-0.3568953969233516,1
1050,-0.46504803514771564,1
1050,-0.3350085310209736,1
1050,-0.3350946252847619,1
1051,0.5061867767028136,1
1051,0.6007484331668353,1
1051,0.5090768030690225,1
1051,0.6588818318718292,1
1051,0.6136580011509047,1
1052,0.4462985191458512,1
1052,0.4341180351603731,1
1052,0.3388292476796606,1
1052,0.3649491608255323,1
1052,0.43544724582935823,1
1053,0.20143354188853002,0
1053,0.10937741856170045,0
1053,0.19368925159984623,0
1053,0.18206590971122025,0
1053,0.237334698752439,0
1054,0.09800710976452137,1
1054,0.18164160608949642,1
1054,0.07481320286101613,1
1054,0.12672848444138143,1
1054,0.10208427665174813,1
1055,-0.03385648601798019,0
1055,0.14703969334317565,0
1055,-0.031938335679805724,0
1055,0.006314146767691736,0
1055,0.05227537129572801,0
1056,-0.26476637029095706,1
1056,-0.2901537707498191,1
1056,-0.13422350792971416,1
1056,-0.17920982961357768,1
1056,-0.17393726030053275,1
1057,0.7035442260915389,1
1057,0.597805046773995,1
1057,0.727961493609742,1
1057,0.5404504541096762,1
1057,0.6718879813523875,1
1058,0.25754654695380536,1
1058,0.18504776140469426,1
1058,0.18365474948965058,1
1058,0.2510177627734272,1
1058,0.2313844753110174,1
1059,-0.015832249627005746,1
1059,-0.03412181945003551,1
1059,0.019927417077852366,1
1059,0.006845839527594155,1
1059,0.030456359358164542,1
1060,-0.3354443155881127,1
1060,-0.1405148973247513,1
1060,-0.2579516553138406,1
1060,-0.2471639648806348,1
1060,-0.27006460553287126,1
1061,0.1806737164420939,1
1061,0.18581450795594562,1
1061,0.08706788635457427,1
1061,0.13498945200332915,1
1061,0.06421080379026513,1
1062,0.7408052967120611,0
1062,0.6058991954870883,0
1062,0.40787230080831727,0
1062,0.5935315274089114,0
1062,0.6586822662963184,0
1063,-0.21506490085576338,0
1063,-0.20601570772589098,0
1063,-0.18077240211194728,0
1063,-0.20719057373784666,0
1063,-0.18946780956701223,0
1064,0.11514903182751896,1
1064,0.05839519364356546,1
1064,0.19584376172272,1
1064,0.07473608167497833,1
1064,0.05287227899004275,1
1065,0.6170919235043888,0
1065,0.5814956703302476,0
1065,0.7010384532198255,0
1065,0.6963870415232724,0
1065,0.5714174223491761,0
1066,0.4730506337303642,0
1066,0.43615109481960973,0
1066,0.4606941177575407,0
1066,0.4688282776806494,0
1066,0.4422714377622398,0
1067,0.02540881059713876,0
1067,-0.17390893716189126,0
1067,-0.12716465900943547,0
1067,-0.10246426577821915,0
1067,-0.14625621610982678,0
1068,-0.13169365634593044,0
1068,-0.1212624562060389,0
1068,-0.11768535960533183,0
1068,-0.15014322020695445,0
1068,-0.1464663584988803,0
1069,-0.06672839303945077,1
1069,-0.052602580867545046,1
1069,0.00022293138963933035,1
1069,-0.029925393474566908,1
1069,-0.03255811172629955,1
1070,-0.38267202983741905,1
1070,-0.32969215840540467,1
1070,-0.40111514644277285,1
1070,-0.33381474612374495,1
1070,-0.3119708232010726,1
1071,0.5031437587824804,1
1071,0.4836322705878621,1
1071,0.4090497476096272,1
1071,0.4719690577297786,1
1071,0.4168585606642958,1
1072,-0.22591170224272544,1
1072,-0.20597392136747794,1
1072,-0.26099663677716833,1
1072,-0.19982486886679782,1
1072,-0.15802000681256,1
1073,-0.012130765970048737,1
1073,0.07238408455110609,1
1073,0.028454712849840275,1
1073,0.04633397180234505,1
1073,0.13282373460796765,1
1074,0.38356327517825095,1
1074,0.46739229002396704,1
1074,0.4192539287033549,1
1074,0.39297122192981193,1
1074,0.39221994082867984,1
1075,0.4002516476723576,1
1075,0.32441963722136347,1
1075,0.49957942459995874,1
1075,0.47252844915283543,1
1075,0.4519576846300347,1
1076,0.45008448656791694,0
1076,0.46804170526126443,0
1076,0.6917200173997415,0
1076,0.4861913445538331,0
1076,0.49753029766005663,0
1077,0.343894918983188,1
1077,0.31711290520083707,1
1077,0.3187075306007911,1
1077,0.3109675555918812,1
1077,0.2830025355418556,1
1078,0.5696244996665356,0
1078,0.5580196109806026,0
1078,0.4813291286905659,0
1078,0.6297764268353733,0
1078,0.5800680083544438,0
1079,-0.15067651722585038,0
1079,-0.3047498090377452,0
1079,-0.20301334346682298,0
1079,-0.27840220632204193,0
1079,-0.2960285805704386,0
1080,-0.18706779957788025,0
1080,-0.1946334468719888,0
1080,-0.1593357713245183,0
1080,-0.14807262852536857,0
1080,-0.1200344247859848,0
1081,0.6254478362529132,1
1081,0.6546474133516472,1
1081,0.7090113327846006,1
1081,0.6167837577252633,1
1081,0.5494738557176384,1
1082,0.27096224232041,1
1082,0.40169200995948107,1
1082,0.3346379393151291,1
1082,0.2895192789849137,1
1082,0.3672031098907721,1
1083,0.27798743255299196,0
1083,0.2826223165254506,0
1083,0.24221183225346707,0
1083,0.2607030252066288,0
1083,0.28437949191853334,0
1084,0.3424726536715519,0
1084,0.29570090199959753,0
1084,0.34531964550650196,0
1084,0.3886906237842817,0
1084,0.3940775032305797,0
1085,0.5924566988132179,0
1085,0.493123833198814,0
1085,0.5834405428100823,0
1085,0.47455799611306426,0
1085,0.5074491723071218,0
1086,0.611857193501461,1
1086,0.4645899151400954,1
1086,0.5298406531505816,1
1086,0.482810060973619,1
1086,0.5925973184735369,1
1087,-0.3106839784789361,0
1087,-0.3882872572555419,0
1087,-0.3536272860109976,0
1087,-0.40317966525064886,0
1087,-0.3655987720855246,0
1088,-0.22246935656676906,1
1088,-0.18723161328544244,1
1088,-0.25254024156817495,1
1088,-0.16624445557228756,1
1088,-0.2310921002471124,1
1089,0.024907813408346996,1
1089,0.15458314408308726,1
1089,0.24339527571217134,1
1089,0.10584290866814988,1
1089,0.08158268589935705,1
1090,0.11116918093725352,0
1090,0.2510511476696643,0
1090,0.206141023505697,0
1090,0.2980922406076558,0
1090,0.15009621286326813,0
1091,0.3598318849851514,0
1091,0.36682776639858267,0
1091,0.3912116490157599,0
1091,0.4301062740851343,0
1091,0.3735904000813034,0
1092,-0.2693022133686757,0
1092,-0.2605925054547521,0
1092,-0.2375336734388316,0
1092,-0.31771087030054235,0
1092,-0.25665477485696875,0
1093,0.764978224482706,1
1093,0.720867172415549,1
1093,0.7280969959368369,1
1093,0.8018621193376083,1
1093,0.6345319046349505,1
1094,0.4411523804053295,1
1094,0.39756774629234626,1
1094,0.40610344686248373,1
1094,0.4929948686867048,1
1094,0.4612361075131076,1
1095,-0.08775247605942198,1
1095,-0.0062800623314963055,1
1095,0.0052530177061245464,1
1095,-0.05381107746993233,1
1095,-0.07834026450999632,1
1096,-0.16658988726637408,0
1096,-0.09084802941597572,0
1096,-0.033305538197256734,0
1096,-0.19315986843896266,0
1096,-0.0712433755099745,0
1097,0.2586828637941141,0
1097,0.28185888485155675,0
1097,0.22291820158734835,0
1097,0.25155110067829156,0
1097,0.29909356718935304,0
1098,0.5311229329582698,1
1098,0.4701436483103014,1
1098,0.43836252246311036,1
1098,0.6106653253405879,1
1098,0.4310293446424938,1
1099,0.5838793595178023,0
1099,0.59479869991595,0
1099,0.7444986842547547,0
1099,0.6620591630626873,0
1099,0.621040537784707,0
1100,0.4727779367499286,1
1100,0.47968360310045394,1
1100,0.5453902408816587,1
1100,0.4970422947313793,1
1100,0.5508335265482299,1
1101,0.2960085601847403,1
1101,0.23682963198087895,1
1101,0.3366203121723822,1
1101,0.2963495253249182,1
1101,0.31891550442201316,1
1102,0.05238180540141306,0
1102,0.09411648990879513,0
1102,0.15939511651167246,0
1102,0.09694985762435698,0
1102,0.16322676655036425,0
1103,0.6652772220626242,0
1103,0.7478191119219497,0
1103,0.6455151012698972,0
1103,0.6884985175080907,0
1103,0.7393923468059409,0
1104,0.48181310497342494,1
1104,0.6666278745072887,1
1104,0.4155411111519036,1
1104,0.5589492748945006,1
1104,0.5335320658171483,1
1105,0.06979076516099601,1
1105,0.057144080491089586,1
1105,0.0678498290060891,1
1105,-0.032443072577024314,1
1105,0.053085066168885336,1
1106,-0.22717209981966108,1
1106,-0.28048963299182517,1
1106,-0.266162082036824,1
1106,-0.2944584322928223,1
1106,-0.2524686943922615,1
1107,0.3136964642598283,0
1107,0.33830870786615097,0
1107,0.3367976692533565,0
1107,0.3391667795252033,0
1107,0.3360350202405665,0
1108,0.028464622047427904,0
1108,0.11846205506207254,0
1108,0.1995268483208178,0
1108,0.03769619449045962,0
1108,0.055231489050796,0
1109,0.3067661174734039,1
1109,0.3297976859883882,1
1109,0.27260037723467617,1
1109,0.3208057012132498,1
1109,0.31878384449111336,1
1110,0.5272542387359219,0
1110,0.48733609256686183,0
1110,0.5795671004562194,0
1110,0.5207285397006235,0
1110,0.5984197929680627,0
1111,0.15593217915807914,1
1111,0.029269501278599716,1
1111,0.07236532062059287,1
1111,0.10893799558719783,1
1111,0.04890312002382012,1
1112,0.720918497738581,0
1112,0.7395428756227113,0
1112,0.568125299638971,0
1112,0.6961514327602722,0
1112,0.722278503735144,0
1113,0.4924171095669002,1
1113,0.4702711608712863,1
1113,0.4973865888684983,1
1113,0.433406318816184,1
1113,0.48614630708485157,1
1114,0.1237444321677541,1
1114,0.1394659430904716,1
1114,0.11238367445724294,1
1114,0.13424393695837783,1
1114,0.1078261441738102,1
1115,-0.4220109618327915,1
1115,-0.21608936716559207,1
1115,-0.40950093714226377,1
1115,-0.36552435509283554,1
1115,-0.34474223928770076,1
1116,-0.03341085325668949,0
1116,-0.03001750286591448,0
1116,-0.11926652799080698,0
1116,0.0477897847293903,0
1116,-0.03633972475292843,0
1117,-0.19270094229144197,1
1117,-0.14877712193073342,1
1117,-0.1510421070827483,1
1117,-0.223434661054298,1
1117,-0.1729049650311417,1
1118,-0.07505942026817566,0
1118,0.015169130911871803,0
1118,0.0501569371240905,0
1118,-0.03816464145665191,0
1118,-0.020618456705251656,0
1119,-0.12836375170321396,1
1119,-0.1764114097684693,1
1119,-0.17938866296429773,1
1119,-0.13375183313417935,1
1119,-0.29101170498714385,1
1120,-0.17751022804645233,0
1120,-0.18532619985744386,0
1120,-0.1500508944557007,0
1120,-0.12475369457986063,0
1120,-0.1438882090149407,0
1121,0.01379730918145572,0
1121,-0.005029658982273172,0
1121,-0.023349945802581512,0
1121,-0.016531317255484596,0
1121,-0.02761060235861601,0
1122,-0.1239011200520124,0
1122,-0.12253612813422246,0
1122,-0.10432868824485489,0
1122,-0.11169442152224099,0
1122,0.0032967495954145942,0
1123,0.007155471347431552,1
1123,-0.10096815411247337,1
1123,0.07053437504890961,1
1123,0.06362838891263961,1
1123,-0.019110370070651223,1
1124,0.37940369253658335,0
1124,0.38176152894746185,0
1124,0.3283440932887507,0
1124,0.32912537862005414,0
1124,0.37204083588518916,0
1125,-0.5410602025160738,0
1125,-0.6506309968835355,0
1125,-0.4063871389764868,0
1125,-0.5572906262229492,0
1125,-0.624398040155396,0
1126,0.20618469841771336,1
1126,0.1215406956121637,1
1126,0.15905538072469805,1
1126,0.1885484108424332,1
1126,0.19912060260445957,1
1127,0.17794260408499812,0
1127,0.12796849068991387,0
1127,0.13099534318274278,0
1127,0.07080020841645276,0
1127,0.16343962557230124,0
1128,-0.12835603488742872,1
1128,-0.0455385610416236,1
1128,-0.08163250897722299,1
1128,-0.10680847606881302,1
1128,-0.14706292184117445,1
1129,0.1343663244899384,1
1129,0.1362619353536789,1
1129,0.12677842969738543,1
1129,0.11405047208636936,1
1129,0.13314654844777532,1
1130,0.2343091675280956,1
1130,0.23371551329890214,1
1130,0.11183918147857658,1
1130,0.15715433174413096,1
1130,0.20466882321606358,1
1131,-0.2749557864254396,0
1131,-0.18673536354397474,0
1131,-0.17737824159759005,0
1131,-0.18701532395334491,0
1131,-0.21032422256767794,0
1132,0.28724520595291225,0
1132,0.29764239325813097,0
1132,0.35872537880601946,0
1132,0.3164111713686052,0
1132,0.3415225588028196,0
1133,-0.25359602010208976,0
1133,-0.22673169906157634,0
1133,-0.22749555050860526,0
1133,-0.24445105396128247,0
1133,-0.26842221100256647,0
1134,0.1860149382592962,1
1134,0.18008561772118953,1
1134,0.25645373848153724,1
1134,0.1979532421289095,1
1134,0.20988978302919084,1
1135,0.009729826428769697,0
1135,0.13476722226323679,0
1135,0.0636230636935825,0
1135,0.06414030309311305,0
1135,0.015755243474773875,0
1136,-0.5181902627061464,0
1136,-0.5592341761896252,0
1136,-0.554932125818475,0
1136,-0.612477558050548,0
1136,-0.5644017357246477,0
1137,0.12649226223057647,1
1137,0.10158810353724503,1
1137,0.1852783990571501,1
1137,0.1879678678700493,1
1137,0.10604238388042633,1
1138,-0.05539073696896646,0
1138,-0.04673953224411054,0
1138,-0.0955115747779226,0
1138,-0.17085414287725048,0
1138,-0.17328863469002653,0
1139,0.04852887120579463,1
1139,0.09685984238151263,1
1139,0.12861631240410615,1
1139,0.04106788003988843,1
1139,-0.017215861769165577,1
1140,0.41732906753067345,0
1140,0.29080276037133673,0
1140,0.32460487031684915,0
1140,0.48526508090995385,0
1140,0.2721099540268653,0
1141,0.47365154397811765,0
1141,0.4942085115950443,0
1141,0.5463703426903804,0
1141,0.5080018836212675,0
1141,0.5137206604650595,0
1142,-0.28184783551769543,0
1142,-0.3117748214476732,0
1142,-0.2532171540151229,0
1142,-0.148089394520725,0
1142,-0.26522795159131163,0
1143,-0.23415922342041157,0
1143,-0.23549290163430853,0
1143,-0.2734829673862861,0
1143,-0.20139686949289282,0
1143,-0.14060139070944597,0
1144,0.15143073646446176,0
1144,0.13682073870458528,0
1144,0.21553956132967741,0
1144,0.2761058170347429,0
1144,0.10453229393849206,0
1145,0.23180135509659255,0
1145,0.14042564269369232,0
1145,0.12488371607518974,0
1145,0.1206528280665422,0
1145,0.10671790389775361,0
1146,0.49474420632580496,0
1146,0.4835336904860079,0
1146,0.3824969307089489,0
1146,0.406626026240109,0
1146,0.41530128293528157,0
1147,0.011812377582193112,0
1147,0.023136065515250187,0
1147,0.1071690785086161,0
1147,0.047308293856515554,0
1147,0.017827710950703013,0
1148,0.2465699010810094,1
1148,0.28999839509326353,1
1148,0.3052102808484,1
1148,0.35131268090993867,1
1148,0.27809485710120746,1
1149,0.05214726204143297,1
1149,0.10232591886389096,1
1149,0.1420421279998455,1
1149,0.12412692458253743,1
1149,0.1632532584857577,1
1150,0.6411814338829929,1
1150,0.5569670082394607,1
1150,0.6920060423824277,1
1150,0.5223844107276482,1
1150,0.5067474693362041,1
1151,0.23758763706770497,0
1151,0.2033127082971221,0
1151,0.12260385562825941,0
1151,0.15947585999364805,0
1151,0.14961562319909477,0
1152,-0.2026870998345473,1
1152,-0.14656297119441683,1
1152,-0.1726385986828842,1
1152,-0.1899765880575326,1
1152,-0.20256970421221368,1
1153,0.27457194746638436,1
1153,0.3136887257717555,1
1153,0.25468771824147285,1
1153,0.337996550442919,1
1153,0.27962486242315343,1
1154,0.8016083291127043,1
1154,0.8590931971950495,1
1154,0.703281474187175,1
1154,0.7216140694275883,1
1154,0.6976987592460162,1
1155,0.33792658816702015,0
1155,0.35502831571114296,0
1155,0.397731517742269,0
1155,0.4732180727903459,0
1155,0.290585345263166,0
1156,0.23759542494733085,1
1156,0.28218443704437723,1
1156,0.26165038635548454,1
1156,0.24777998984136665,1
1156,0.18857845283713692,1
1157,-0.027790760306594053,1
1157,0.10084093095169153,1
1157,0.0016495595378179795,1
1157,-0.11049041569067009,1
1157,7.354767919925953e-05,1
1158,0.19058589273754067,0
1158,0.13775112693393937,0
1158,0.02851501799974277,0
1158,0.23744121194505524,0
1158,0.15329372666248514,0
1159,0.25050707354596835,0
1159,0.24328889195171005,0
1159,0.3516820785419213,0
1159,0.16106057637230775,0
1159,0.23271685518535262,0
1160,0.018071942697916357,1
1160,0.02862817640008386,1
1160,-0.057751593878049484,1
1160,-0.004338337684969024,1
1160,0.07970400622400975,1
1161,0.08412419020820008,0
1161,0.04065250934809004,0
1161,0.05135124981813395,0
1161,0.13419714722323878,0
1161,0.005712347871276627,0
1162,-0.19711586637736828,0
1162,-0.14224715211109068,0
1162,-0.19954250154574732,0
1162,-0.05290473352356234,0
1162,-0.18774773981297124,0
1163,0.31531574598464157,0
1163,0.3728082511399874,0
1163,0.40299294628482896,0
1163,0.3000185036373639,0
1163,0.3206787540169886,0
1164,-0.16266766834357538,0
1164,-0.06667667689257009,0
1164,-0.0638020971023747,0
1164,-0.055470443899472754,0
1164,-0.14525152000900754,0
1165,0.6711779782053247,0
1165,0.585732984687753,0
1165,0.6566147976101009,0
1165,0.6867706260932465,0
1165,0.47917635920434454,0
1166,0.6002990319106323,1
1166,0.665279467891623,1
1166,0.5700797151327825,1
1166,0.5153501693921372,1
1166,0.584964689326431,1
1167,0.060815001731033574,1
1167,0.06528614515715767,1
1167,0.0659023532234823,1
1167,0.04942557525767944,1
1167,0.03186051765791608,1
1168,-0.0351129764513847,0
1168,-0.1088586017834324,0
1168,-0.07556951534657189,0
1168,-0.0894087549925778,0
1168,-0.0990161360852265,0
1169,0.15276160356713814,0
1169,0.09415349979615516,0
1169,0.05943829518584763,0
1169,0.06915843441648974,0
1169,0.08254550432551934,0
1170,0.0470423525804287,0
1170,0.11356828445694203,0
1170,0.1359022698185391,0
1170,0.029434458105908196,0
1170,0.028383431219168642,0
1171,0.8185418959704569,1
1171,0.8230481512043728,1
1171,0.838469549681442,1
1171,0.5347926102523413,1
1171,0.7615377732526105,1
1172,0.6487154680649638,0
1172,0.6641935668780554,0
1172,0.6059421328665537,0
1172,0.6833795368139466,0
1172,0.6785030149639917,0
1173,-0.04807908911489017,0
1173,-0.1403577910633603,0
1173,-0.06844452681456023,0
1173,-0.12573431787533848,0
1173,-0.053006828475662515,0
1174,0.25757717151121545,0
1174,0.30760629579103066,0
1174,0.25850803540505757,0
1174,0.281189607345574,0
1174,0.2806683908315187,0
1175,-0.08053617375296265,0
1175,-0.15009866318092463,0
1175,-0.15845219569603178,0
1175,-0.13166508014749412,0
1175,0.02989164703944966,0
1176,-0.41505830835482715,0
1176,-0.3190428667362877,0
1176,-0.3496004005704269,0
1176,-0.3357754724777081,0
1176,-0.3014255408464718,0
1177,0.22184981098064277,0
1177,0.17043034791359854,0
1177,0.1870541257390688,0
1177,0.20720418825181253,0
1177,0.23847639591982583,0
1178,0.020076560446256376,1
1178,0.0046149816924746165,1
1178,0.04639436825891101,1
1178,0.01946358210505024,1
1178,0.033888434263834755,1
1179,-0.06348483873322039,0
1179,0.06312213781218623,0
1179,-0.05720917526287013,0
1179,0.009532789841041472,0
1179,-0.04149512041105197,0
1180,0.33063353650840044,1
1180,0.3056308172400469,1
1180,0.31257468426687607,1
1180,0.4088761590160175,1
1180,0.4242848236803781,1
1181,0.21010139712881987,1
1181,0.22430499699554776,1
1181,0.3110791581818167,1
1181,0.3254634199318818,1
1181,0.2420654683605958,1
1182,0.5112057553568131,1
1182,0.4786202288394874,1
1182,0.5296192147440411,1
1182,0.535439202850445,1
1182,0.582596684269268,1
1183,-0.12703667653747797,0
1183,-0.20361020331085683,0
1183,-0.15868600520040577,0
1183,-0.22143913806150903,0
1183,-0.21121374390890993,0
1184,0.028382142502741015,1
1184,0.009788515003433806,1
1184,0.0726680330537664,1
1184,0.11862144359917613,1
1184,-0.017810340012830966,1
1185,-0.09929516933329488,1
1185,-0.22079280925200442,1
1185,-0.18679158306696753,1
1185,-0.18764270128044205,1
1185,-0.18330177767402597,1
1186,-0.12444580603738592,1
1186,-0.18589524484952694,1
1186,-0.272011845310882,1
1186,-0.16179628385047273,1
1186,-0.25392402211430226,1
1187,0.06417343341906877,0
1187,0.05939069673235657,0
1187,0.06664684595770606,0
1187,0.15227437594950843,0
1187,0.07958392935908765,0
1188,-0.0356741107744957,0
1188,-0.07863164663667682,0
1188,-0.1732808071020896,0
1188,-0.1638345027598912,0
1188,-0.03607443535768107,0
1189,0.18769439927514855,0
1189,0.31202981078390246,0
1189,0.26290787206442284,0
1189,0.24299673564216143,0
1189,0.17869122362562903,0
1190,0.14135439806576106,0
1190,0.14747853897128693,0
1190,0.30735586685578364,0
1190,0.1714356631396458,0
1190,0.2329658825975155,0
1191,-0.03759039438858447,1
1191,0.01717419833583511,1
1191,0.0020563750666463543,1
1191,-0.03872001102674302,1
1191,0.025636834278582127,1
1192,0.5143720724891424,1
1192,0.5326521068542187,1
1192,0.49866238641587773,1
1192,0.489571319738828,1
1192,0.6087440058574329,1
1193,0.2873330214171891,1
1193,0.15244869433164543,1
1193,0.25890721428257185,1
1193,0.1693490694544066,1
1193,0.11317673671894808,1
1194,0.3657748959903286,1
1194,0.4482151130194662,1
1194,0.43797744916457404,1
1194,0.4336150042550338,1
1194,0.3957115309804844,1
1195,-0.18387963926788056,1
1195,-0.21986953010032356,1
1195,-0.17740728254546248,1
1195,-0.2684304509307138,1
1195,-0.10254239065568307,1
1196,0.09504850651475476,1
1196,0.058459005001840064,1
1196,0.11464313200174908,1
1196,0.01976790794721238,1
1196,0.08074904119091379,1
1197,0.25902291602586947,1
1197,0.2508108803585412,1
1197,0.24536327887481563,1
1197,0.2686983093113417,1
1197,0.17689576306163174,1
1198,0.3997190844691296,1
1198,0.27751099203159013,1
1198,0.42335200076529356,1
1198,0.21382468359548534,1
1198,0.25327371422108336,1
1199,-0.3103696660863526,0
1199,-0.3454782792693097,0
1199,-0.3113013177715791,0
1199,-0.2967543696460611,0
1199,-0.3245768516813256,0
1200,-0.04848542183944815,1
1200,0.003206882815862261,1
1200,-0.06056008963791848,1
1200,-0.11200816190018585,1
1200,0.06458318210282873,1
1201,0.15013267470506483,0
1201,0.1244092760823746,0
1201,0.10101599552669215,0
1201,0.19479710698770428,0
1201,0.1686791164653255,0
1202,0.6820025392519407,1
1202,0.7440645998719343,1
1202,0.7987255969036444,1
1202,0.7526309871441814,1
1202,0.7238832227089882,1
1203,0.6194532337669677,0
1203,0.5202066137685507,0
1203,0.5538598480040463,0
1203,0.5124361216674193,0
1203,0.666332469748042,0
1204,0.4024295951611562,1
1204,0.23655300217144465,1
1204,0.3305640101159606,1
1204,0.3697497028916117,1
1204,0.28696342848141754,1
1205,0.09053353363148636,0
1205,0.15749577289066036,0
1205,0.07457796586211361,0
1205,0.2663132262822967,0
1205,0.09279635872964177,0
1206,-0.1832243896844985,0
1206,-0.1679335646311397,0
1206,-0.1035395285226414,0
1206,-0.19726727412728906,0
1206,-0.19330593304863497,0
1207,-0.06118561580671736,0
1207,-0.06072914286361908,0
1207,-0.08132069963823013,0
1207,-0.1465529078969292,0
1207,-0.09395102891521664,0
1208,0.7060018753860642,1
1208,0.712779416149832,1
1208,0.6200058390257505,1
1208,0.6279123482613425,1
1208,0.7302539916485447,1
1209,0.31707125623558363,1
1209,0.27142687114981906,1
1209,0.2908936516485554,1
1209,0.20044422131805092,1
1209,0.38210844335140165,1
1210,-0.11928747234563204,0
1210,-0.15465163437983687,0
1210,-0.10389947638311042,0
1210,-0.09637972018390589,0
1210,-0.030366213459274677,0
1211,-0.15777031519025578,1
1211,-0.1246298271539979,1
1211,-0.16549379853955212,1
1211,-0.19007435648517193,1
1211,-0.1731196828222513,1
1212,0.00027344645154644964,1
1212,0.1860578475269515,1
1212,0.0781931002105647,1
1212,0.13430157659574965,1
1212,0.12285549671672005,1
1213,0.5682821008218426,1
1213,0.5615047057336764,1
1213,0.5858745121224841,1
1213,0.673316440679176,1
1213,0.6050084562496437,1
1214,0.15543473845698733,0
1214,0.31666190357546053,0
1214,0.2531325513493655,0
1214,0.33450392418239383,0
1214,0.2466061129504977,0
1215,-0.33746820595953153,1
1215,-0.23253166969029712,1
1215,-0.29163001854000503,1
1215,-0.3024418892436763,1
1215,-0.33366624933275096,1
1216,-0.25379029458160796,0
1216,-0.32197069536246037,0
1216,-0.23398299396862038,0
1216,-0.2645785012471511,0
1216,-0.28281958177801225,0
1217,0.35897267227124535,1
1217,0.34621232520519046,1
1217,0.39129878490183667,1
1217,0.3249336210964417,1
1217,0.3956520373215721,1
1218,0.2116128308919383,0
1218,0.2759131665492257,0
1218,0.2861351719320979,0
1218,0.34409453777916466,0
1218,0.20410047540438248,0
1219,0.4487276026774381,0
1219,0.5198845591416894,0
1219,0.5200555764728785,0
1219,0.4909679683781343,0
1219,0.5345903112447846,0
1220,0.39437547495410225,1
1220,0.390326285266616,1
1220,0.37299538326712245,1
1220,0.4143940194931636,1
1220,0.44099414745037574,1
1221,0.3022235808129021,1
1221,0.2970797881683197,1
1221,0.3482897376539096,1
1221,0.3430723089951202,1
1221,0.3573710440938773,1
1222,0.04914257678877387,1
1222,0.05234361390789233,1
1222,-0.003087146429636145,1
1222,0.014998087221277767,1
1222,0.07847323682656289,1
1223,-0.1968486593150185,0
1223,-0.21233423504295465,0
1223,-0.17709291254663606,0
1223,-0.14699735265502237,0
1223,-0.269659093782761,0
1224,0.31148063831205386,0
1224,0.3398102073755988,0
1224,0.2708060123665496,0
1224,0.2958709211266607,0
1224,0.2989099676664328,0
1225,0.056769269061205975,1
1225,0.04336941182166921,1
1225,0.041346924982241365,1
1225,0.06062501490551586,1
1225,0.05159101777411076,1
1226,0.543224657882555,0
1226,0.5241961925731213,0
1226,0.15260163259684098,0
1226,0.4372548314634047,0
1226,0.31286756629012485,0
1227,-0.10277165343744724,0
1227,-0.12523973996909224,0
1227,-0.12671462897227206,0
1227,-0.112444198143509,0
1227,-0.1680082825690156,0
1228,-0.029174880794284014,1
1228,-0.10398179757820487,1
1228,0.004252688445822661,1
1228,-0.04786588276182216,1
1228,0.02463631546265649,1
1229,0.031551169798350875,0
1229,-0.05991235372610383,0
1229,-0.04365371850422334,0
1229,-0.06465845078539126,0
1229,-0.018248627301270692,0
1230,0.4245495393540203,0
1230,0.4708189212660829,0
1230,0.45682697869858,0
1230,0.27013711405977014,0
1230,0.608597915587616,0
1231,-0.14835109064309202,0
1231,-0.13238006887569437,0
1231,-0.10803708960316676,0
1231,-0.12735385447377773,0
1231,-0.13197771019437263,0
1232,0.28833728110255474,1
1232,0.31794563843537854,1
1232,0.20073667466595496,1
1232,0.21152662511277204,1
1232,0.3491986024190763,1
1233,-0.1560114141263628,1
1233,-0.24359495516393864,1
1233,-0.12282351110997447,1
1233,-0.14252399678710914,1
1233,-0.161658195348668,1
1234,0.24679486152889463,1
1234,0.15996000212948894,1
1234,0.08849337915435862,1
1234,0.19441844642591494,1
1234,0.14431734286457762,1
1235,-0.23337213148299388,0
1235,-0.28702252919110216,0
1235,-0.38144659169102746,0
1235,-0.31798726669974464,0
1235,-0.31754159275538146,0
1236,-0.10493227430875819,0
1236,-0.08512318295837878,0
1236,-0.08748272453121482,0
1236,-0.07962570853582672,0
1236,-0.11500340948361484,0
1237,0.2400578137752984,0
1237,0.24253734569698432,0
1237,0.30711543126298846,0
1237,0.2120460065012793,0
1237,0.33764893643876703,0
1238,0.5310176915268833,0
1238,0.5738920146803131,0
1238,0.6104845960968839,0
1238,0.52810855086827,0
1238,0.5707235044603817,0
1239,0.5191200086890275,1
1239,0.7245274137242925,1
1239,0.6929500102455648,1
1239,0.6967913238532449,1
1239,0.546053980169312,1
1240,0.07321030147279141,0
1240,0.023991383282259665,0
1240,0.1350030277031621,0
1240,0.14215239116556944,0
1240,0.06895758421400326,0
1241,0.33085989961392404,1
1241,0.34367017539426864,1
1241,0.25633539340130523,1
1241,0.26779864992958335,1
1241,0.2677849558059177,1
1242,-0.2578484810486536,1
1242,-0.1882568354362091,1
1242,-0.1516075420899886,1
1242,-0.18673544511956025,1
1242,-0.1531193333884563,1
1243,0.59018976060773,0
1243,0.6745797219879518,0
1243,0.6724133312203076,0
1243,0.6598972194242338,0
1243,0.7921478575994153,0
1244,0.5365448263903227,1
1244,0.5570821016856874,1
1244,0.47911237704458487,1
1244,0.5062490135929189,1
1244,0.4994873756587089,1
1245,0.632700507012541,0
1245,0.49120354058690646,0
1245,0.5226108119479127,0
1245,0.5431915843111138,0
1245,0.6916332515408539,0
1246,0.273390657034023,0
1246,0.3182180023063119,0
1246,0.2777680714081691,0
1246,0.11644784527038328,0
1246,0.19790082803770412,0
1247,0.3144174363055038,0
1247,0.29255851254023724,0
1247,0.21003036935959205,0
1247,0.26626945093912524,0
1247,0.24287081479752906,0
1248,0.5711801605927541,0
1248,0.63859201708755,0
1248,0.6162498827928409,0
1248,0.5922559424571557,0
1248,0.6324975476432024,0
1249,0.31833466489581597,0
1249,0.26075663423303674,0
1249,0.3245809989925371,0
1249,0.2960180749165754,0
1249,0.3192442506389444,0
1250,0.17345166351842423,0
1250,0.1511833696485687,0
1250,0.24058815862039318,0
1250,0.18899585575707825,0
1250,0.18499694931367322,0
1251,-0.07320199029295205,0
1251,0.01382631281824151,0
1251,0.004145288902097255,0
1251,-0.0899221849163558,0
1251,-0.0637252045056785,0
1252,0.0255744900717646,0
1252,-0.0983363246770903,0
1252,-0.12064703801002838,0
1252,-0.12656536877565028,0
1252,-0.08608251988916754,0
1253,-0.27644801612307474,0
1253,-0.3148393362287127,0
1253,-0.34713015969027056,0
1253,-0.19542808680971369,0
1253,-0.23007944994686344,0
1254,0.16623036510290504,1
1254,0.08055689057561805,1
1254,0.21777941987805166,1
1254,0.2486305332154353,1
1254,0.07229021668344654,1
1255,0.5176975598586205,0
1255,0.5735405703216504,0
1255,0.6378440176354573,0
1255,0.6161058970884278,0
1255,0.5531325519889108,0
1256,0.7717893129560436,1
1256,0.8785094766059487,1
1256,0.8357277324615866,1
1256,0.7884907407820436,1
1256,0.8810989703618857,1
1257,-0.03153110182861832,1
1257,0.11152831538554148,1
1257,0.10895506669469643,1
1257,0.015175863346745588,1
1257,0.069975323718129,1
1258,0.6771738516988136,0
1258,0.6150614984551895,0
1258,0.665760428869358,0
1258,0.739852629341721,0
1258,0.743817163483856,0
1259,0.17725661897007497,0
1259,0.2227807816544296,0
1259,0.2764590043899215,0
1259,0.14133793377784434,0
1259,0.21608939172986874,0
1260,-0.1815339447268791,0
1260,-0.18239900286904748,0
1260,-0.25000519749650507,0
1260,-0.13308777520943094,0
1260,-0.2793315381793479,0
1261,0.6816305556992349,1
1261,0.7768369697537261,1
1261,0.5292445811525612,1
1261,0.6019405045308281,1
1261,0.4634380357157441,1
1262,0.28682561273323987,1
1262,0.3390482917088121,1
1262,0.4023075318443549,1
1262,0.2320051327953812,1
1262,0.4123256113286286,1
1263,0.06857802486293507,1
1263,0.11011945365124892,1
1263,0.10655068040224228,1
1263,0.03689077065922863,1
1263,0.09462032490260033,1
1264,0.4548423154137481,0
1264,0.48971273543278676,0
1264,0.3492545272486711,0
1264,0.5011797864738159,0
1264,0.4440892359634012,0
1265,0.6138731923836052,1
1265,0.5908727675699335,1
1265,0.6999978762105745,1
1265,0.5904151981848286,1
1265,0.7024039880684078,1
1266,-0.24054798202564698,0
1266,-0.2623884682433257,0
1266,-0.20238665946339357,0
1266,-0.19290634414475605,0
1266,-0.2699005384081509,0
1267,-0.07803695432798957,1
1267,-0.1924517698819814,1
1267,-0.10322967705804996,1
1267,-0.14158147902096174,1
1267,-0.1259734721860559,1
1268,0.7701759718844046,1
1268,0.6829690046540868,1
1268,0.6812199865452321,1
1268,0.7357092739507589,1
1268,0.6906360997071331,1
1269,-0.04077615324379741,0
1269,0.06257087172364177,0
1269,0.09401679224699769,0
1269,0.0023158625335756577,0
1269,0.05431872109031399,0
1270,0.14525615866565258,0
1270,0.12233543034170619,0
1270,0.16662181009627433,0
1270,0.11730660811988292,0
1270,0.126892955040198,0
1271,0.19733686618916707,0
1271,0.3101197231726137,0
1271,0.2147943475291454,0
1271,0.29054696197007385,0
1271,0.24642967360897264,0
1272,0.4133658978872213,0
1272,0.38961533073429,0
1272,0.3724223581805828,0
1272,0.26001223580743327,0
1272,0.30921150772102207,0
1273,0.7334451931516117,0
1273,0.6244201943482579,0
1273,0.6080896381364883,0
1273,0.5922265560628376,0
1273,0.7921429995821458,0
1274,0.2860654891824221,1
1274,0.3772103101244214,1
1274,0.30472186351936303,1
1274,0.33083789798035723,1
1274,0.361414323142741,1
1275,0.16659747305216221,1
1275,0.1536677865866523,1
1275,0.16185440255245565,1
1275,0.051896703573162034,1
1275,0.21543883650936207,1
1276,0.25065977546245255,1
1276,0.28424271823225383,1
1276,0.1675852659816691,1
1276,0.21087587403449398,1
1276,0.2311467351095512,1
1277,0.3051570815608825,0
1277,0.4312164924713908,0
1277,0.5141810830392148,0
1277,0.4020345998139746,0
1277,0.33834321075520823,0
1278,-0.22656511756812947,0
1278,-0.23334930548029592,0
1278,-0.1653296566737699,0
1278,-0.2353043777352581,0
1278,-0.32996183726936,0
1279,-0.330772641230747,0
1279,-0.4222721063692433,0
1279,-0.44189948796414763,0
1279,-0.45548958385793564,0
1279,-0.39624208143211864,0
1280,0.42493138897458327,0
1280,0.50870393270078,0
1280,0.47926994822876345,0
1280,0.4245737536953127,0
1280,0.5524430408204704,0
1281,-0.13008471123050974,1
1281,-0.07414590674226776,1
1281,-0.10005528955403163,1
1281,-0.09112948895440279,1
1281,-0.08654772831131607,1
1282,0.07572060350110524,1
1282,0.1160851524729096,1
1282,0.1590108435852559,1
1282,0.17519509450775672,1
1282,0.11956486664448784,1
1283,0.41725275207401913,1
1283,0.4266657161963153,1
1283,0.43273674983426164,1
1283,0.43044631813301054,1
1283,0.387778064807087,1
1284,0.40680954701662875,0
1284,0.3774438902967875,0
1284,0.424591142032987,0
1284,0.33536036470551245,0
1284,0.3880034972809833,0
1285,-0.020057180265665137,0
1285,0.06338688209646218,0
1285,-0.07479159970401866,0
1285,0.01650893777156795,0
1285,-6.906394920280778e-05,0
1286,0.49663418226472844,0
1286,0.40049622514267935,0
1286,0.49626145573750763,0
1286,0.5107777455171506,0
1286,0.41652523259101987,0
1287,0.5254428479231054,1
1287,0.5430532231903449,1
1287,0.3906522738915735,1
1287,0.44456947099394795,1
1287,0.6585272546861002,1
1288,-0.12454538687827744,0
1288,-0.07031664426121423,0
1288,-0.08497374621897863,0
1288,-0.1971272425280377,0
1288,-0.12447275899468457,0
1289,0.15184373391038458,1
1289,0.30985470810651056,1
1289,0.32772702955369104,1
1289,0.320057934561472,1
1289,0.25011830249525757,1
1290,-0.11770779591310118,0
1290,-0.07683780313790872,0
1290,-0.08767060956040705,0
1290,-0.06423621248603864,0
1290,-0.0958718018246047,0
1291,0.05807965507157986,0
1291,0.1514891699479693,0
1291,0.15309496567343722,0
1291,0.08401180733674696,0
1291,0.054183228984229045,0
1292,0.13582971653261766,1
1292,0.18482063740293836,1
1292,0.1640969398286128,1
1292,0.14873711870742773,1
1292,0.158774797163696,1
1293,0.457352221469161,0
1293,0.4339239836608652,0
1293,0.4453091570686536,0
1293,0.4911061766199533,0
1293,0.4834745923777528,0
1294,0.6666796125511847,1
1294,0.7201248515154594,1
1294,0.675892246541316,1
1294,0.8104014203440296,1
1294,0.7274585182141147,1
1295,-0.13808230234265287,1
1295,-0.05667948510277315,1
1295,-0.04181524744343379,1
1295,-0.06371283932177178,1
1295,-0.0928198230264698,1
1296,-0.13515087379538576,0
1296,-0.1356032152387042,0
1296,-0.16911941993393279,0
1296,-0.1720025214893631,0
1296,-0.09330958280107121,0
1297,0.05456803281275474,1
1297,-0.0774863067440094,1
1297,0.011716816276027137,1
1297,-0.1285104114887281,1
1297,-0.08190649911525272,1
1298,0.39477126481788527,1
1298,0.24693318262889033,1
1298,0.33952865012087263,1
1298,0.31243119449550827,1
1298,0.2254931185173417,1
1299,-0.03559824204257245,1
1299,-0.05145592755994097,1
1299,-0.10192893401313655,1
1299,-0.14652595597432932,1
1299,-0.02257013059720067,1
1300,-0.12951233463744785,0
1300,-0.22471114014409377,0
1300,-0.2705545850559403,0
1300,-0.24646761604125136,0
1300,-0.1709159546889417,0
1301,-0.021612891432993858,0
1301,-0.041058284510548916,0
1301,-0.020213180697298508,0
1301,-0.020088425287131107,0
1301,-0.04767289580971501,0
1302,0.10235151272496981,1
1302,-0.02385508443183526,1
1302,-0.026924588722205073,1
1302,0.0066498848592334014,1
1302,0.04803952619953625,1
1303,0.3600003101645976,0
1303,0.39918741836838195,0
1303,0.4438162451048853,0
1303,0.3835132489264841,0
1303,0.40854983458365735,0
1304,0.6469147451950582,1
1304,0.5663519519612155,1
1304,0.7260062336839227,1
1304,0.5475548614188568,1
1304,0.5990582828835138,1
1305,0.3387460645410736,0
1305,0.32882741273766003,0
1305,0.3420715167491334,0
1305,0.2548019571220046,0
1305,0.2395273547270363,0
1306,0.03434400723246123,0
1306,-0.011591893676711845,0
1306,-0.00341289955706936,0
1306,0.028782773670434775,0
1306,0.051110956040654215,0
1307,0.12847213329031648,0
1307,0.1886670675529281,0
1307,0.1284201703116403,0
1307,0.28139757207489124,0
1307,0.05786164038595254,0
1308,0.8994122141189175,1
1308,1.0151860987152388,1
1308,0.91233705475723,1
1308,0.8374430187787005,1
1308,0.9311265218931168,1
1309,0.018071034426219434,1
1309,-0.013173713111453877,1
1309,-0.06976134154862687,1
1309,0.03542384432455081,1
1309,0.027460407780010576,1
1310,-0.214400553960129,1
1310,-0.24136254653501873,1
1310,-0.2595801717962125,1
1310,-0.25240760611529584,1
1310,-0.30070454288936,1
1311,0.24982948802791466,0
1311,0.2165979968455975,0
1311,0.10854893186527968,0
1311,0.16847892950483792,0
1311,0.0886543125304309,0
1312,0.40824305490663493,0
1312,0.5174286331285618,0
1312,0.5617206400885707,0
1312,0.5668921291652417,0
1312,0.4749581384022022,0
1313,0.6394060743342945,1
1313,0.5077547066264849,1
1313,0.4573256829782963,1
1313,0.5291529885024174,1
1313,0.5785017662909714,1
1314,0.31011305008651313,1
1314,0.4144395767926835,1
1314,0.36218669763849737,1
1314,0.27482646056483645,1
1314,0.43233864667596833,1
1315,0.158388272697464,1
1315,0.12603774798398987,1
1315,0.1201880459585894,1
1315,0.09961761028302622,1
1315,0.11858213758326923,1
1316,0.03893867252598948,1
1316,0.000509221603227139,1
1316,-0.12812072320839787,1
1316,-0.05727982021136235,1
1316,-0.10418688565221537,1
1317,-0.17734506117438065,1
1317,-0.052308973074898846,1
1317,-0.16388351242004673,1
1317,-0.12750727336306122,1
1317,-0.16272836052941986,1
1318,0.26846095856132335,1
1318,0.23635021275696388,1
1318,0.24812854032205633,1
1318,0.21338886671100266,1
1318,0.2938486435100349,1
1319,0.27709398102626825,1
1319,0.10566143831250423,1
1319,0.2844577855692456,1
1319,0.1598867042582353,1
1319,0.15891468566078176,1
1320,0.025184141598875023,0
1320,-0.00365603812106937,0
1320,0.017110667252556097,0
1320,-0.007778038902898185,0
1320,-0.011094852435085543,0
1321,-0.05199132737571091,0
1321,-0.170403090841932,0
1321,-0.014915531041906294,0
1321,-0.08900078194763902,0
1321,-0.08693936504707306,0
1322,-0.036550957434169,0
1322,-0.05146311151452285,0
1322,-0.11487820798835752,0
1322,-0.187779437399797,0
1322,-0.13657181405516527,0
1323,0.17724486440577447,0
1323,0.114672237048257,0
1323,0.25873744879605765,0
1323,0.23705460888514374,0
1323,0.18568434939995662,0
1324,-0.23160411923282498,0
1324,-0.2190882939604229,0
1324,-0.18936938388757094,0
1324,-0.20192072973939956,0
1324,-0.09674633306367131,0
1325,-0.08499816976886851,0
1325,-0.13488373507806578,0
1325,-0.11716417772324988,0
1325,-0.05518932050570585,0
1325,-0.12281554180615728,0
1326,0.2742440086719804,0
1326,0.19507454062925705,0
1326,0.26243629813735103,0
1326,0.16337547320343324,0
1326,0.132258265321194,0
1327,0.3511378992382928,1
1327,0.6570456984666744,1
1327,0.6314977757925034,1
1327,0.5634096664641868,1
1327,0.5622421928869642,1
1328,-0.006990844623605941,1
1328,-0.03105986255971116,1
1328,0.07098966094423527,1
1328,-0.049412645875354155,1
1328,-0.049269740064497275,1
1329,0.4961001738275491,0
1329,0.5401501732146226,0
1329,0.4667144538061746,0
1329,0.383139344686498,0
1329,0.5504619123423278,0
1330,0.038798385611437655,0
1330,0.010959748849978357,0
1330,0.013153982712030063,0
1330,0.0018666236540211226,0
1330,-0.0051378211474978645,0
1331,0.607368828141807,1
1331,0.5635786843001883,1
1331,0.5967817666089745,1
1331,0.6374536233606093,1
1331,0.5788349524376009,1
1332,0.5970982782003396,1
1332,0.6032772495169039,1
1332,0.6379138231952134,1
1332,0.570436057898012,1
1332,0.6064015564283305,1
1333,0.5068708167188812,1
1333,0.4696096634106397,1
1333,0.4402924637280632,1
1333,0.49999052200516353,1
1333,0.5601166662226699,1
1334,-0.36136507998890105,1
1334,-0.3539672691295184,1
1334,-0.3342539613135597,1
1334,-0.3563528506350036,1
1334,-0.3037203488354382,1
1335,-0.09405260144152514,1
1335,-0.12649233926525522,1
1335,-0.12906585580552052,1
1335,-0.12156075861894738,1
1335,-0.11077684255605338,1
1336,0.07020514870590835,0
1336,0.170827109199994,0
1336,0.08297738322807288,0
1336,-0.04367032102727486,0
1336,0.16663585514639984,0
1337,0.014884308077106223,1
1337,-0.05671673597356483,1
1337,-0.020238161778955627,1
1337,-0.06824979019298386,1
1337,-0.1179543272241701,1
1338,0.6390402367941177,0
1338,0.5734118477804087,0
1338,0.6286244865046706,0
1338,0.5537177703156003,0
1338,0.5054964163419541,0
1339,0.0019044139037968644,1
1339,0.1260500039823481,1
1339,0.046184858511549465,1
1339,0.11219953801546745,1
1339,0.035914927428925936,1
1340,0.04809228049683384,0
1340,-0.03244478139621371,0
1340,-0.019826791665186916,0
1340,-0.03458329325173648,0
1340,0.04369235924083384,0
1341,-0.2419000675185506,1
1341,-0.26780956269427847,1
1341,-0.20740782369011157,1
1341,-0.11037319519208913,1
1341,-0.2431985529232425,1
1342,0.6675927360128456,1
1342,0.7791690623199398,1
1342,0.6998920912869433,1
1342,0.7205785764639583,1
1342,0.6474898937418561,1
1343,0.16390913019066283,1
1343,0.13695522912278693,1
1343,0.1894200356009401,1
1343,0.254280328037304,1
1343,0.20492922248536705,1
1344,0.5770702023773198,1
1344,0.5868759522655613,1
1344,0.6542308304346525,1
1344,0.690386628510897,1
1344,0.7942525004621745,1
1345,0.15896842235816028,1
1345,-0.023776046047887744,1
1345,-0.021119079751656597,1
1345,0.04207275741467731,1
1345,0.043526129601096905,1
1346,0.4380383754871315,1
1346,0.49927843331347765,1
1346,0.40946977062698175,1
1346,0.4238693946931482,1
1346,0.4448886847634561,1
1347,0.19906725501392736,1
1347,0.16749426854364982,1
1347,0.23852097008594753,1
1347,0.26766626898696505,1
1347,0.17592831646145618,1
1348,0.3617589625822787,0
1348,0.31278045441979463,0
1348,0.3655119539062242,0
1348,0.3600887728751048,0
1348,0.288312578571401,0
1349,-0.0903183794269343,0
1349,-0.11223444468846683,0
1349,-0.09076868671955457,0
1349,-0.1452270257998421,0
1349,-0.10930066897608004,0
1350,0.4543349060141861,0
1350,0.3789564205324885,0
1350,0.40139536197035885,0
1350,0.4088492294400611,0
1350,0.5013507905654758,0
1351,-0.5270850191150447,0
1351,-0.4995219141174513,0
1351,-0.48395006707797905,0
1351,-0.46659526829867654,0
1351,-0.374680309066173,0
1352,0.5471167347732151,0
1352,0.425783079517837,0
1352,0.44545173024031665,0
1352,0.4438407846381983,0
1352,0.4418932774723484,0
1353,0.24215167879990462,0
1353,0.14257307970197253,0
1353,0.22543235851167837,0
1353,0.09149290717052996,0
1353,0.14600122501390694,0
1354,0.3045294436971776,1
1354,0.4004409252797759,1
1354,0.4430390061186412,1
1354,0.3926952012266507,1
1354,0.38282229760925834,1
1355,0.0029726300475125256,0
1355,0.0989681309462586,0
1355,-0.01986093919109233,0
1355,-0.07918920102669683,0
1355,-0.01934616990747509,0
1356,0.30512400272434403,1
1356,0.372539613043942,1
1356,0.4607214965174782,1
1356,0.4318526191174503,1
1356,0.5133584957469736,1
1357,0.5794515631526796,1
1357,0.5763004322876252,1
1357,0.44979472162906536,1
1357,0.7069278411334001,1
1357,0.5862738717968861,1
1358,-0.0002599230054170232,0
1358,0.04667864118509414,0
1358,0.10163947693232478,0
1358,0.10533748650144306,0
1358,0.049752871568262635,0
1359,0.4046953378456801,1
1359,0.4794260219528817,1
1359,0.4312106286930897,1
1359,0.4515548642630912,1
1359,0.44648853013230727,1
1360,0.5468533262349885,1
1360,0.4936633483364591,1
1360,0.37355608778954236,1
1360,0.3707225681732177,1
1360,0.3928280966198954,1
1361,0.23044607206246093,0
1361,0.19476130669111924,0
1361,0.28691856152008544,0
1361,0.24667080807146124,0
1361,0.266563955656011,0
1362,0.09544401735492697,1
1362,0.07793884911586707,1
1362,0.07389727464400941,1
1362,0.05300568505960701,1
1362,0.004528784536489527,1
1363,-0.2968060912334032,1
1363,-0.29151847346864146,1
1363,-0.24792751883015016,1
1363,-0.34462956548033047,1
1363,-0.2096384114407672,1
1364,0.4833891770886144,0
1364,0.48597309685417334,0
1364,0.4532786023454309,0
1364,0.46218822804841503,0
1364,0.5486148514214935,0
1365,0.261152889347986,1
1365,0.2504832680142275,1
1365,0.3427221766075654,1
1365,0.2676559814129097,1
1365,0.2736160468187741,1
1366,0.5499366223217025,0
1366,0.47707460897836995,0
1366,0.48934743411507936,0
1366,0.4974442736622107,0
1366,0.4213513592204543,0
1367,-0.20559517218644363,1
1367,-0.09484520732311455,1
1367,-0.04159924306479576,1
1367,-0.15619624919232192,1
1367,-0.10157085640023356,1
1368,0.36965379556807937,1
1368,0.3081115660177684,1
1368,0.30323235768280654,1
1368,0.2817710541424108,1
1368,0.31396375088008527,1
1369,0.3869893710497147,0
1369,0.1870270988058837,0
1369,0.37939940742178097,0
1369,0.24254208535832944,0
1369,0.3770390437216336,0
1370,0.009438269839625035,1
1370,0.0989919317043641,1
1370,0.07722137116833991,1
1370,0.06544349388961529,1
1370,0.03843569271161415,1
1371,-0.17695296573119731,0
1371,-0.023695440288232117,0
1371,-0.08519024130242664,0
1371,-0.09597788291622228,0
1371,-0.11092731564217997,0
1372,0.013558367606587643,1
1372,0.09306311058355171,1
1372,0.13904964150982102,1
1372,0.021748456443869107,1
1372,-0.021126545394115626,1
1373,0.06873162139087408,1
1373,-0.007022777230408644,1
1373,0.04515397037323801,1
1373,0.08360773694529988,1
1373,0.1566198148737661,1
1374,-0.17352806206183607,1
1374,-0.15256059264822097,1
1374,-0.20653969193760005,1
1374,-0.2384338062585993,1
1374,-0.1639705024418916,1
1375,0.5728121806642202,0
1375,0.5924690842942975,0
1375,0.5409157868416834,0
1375,0.5442916280640098,0
1375,0.4896534731996845,0
1376,-0.0741539978247647,0
1376,-0.01212609786875149,0
1376,0.009477356048513408,0
1376,-0.027177614795980465,0
1376,-0.002194810497790578,0
1377,-0.10120116795957854,1
1377,-0.13743238620942536,1
1377,-0.16363034070179772,1
1377,-0.17145583880014614,1
1377,-0.19485959585142879,1
1378,0.32818963553862823,1
1378,0.283247212844478,1
1378,0.3351229036071265,1
1378,0.25432771894814915,1
1378,0.3408959389593893,1
1379,0.0014773037216753576,0
1379,0.0982653834296523,0
1379,0.011195277039589738,0
1379,0.05218928052742974,0
1379,0.08403949963577004,0
1380,0.2516086407789914,1
1380,0.10394210083409221,1
1380,0.25356391116789284,1
1380,0.04680161812342465,1
1380,0.06190617332579368,1
1381,0.6802979365212458,1
1381,0.8055311831248511,1
1381,0.770200639079299,1
1381,0.6993736249359881,1
1381,0.6958199748487286,1
1382,0.4859482192264201,1
1382,0.49014100216234324,1
1382,0.5079303380324056,1
1382,0.5098647410771618,1
1382,0.5165097754640201,1
1383,-0.1302768486302434,0
1383,-0.08223091451562914,0
1383,-0.06740132810812244,0
1383,-0.025302112358837614,0
1383,-0.17590014260667547,0
1384,-0.05729480960473077,1
1384,0.007533571962056312,1
1384,-0.047337971693313,1
1384,-0.1320662174329098,1
1384,-0.050468092116842944,1
1385,0.2293706728455655,1
1385,0.2741081634579443,1
1385,0.19104002535545278,1
1385,0.29832884616110517,1
1385,0.24110154360176195,1
1386,-0.399978301451014,0
1386,-0.4485215766631896,0
1386,-0.3811714743380525,0
1386,-0.3346727232524052,0
1386,-0.4209542189664821,0
1387,-0.040551723713757815,0
1387,-0.09132450102098738,0
1387,0.08391731870982713,0
1387,-0.059228418899475194,0
1387,-0.019437445257791702,0
1388,0.6332291936221734,1
1388,0.5671638697318016,1
1388,0.6571394474042674,1
1388,0.6719261708977816,1
1388,0.6524969587332323,1
1389,-0.06648191011160606,0
1389,-0.1619874257731217,0
1389,-0.0815715463704588,0
1389,-0.12133592932705797,0
1389,-0.10774152961315195,0
1390,-0.1524917931275404,0
1390,-0.08196515515501099,0
1390,-0.0942172062180697,0
1390,-0.07080415683031122,0
1390,-0.15759691791956754,0
1391,0.39022348728767897,1
1391,0.3913361813626994,1
1391,0.3571653505491518,1
1391,0.34987577510894047,1
1391,0.40395046504500665,1
1392,0.10356352220126505,0
1392,0.1454338386210404,0
1392,0.12370014391076842,0
1392,0.11362321335050321,0
1392,0.13620570309075555,0
1393,-0.19206315155285839,0
1393,-0.20652371837797773,0
1393,-0.1666432011650819,0
1393,-0.1374953919341305,0
1393,-0.21705405793481708,0
1394,0.4623298694295015,0
1394,0.38095116329629003,0
1394,0.41850775609607843,0
1394,0.34564773527034065,0
1394,0.39899577057936064,0
1395,0.06891692460236802,0
1395,0.2003306178980208,0
1395,0.13026834301928758,0
1395,0.14045553407929096,0
1395,0.07322756731301644,0
1396,0.5747346634338524,0
1396,0.5532517661444563,0
1396,0.4797266425464116,0
1396,0.4955922092765003,0
1396,0.47024767893900865,0
1397,0.09545545126916735,1
1397,0.27444887319933936,1
1397,0.21963099405172307,1
1397,0.22697016381520624,1
1397,0.15779705709766922,1
1398,-0.16216450862989307,0
1398,-0.09261108551446179,0
1398,-0.1291150557024875,0
1398,-0.1829800372902127,0
1398,-0.16076105695665632,0
1399,-0.11005056460119991,1
1399,-0.15894547252071756,1
1399,-0.2082252527253412,1
1399,-0.03740224957022639,1
1399,-0.07632712962535515,1
1400,-0.1464214958425435,0
1400,-0.1345851471497801,0
1400,-0.08275727475505565,0
1400,-0.11897824034249924,0
1400,-0.16640177720814697,0
1401,0.007310617028252753,0
1401,-0.12092008005508298,0
1401,-0.09154694888416864,0
1401,-0.02402634512823071,0
1401,0.006498059798267231,0
1402,-0.1302497841288684,0
1402,-0.20028173516164635,0
1402,-0.13848631704905626,0
1402,-0.30035664095398956,0
1402,-0.2763813413268732,0
1403,-0.15463936453227034,1
1403,-0.19058326960953334,1
1403,-0.11032021824046576,1
1403,-0.13617243401817003,1
1403,-0.1503993497001346,1
1404,0.6855627118096141,0
1404,0.5876335949671185,0
1404,0.63062694350363,0
1404,0.6199491143161314,0
1404,0.659908067538931,0
1405,0.15254826614622202,1
1405,0.3116323982175764,1
1405,0.2739440721079222,1
1405,0.33176490965503175,1
1405,0.29262457636652894,1
1406,0.2085396290375896,1
1406,0.35713577970893695,1
1406,0.15896565751969183,1
1406,0.2014628530933292,1
1406,0.3401032677312682,1
1407,-0.12125891755554472,0
1407,-0.11040680442141006,0
1407,-0.12933909450352804,0
1407,-0.14041556503248626,0
1407,-0.114383483741137,0
1408,0.6634341422349227,0
1408,0.6372020161814391,0
1408,0.6729877627948744,0
1408,0.6540748406697032,0
1408,0.6939187461918266,0
1409,-0.016318853383396476,0
1409,0.07479783536691192,0
1409,-0.05170202884418018,0
1409,-0.09103071134731922,0
1409,-0.19965359163920474,0
1410,0.8877241052451723,1
1410,0.8927498832368403,1
1410,0.9386472635016071,1
1410,1.0697441784954198,1
1410,0.9373722446396486,1
1411,-0.0434347837434409,1
1411,0.004204331529929994,1
1411,-0.08194465787093858,1
1411,-0.0724636822967831,1
1411,-0.1763942635915134,1
1412,-0.16679629439787225,0
1412,-0.21787308714390943,0
1412,-0.07904263990321525,0
1412,-0.23083503837775454,0
1412,-0.19592166882800172,0
1413,0.7440295607481522,0
1413,0.7950301095963391,0
1413,0.5094358491904283,0
1413,0.8425307644806537,0
1413,0.7028408740756696,0
1414,0.5815051902643451,0
1414,0.5900355888007816,0
1414,0.5893494022212916,0
1414,0.40702720530780506,0
1414,0.5884973677927575,0
1415,0.6562854512040364,0
1415,0.9019516912564538,0
1415,0.7640148735826198,0
1415,0.7598671307187219,0
1415,0.8284184852819292,0
1416,0.6794417080548961,0
1416,0.5835373539442994,0
1416,0.5458366099323675,0
1416,0.5982355513502519,0
1416,0.634146494563339,0
1417,0.26490399137529475,0
1417,0.29373453296181773,0
1417,0.28370397333588876,0
1417,0.294906180690295,0
1417,0.27804374740112836,0
1418,-0.23731825682993934,1
1418,-0.29937393812636065,1
1418,-0.3060614178564399,1
1418,-0.3118483133228264,1
1418,-0.351731875623626,1
1419,0.021899859133605842,1
1419,0.019353517335538778,1
1419,-0.03825568471187414,1
1419,0.04365951874469437,1
1419,0.009590429945848494,1
1420,0.0224944639929395,1
1420,0.02480399700833001,1
1420,-0.012794317053603566,1
1420,-0.027215684575699922,1
1420,-0.03493740214470793,1
1421,0.6915769943389787,1
1421,0.677412942553924,1
1421,0.8102614890852904,1
1421,0.587029544732697,1
1421,0.5989299426951289,1
1422,0.07218649194212354,0
1422,0.042777582438974615,0
1422,0.03194678382132013,0
1422,0.04273479363570228,0
1422,0.03734449941078641,0
1423,-0.06892623589138705,0
1423,-0.02403508523493819,0
1423,-0.09200201313918863,0
1423,-0.10134920938782502,0
1423,-0.05529757971811328,0
1424,-0.12600952098036217,0
1424,-0.19962130631760075,0
1424,-0.203154325177923,0
1424,-0.12208694492982605,0
1424,-0.25181898216459436,0
1425,0.2391101983468769,1
1425,0.06844788305375132,1
1425,0.15042265012793932,1
1425,0.24655105819898565,1
1425,0.1420964582231257,1
1426,-0.1681588196903765,0
1426,-0.02057489122383943,0
1426,-0.004050850674744144,0
1426,-0.08274764759484898,0
1426,-0.11134678000802631,0
1427,0.003893720105794668,1
1427,-0.00474920889185107,1
1427,0.14371018158355128,1
1427,0.017604394464210055,1
1427,0.028597062423960068,1
1428,-0.06163785573149333,1
1428,0.002648519277596628,1
1428,0.08213319666474225,1
1428,0.02020110385509649,1
1428,0.04987368304554218,1
1429,0.14553934010554315,0
1429,0.1251325200888417,0
1429,0.08356646285805108,0
1429,0.04505162454593639,0
1429,0.13926292055231715,0
1430,0.6509861185741825,0
1430,0.6048919293827043,0
1430,0.6208428900960066,0
1430,0.6516977989549476,0
1430,0.6773795148252841,0
1431,0.2100290583413587,0
1431,0.17637724514344974,0
1431,0.26289970457813333,0
1431,0.2060584877626674,0
1431,0.3127978043886892,0
1432,0.39227718527105965,1
1432,0.4223287499396391,1
1432,0.3516380774261256,1
1432,0.3740964337790657,1
1432,0.3572199584901745,1
1433,-0.3941467622701054,0
1433,-0.3445429687924524,0
1433,-0.1930979941038752,0
1433,-0.3982745507878903,0
1433,-0.3366476276006284,0
1434,0.03377773152396868,1
1434,-0.008245860286778565,1
1434,0.031905112145456216,1
1434,0.013715386332700821,1
1434,0.04537818026338185,1
1435,0.24497588663129788,1
1435,0.1946653652255041,1
1435,0.17956365271657662,1
1435,0.21497153079231784,1
1435,0.11499484837809634,1
1436,0.7084629247306917,0
1436,0.7524188906480106,0
1436,0.6054596519474164,0
1436,0.6729035501324075,0
1436,0.636877996392158,0
1437,-0.07918867744972621,0
1437,-0.1318281860716846,0
1437,-0.004300011105167589,0
1437,-0.11369309955296827,0
1437,-0.1438889217043482,0
1438,0.05554630969828482,0
1438,0.015478928071426062,0
1438,0.09515799039722544,0
1438,0.09888259293791177,0
1438,0.03560594820873733,0
1439,-0.09108724963246762,1
1439,-0.16338777852651745,1
1439,-0.17585210388430422,1
1439,-0.1450764753696674,1
1439,-0.13384633384571398,1
1440,0.48039168520873243,1
1440,0.3722755971050539,1
1440,0.4292723033087725,1
1440,0.4267634821500313,1
1440,0.484597764579612,1
1441,0.05289802802369069,1
1441,0.09679072789079322,1
1441,0.1115889164864142,1
1441,0.053696268057576685,1
1441,0.011070384391984225,1
1442,-0.14594790231585722,1
1442,-0.21372635324350822,1
1442,-0.11011019493051682,1
1442,0.0047769141558694495,1
1442,-0.09768027794154444,1
1443,0.6366751955444265,0
1443,0.642732806343074,0
1443,0.6623512011241446,0
1443,0.6101847541708534,0
1443,0.6644278718969658,0
1444,0.7197623918260309,1
1444,0.7112006026919679,1
1444,0.49226780742221793,1
1444,0.7048055768083641,1
1444,0.7444904204792866,1
1445,0.4255198700057882,1
1445,0.34885271784001903,1
1445,0.42903395978209413,1
1445,0.5016569585153978,1
1445,0.5761422281229989,1
1446,0.09491350422255464,0
1446,0.22759392829903086,0
1446,0.1209204218163565,0
1446,0.16446830437216417,0
1446,0.14856021067122083,0
1447,-0.08000232766126031,0
1447,-0.08974280552348952,0
1447,-0.016812328373578045,0
1447,-0.10008680913637974,0
1447,-0.157111143447274,0
1448,0.3313810554594172,1
1448,0.3557046036841847,1
1448,0.32043636023245653,1
1448,0.35418503552692376,1
1448,0.3923389847032074,1
1449,0.16846092156773707,1
1449,0.24022589166719927,1
1449,0.327355519211866,1
1449,0.1389645369103072,1
1449,0.20533478211237702,1
1450,0.786380391516992,0
1450,0.8543606139994391,0
1450,0.7859894032334755,0
1450,0.8016835981992538,0
1450,0.6314003773029684,0
1451,-0.059965816872625394,1
1451,-0.13006982275741621,1
1451,-0.14880569714283975,1
1451,-0.03109476404491124,1
1451,-0.0742175090346848,1
1452,0.2482596478511689,0
1452,0.3146786512114583,0
1452,0.3086165092480196,0
1452,0.16144932447925323,0
1452,0.23975448753446252,0
1453,-0.11343908278798326,1
1453,-0.12642348747549825,1
1453,-0.11770011383010845,1
1453,-0.06183102119807621,1
1453,-0.1476956945520478,1
1454,0.021117806816955603,0
1454,-0.02728047572782727,0
1454,-0.043108343910718175,0
1454,0.07497658142346719,0
1454,0.03285301460502177,0
1455,0.5702989332577543,0
1455,0.5620761487320098,0
1455,0.5535742805264561,0
1455,0.4646797180812501,0
1455,0.699635431753138,0
1456,-0.18768027998183828,0
1456,-0.09372337050964341,0
1456,-0.12916346073116125,0
1456,-0.11780133065378548,0
1456,-0.1095041490341373,0
1457,0.24685268508927827,0
1457,0.14045211760486834,0
1457,0.040785982528628875,0
1457,0.14404112644105752,0
1457,0.07845751738225507,0
1458,0.16116809896029521,1
1458,0.07386353566705489,1
1458,0.19222283149870706,1
1458,0.1292517949424189,1
1458,0.15917418224001403,1
1459,0.40679221713028074,1
1459,0.3644858047409569,1
1459,0.3840237779937343,1
1459,0.4711185765028453,1
1459,0.42002251577309213,1
1460,0.5342697848145896,1
1460,0.5135298417315679,1
1460,0.46830960504237984,1
1460,0.5628910198747276,1
1460,0.4811523336805585,1
1461,0.2828730412336844,1
1461,0.2193612895610107,1
1461,0.2541009918744102,1
1461,0.28702716836235304,1
1461,0.27122333162393547,1
1462,-0.16070905443425543,0
1462,-0.13413020824018362,0
1462,-0.11193741131065188,0
1462,-0.10700566118753777,0
1462,-0.1448631036032533,0
1463,0.5949460301420192,1
1463,0.5135514588152272,1
1463,0.5064761949924562,1
1463,0.463395569813992,1
1463,0.4788698223048067,1
1464,0.2843191859209199,1
1464,0.21295122968569913,1
1464,0.37435842810881337,1
1464,0.304087136740199,1
1464,0.18381647766927417,1
1465,-0.06028350539147906,1
1465,-0.1344534240192813,1
1465,-0.05999403381513299,1
1465,-0.07864092377083845,1
1465,0.0783151049101092,1
1466,-0.049820212080985,1
1466,-0.08033945048060212,1
1466,0.003880212822702761,1
1466,-0.0949176646131824,1
1466,0.021222265969067566,1
1467,0.26707327779627443,1
1467,0.29015791356490306,1
1467,0.18879875083902797,1
1467,0.37473684110189065,1
1467,0.2741024929554794,1
1468,0.11291254539688181,1
1468,0.056606226107479785,1
1468,0.03651232278855347,1
1468,0.13969288386193926,1
1468,0.13904287131414816,1
1469,0.4452664202542058,1
1469,0.49836843860368985,1
1469,0.5467689250584198,1
1469,0.4943424271744725,1
1469,0.555612237751226,1
1470,0.036343365252015564,0
1470,0.10285730550730954,0
1470,0.07825477586575036,0
1470,-0.06541546233719367,0
1470,-0.0016967341154586202,0
1471,0.1371153780373122,1
1471,0.1803423111265621,1
1471,0.11016473751539606,1
1471,0.0317552909470183,1
1471,0.09522044230478147,1
1472,0.379379790921171,0
1472,0.3093892887404418,0
1472,0.3979331486079769,0
1472,0.22699863977568457,0
1472,0.3907027608653437,0
1473,-0.577350469310926,0
1473,-0.5677209432334335,0
1473,-0.5102824256324503,0
1473,-0.5481508203197764,0
1473,-0.49413560313866056,0
1474,0.31695324027051563,0
1474,0.24145613675931063,0
1474,0.19353549042761975,0
1474,0.21066947969442812,0
1474,0.2149488710177802,0
1475,-0.03441334614477945,1
1475,-0.0315274154885333,1
1475,-0.07719372822562082,1
1475,0.019282839202901164,1
1475,0.04680902303470144,1
1476,0.06171220794113502,1
1476,0.0274443740283003,1
1476,-0.07054562294247463,1
1476,-0.030935858517251086,1
1476,-0.05779204669156193,1
1477,-0.015743781059763963,0
1477,-0.04648023981043057,0
1477,0.017610957915392418,0
1477,-0.05660964397216493,0
1477,-0.03653319598319528,0
1478,0.11305444908104148,1
1478,0.05676254126063528,1
1478,0.06261741926544584,1
1478,0.06222505803400011,1
1478,-0.00013342175643663023,1
1479,-0.25582674390525484,0
1479,-0.27151491251477133,0
1479,-0.2957145850792393,0
1479,-0.2982921080722887,0
1479,-0.21884907096960496,0
1480,0.45433139147459145,1
1480,0.42862004313853896,1
1480,0.3592858167884342,1
1480,0.4237633277864519,1
1480,0.4466418329393411,1
1481,-0.14425995338074432,0
1481,-0.044449097660099246,0
1481,-0.04980750727641145,0
1481,-0.039266467433458435,0
1481,-0.024174160169426084,0
1482,0.5646787777059508,1
1482,0.43531177899429835,1
1482,0.6228932973620784,1
1482,0.4909267298130576,1
1482,0.6242700162853314,1
1483,0.4667869613610243,0
1483,0.3368441766954471,0
1483,0.39071598131455043,0
1483,0.3725167838358714,0
1483,0.4199298705118797,0
1484,0.40527528430598103,0
1484,0.3988270588705771,0
1484,0.42737339070112434,0
1484,0.43693799955837154,0
1484,0.26892069436789695,0
1485,0.49227803232269113,0
1485,0.5547539077752011,0
1485,0.5449804386181708,0
1485,0.49304322618809465,0
1485,0.5344613554279798,0
1486,0.561688988165467,0
1486,0.5579751557834641,0
1486,0.5603732390368235,0
1486,0.598351785146457,0
1486,0.5020037438447906,0
1487,0.4727589769666054,1
1487,0.472578032667427,1
1487,0.4426507278865394,1
1487,0.5250859884287737,1
1487,0.42920774704937686,1
1488,0.449219186732168,0
1488,0.32194898137604705,0
1488,0.4252300256085857,0
1488,0.29014923922436636,0
1488,0.41905705053290365,0
1489,0.04134200852058257,0
1489,0.056749604573896696,0
1489,0.05646040568173906,0
1489,0.03634750587213352,0
1489,0.030342615473164147,0
1490,0.2862927189842556,1
1490,0.2285327252624635,1
1490,0.26640207820070944,1
1490,0.22707109502165868,1
1490,0.20568486437517614,1
1491,0.11433505892178653,0
1491,0.10974250955638529,0
1491,0.20004223314125047,0
1491,0.04652989679327442,0
1491,0.059008085437134414,0
1492,0.26359794650454527,1
1492,0.2174884539984118,1
1492,0.189787321730145,1
1492,0.1353692944327181,1
1492,0.12782742542375386,1
1493,0.5484711839304571,1
1493,0.36566980389006787,1
1493,0.5374910079759225,1
1493,0.5731760236247433,1
1493,0.5029602065665707,1
1494,1.0471412519072594,1
1494,1.0562019027880416,1
1494,0.9901115224130972,1
1494,0.9127187586545562,1
1494,0.9737896183128874,1
1495,-0.21379608101678393,1
1495,-0.1929539431427876,1
1495,-0.18740463435248608,1
1495,-0.14128127709512567,1
1495,-0.14999251018510995,1
1496,0.20232502064522814,0
1496,0.14131649854871908,0
1496,0.15294556290088915,0
1496,0.05075451176515687,0
1496,0.19812198994501803,0
1497,-0.13018881785312297,1
1497,-0.09252501126222909,1
1497,-0.14241319934566954,1
1497,-0.05189736764612657,1
1497,-0.13560927294693179,1
1498,0.5813600421961894,0
1498,0.5878987085646993,0
1498,0.5891928394093554,0
1498,0.546382099451761,0
1498,0.5507727006312112,0
1499,0.3477415065234454,0
1499,0.3974317454376484,0
1499,0.3520116441684859,0
1499,0.359322748099452,0
1499,0.3680202776959935,0
1500,0.4426234389557294,1
1500,0.2716091340085942,1
1500,0.4371237704536969,1
1500,0.3952598961819972,1
1500,0.37731608900146424,1
1501,0.025899090634557392,0
1501,-0.10081788243451906,0
1501,-0.04913889429707824,0
1501,-0.03893465330782031,0
1501,-0.09969897651347248,0
1502,0.30746233306263626,0
1502,0.28819337748231244,0
1502,0.3112346237121558,0
1502,0.28934072154968205,0
1502,0.3352322827825802,0
1503,0.2105160091538475,1
1503,0.3348299376219309,1
1503,0.34763180828812434,1
1503,0.3258436161925755,1
1503,0.17391401452721184,1
1504,-0.05377462668716332,0
1504,-0.05954797091695235,0
1504,-0.01659830705312168,0
1504,-0.040956405362549436,0
1504,-0.0362832429628509,0
1505,-0.017949311061121243,0
1505,-0.0667052962506881,0
1505,-0.18309177116252418,0
1505,-0.05799774215665268,0
1505,-0.10421326327883673,0
1506,0.2284730905668234,0
1506,0.2849850474433987,0
1506,0.19584421342200795,0
1506,0.3304842762495435,0
1506,0.23899666878792977,0
1507,0.6657860960084421,0
1507,0.7509852585611757,0
1507,0.5681902051550491,0
1507,0.6095129437131459,0
1507,0.6810894540359018,0
1508,0.25510470077890457,1
1508,0.25900183895144396,1
1508,0.3122151328723035,1
1508,0.32423949288251475,1
1508,0.3602290724890237,1
1509,0.35135709726601155,0
1509,0.3005129160932682,0
1509,0.2682254982439423,0
1509,0.3548576657548859,0
1509,0.2825026982151524,0
1510,-0.02163195894879255,1
1510,0.018567059124073804,1
1510,-0.09998703796106663,1
1510,0.0710195031694264,1
1510,0.0620749049172771,1
1511,-0.14226838472071537,0
1511,-0.15667284403865636,0
1511,-0.1422597498275942,0
1511,-0.1931735943961101,0
1511,-0.15748406047869032,0
1512,0.4926008592015403,0
1512,0.472087749432474,0
1512,0.3820040081011105,0
1512,0.3551977771126273,0
1512,0.3357143906440236,0
1513,0.39549328386764065,1
1513,0.3336573542121016,1
1513,0.4777668694959391,1
1513,0.41627180413405107,1
1513,0.4088101445440043,1
1514,-0.22671798740232374,0
1514,-0.04933985471683111,0
1514,-0.14004635575217989,0
1514,-0.19911433749763682,0
1514,-0.15336499270435122,0
1515,-0.16528733014979066,1
1515,-0.20434827012498735,1
1515,-0.2391581503087905,1
1515,-0.13483329171675368,1
1515,-0.23372714878035333,1
1516,0.33609836110453417,0
1516,0.3411635147544287,0
1516,0.32469361303718663,0
1516,0.362463758369153,0
1516,0.31930742630066306,0
1517,-0.011844511369247579,0
1517,0.07066313564477694,0
1517,0.027727419490503058,0
1517,-0.0322809630207434,0
1517,-0.02082237540785556,0
1518,0.4342836775547807,0
1518,0.33486161018812644,0
1518,0.4111841663310829,0
1518,0.327873560943861,0
1518,0.32939787941900367,0
1519,0.16718898226164003,1
1519,0.11223688605206834,1
1519,0.16884295655206813,1
1519,0.1732572837433025,1
1519,0.16919408649802825,1
1520,0.12167116826871625,1
1520,0.07442013705939893,1
1520,0.012518617289408868,1
1520,0.05448141130099371,1
1520,0.08986589019752494,1
1521,-0.13732229770736973,0
1521,-0.21112546752156996,0
1521,-0.24399195708465216,0
1521,-0.28797631090010667,0
1521,-0.07995619626513795,0
1522,-0.16821280805144362,0
1522,-0.2594536411561214,0
1522,-0.2829249705508691,0
1522,-0.24795931676699012,0
1522,-0.34910607269441746,0
1523,-0.04459219892529631,0
1523,-0.04872161054782154,0
1523,-0.0979705340089026,0
1523,-0.05148325011706173,0
1523,-0.14810652458246798,0
1524,0.6804814598647568,0
1524,0.5735680675022027,0
1524,0.5470327842722651,0
1524,0.540257827917761,0
1524,0.5545528156447811,0
1525,-0.10027879096201497,1
1525,-0.1567415680268846,1
1525,-0.07444702366391076,1
1525,-0.19284219400838915,1
1525,-0.17745800501015696,1
1526,0.24234231245530416,1
1526,0.21459302304968814,1
1526,0.15281813011577106,1
1526,0.23916020694994938,1
1526,0.21967209940304255,1
1527,-0.19358759147780086,0
1527,-0.16574343961428942,0
1527,-0.04579420380403432,0
1527,-0.15079728600105824,0
1527,-0.22692769827163609,0
1528,0.3120776711860689,0
1528,0.22558438380133639,0
1528,0.31674766560218903,0
1528,0.20954779223944422,0
1528,0.2318177716993452,0
1529,0.11971930995830249,1
1529,0.006954874797646282,1
1529,-0.1078210861195289,1
1529,-0.08720914179697786,1
1529,-0.0608090841210393,1
1530,0.08832059570602416,1
1530,0.033475812970175683,1
1530,0.0012125776707327396,1
1530,0.050837154617874025,1
1530,-0.013945891384149117,1
1531,0.40648845579949977,1
1531,0.4659636369663369,1
1531,0.46894456039532506,1
1531,0.37727993241039814,1
1531,0.33210848769645296,1
1532,-0.2281619934373335,1
1532,-0.2795503754411258,1
1532,-0.3173600651756572,1
1532,-0.25420096930797564,1
1532,-0.21202843197728774,1
1533,-0.14980687302690485,0
1533,-0.19243152245228998,0
1533,-0.17292068568224736,0
1533,-0.16330451641836566,0
1533,-0.21527899162731343,0
1534,-0.1319151053848956,0
1534,-0.11715231293130399,0
1534,-0.09632217813963964,0
1534,-0.05663368986865425,0
1534,-0.18795575662101272,0
1535,-0.06378090952076651,0
1535,-0.09517519262353483,0
1535,-0.1637574969487091,0
1535,-0.0826107465034519,0
1535,-0.1962568492541631,0
1536,0.36983454087745904,0
1536,0.33719055848621116,0
1536,0.40065671120133617,0
1536,0.3485105639021962,0
1536,0.32393931839240103,0
1537,-0.048544899514658235,0
1537,0.012462681206880988,0
1537,-0.020964362075795162,0
1537,0.024157390449029342,0
1537,0.019027297902941276,0
1538,0.1689515705631896,0
1538,-0.006962491631312476,0
1538,0.16855213898657168,0
1538,0.057183519201463306,0
1538,0.16460256863235956,0
1539,-0.057961699345253734,0
1539,-0.04480899687826445,0
1539,0.03927807622316887,0
1539,-0.0935777683796227,0
1539,0.15938762991927233,0
1540,0.15235054147993082,0
1540,0.31276493412459305,0
1540,0.2527070767186005,0
1540,0.2425024976676869,0
1540,0.30849556836887404,0
1541,0.03530608499317389,1
1541,0.15126143387817875,1
1541,-0.001493598520858272,1
1541,0.041697947685667966,1
1541,0.12168301489414288,1
1542,0.4554378883182524,0
1542,0.49089920261001413,0
1542,0.4516548038569395,0
1542,0.5903371459035865,0
1542,0.5111907632459481,0
1543,-0.2132953460956886,0
1543,-0.24519521305358224,0
1543,-0.15258607689568018,0
1543,-0.17688633291535447,0
1543,-0.15678797980723386,0
1544,-0.2775662719712937,1
1544,-0.24128828508437186,1
1544,-0.2783155795074341,1
1544,-0.23854723616429765,1
1544,-0.28462616130780155,1
1545,0.13879847112911284,0
1545,0.11282020970547446,0
1545,0.18121894452878085,0
1545,0.1847302741918298,0
1545,0.2598956011104716,0
1546,0.07768054231526145,0
1546,0.036219874322346315,0
1546,0.07581918017405712,0
1546,0.16151164309910332,0
1546,0.04265399656872659,0
1547,0.11609120436927313,0
1547,0.10190779939470768,0
1547,0.12672515290009603,0
1547,0.09034494748568778,0
1547,0.10760297617786131,0
1548,0.1672637036039375,1
1548,0.17906951521139514,1
1548,0.18077110210550962,1
1548,0.1386374260452968,1
1548,0.20710271383725282,1
1549,-0.00546281545683866,0
1549,-0.0647525174848513,0
1549,-0.01327401413285842,0
1549,-0.013700645133026157,0
1549,-0.0941237735096882,0
1550,0.5500967573616271,1
1550,0.6586857553005813,1
1550,0.664182248268498,1
1550,0.6270727403682099,1
1550,0.4930819906515915,1
1551,0.08080540168283001,0
1551,-0.018509074796486766,0
1551,0.14667518215963044,0
1551,0.06215654369115804,0
1551,0.016287342427085044,0
1552,0.1925499890602283,1
1552,0.19636525898880186,1
1552,0.17784747559138597,1
1552,0.12917809664792043,1
1552,0.2582055483475473,1
1553,0.3376006051508145,1
1553,0.28439284307964213,1
1553,0.31301896736999624,1
1553,0.2679205933770397,1
1553,0.28310948065224134,1
1554,0.38376355643728344,1
1554,0.41777601824343724,1
1554,0.4286215197663264,1
1554,0.4411526910695227,1
1554,0.38544018598907576,1
1555,-0.04113586762170471,1
1555,-0.06554774254968856,1
1555,-0.053218969921798726,1
1555,-0.1269896180251866,1
1555,-0.08235734277783444,1
1556,0.18689036820993632,1
1556,0.17938933653364766,1
1556,0.27926332358169503,1
1556,0.2974365895229967,1
1556,0.2919128101905645,1
1557,0.02740556810858924,0
1557,0.09467796273725637,0
1557,-0.02985012425781977,0
1557,0.06490117083914335,0
1557,0.0067203993130683926,0
1558,-0.16314872879241218,0
1558,-0.2215931956623881,0
1558,-0.20247535003667755,0
1558,-0.04137069077112876,0
1558,-0.15632935681995724,0
1559,0.30971000511418617,0
1559,0.3852911091298874,0
1559,0.37612320568072133,0
1559,0.24374930948764204,0
1559,0.3067994025773546,0
1560,-0.12294021484976625,0
1560,-0.05128055285336469,0
1560,-0.08956916919472199,0
1560,-0.1675117025618093,0
1560,-0.08744739667188081,0
1561,-0.23092776596739045,0
1561,-0.11003660714515318,0
1561,-0.0995546210580448,0
1561,-0.1828085477873668,0
1561,-0.15640868490640003,0
1562,0.06261006488390548,0
1562,0.06341992816891026,0
1562,0.0019006882141715253,0
1562,0.106756828190505,0
1562,0.12883727223193814,0
1563,0.18374794748189036,0
1563,0.2083366398584257,0
1563,0.15389872028232535,0
1563,0.29393918342104164,0
1563,0.2849064952050236,0
1564,-0.0716759176153361,0
1564,-0.1333129344440402,0
1564,-0.23414597145433225,0
1564,-0.17491242009309574,0
1564,-0.20906007130006113,0
1565,0.19338305161761754,1
1565,0.16110233493077422,1
1565,0.14685778783038736,1
1565,0.17309097580795127,1
1565,0.1746878478866355,1
1566,-0.08239471917618996,0
1566,-0.042630797912824675,0
1566,-0.012297755338670363,0
1566,-0.0940620552427129,0
1566,-0.10299143181962306,0
1567,0.1467487871949736,0
1567,0.31156151421265715,0
1567,0.14810172216467507,0
1567,0.258679343175447,0
1567,0.16936109254029208,0
1568,-0.0037782235893840943,0
1568,-0.08253666362854434,0
1568,0.019472193914536362,0
1568,-0.08874614112536261,0
1568,-0.06131618445003367,0
1569,0.5139284628784867,0
1569,0.46505096237108834,0
1569,0.49685663907057015,0
1569,0.47582940895502807,0
1569,0.4441519325553419,0
1570,-0.2488701843373476,1
1570,-0.27681231122959893,1
1570,-0.31976680473623237,1
1570,-0.21520575005228232,1
1570,-0.26159378728653215,1
1571,0.0798881696119813,0
1571,-0.007835197140938582,0
1571,0.07055088042107613,0
1571,0.09411131290785613,0
1571,0.13008133289689994,0
1572,-0.2597027463163677,0
1572,-0.28512184826989584,0
1572,-0.20670115493227847,0
1572,-0.3060591427201056,0
1572,-0.2878462926138566,0
1573,0.08882081553867816,0
1573,0.10488398994656987,0
1573,0.08670015833392297,0
1573,0.18137583625657017,0
1573,0.04505389378822369,0
1574,0.4236100713485437,1
1574,0.3851659794403526,1
1574,0.32961099122715065,1
1574,0.5132752745709463,1
1574,0.3045754938041261,1
1575,0.5283370921986669,0
1575,0.5357714331300613,0
1575,0.40997762965515516,0
1575,0.4530076249184783,0
1575,0.4455806447509248,0
1576,0.2177188988696135,1
1576,0.2492434129578068,1
1576,0.26818119079038943,1
1576,0.22075720812565824,1
1576,0.3194637170187545,1
1577,-0.3700284414801912,0
1577,-0.4188170982351106,0
1577,-0.3127504603833865,0
1577,-0.2809451902498431,0
1577,-0.3511604587409291,0
1578,-0.3876446415540876,0
1578,-0.45889783355599717,0
1578,-0.330438674789738,0
1578,-0.34614529771663544,0
1578,-0.382237099742461,0
1579,-0.2150772189457097,0
1579,-0.3322711578691938,0
1579,-0.2789511102446765,0
1579,-0.2797602537746148,0
1579,-0.31522862676692276,0
1580,-0.43190790146065783,0
1580,-0.502323318898814,0
1580,-0.46103629452340134,0
1580,-0.5041635871776635,0
1580,-0.4243586324773462,0
1581,-0.04139701889828587,1
1581,-0.047342615357801016,1
1581,0.09790680058211132,1
1581,-0.04259383260557495,1
1581,0.024133282806058393,1
1582,-0.03135395684557679,0
1582,-0.06530286083668593,0
1582,0.02054836908872648,0
1582,-0.029818693758058984,0
1582,-0.07125626025532186,0
1583,0.6905824276984633,0
1583,0.7398039283088734,0
1583,0.618189928002052,0
1583,0.8358684146614045,0
1583,0.6732095845795527,0
1584,-0.3173138275475499,0
1584,-0.3632889138126035,0
1584,-0.34751936483830576,0
1584,-0.3589427455548843,0
1584,-0.38820989124656946,0
1585,-0.08040807507852783,1
1585,-0.11911025106800696,1
1585,-0.08541626080833453,1
1585,-0.013815887280385825,1
1585,0.043688434028579165,1
1586,-0.021453834679456385,0
1586,0.1003241439274615,0
1586,0.10767582796808339,0
1586,0.00216875694778082,0
1586,0.031135989910452883,0
1587,-0.021392695809936912,1
1587,-0.0780307937966638,1
1587,-0.06294252492484076,1
1587,-0.16064270238963524,1
1587,-0.12139464781097892,1
1588,0.18891313669563115,0
1588,0.12189721200522954,0
1588,0.14893229116395057,0
1588,0.1614251463832745,0
1588,0.08507691572612333,0
1589,0.13116850999637644,1
1589,0.09258285085507409,1
1589,0.1685276781698382,1
1589,0.09356205541635512,1
1589,0.08595953034316947,1
1590,-0.24697268289879845,1
1590,-0.30900947594887407,1
1590,-0.28103996303040424,1
1590,-0.2865525877095063,1
1590,-0.37112964161714146,1
1591,0.6053854974253079,0
1591,0.6726228289108558,0
1591,0.8044873294593456,0
1591,0.5999093835913962,0
1591,0.5504635163908222,0
1592,0.5312220859193792,1
1592,0.4349109248159857,1
1592,0.5189820521426829,1
1592,0.5393469571847357,1
1592,0.42509111061094046,1
1593,-0.05719299119501062,0
1593,-0.05567759697023705,0
1593,-0.07833651354671768,0
1593,-0.0016168503503352083,0
1593,-0.05073696119715221,0
1594,-0.0014095078499567204,0
1594,0.07932951124475017,0
1594,0.080048120329125,0
1594,0.010127094553986693,0
1594,0.06739739126464758,0
1595,0.3965551635786866,1
1595,0.25097701401587547,1
1595,0.21777706087743406,1
1595,0.31880032331165786,1
1595,0.39333499787313675,1
1596,0.3624031924828644,0
1596,0.6428809609895159,0
1596,0.4993290351538207,0
1596,0.5528356421451179,0
1596,0.5358144272058115,0
1597,0.7276212346798464,0
1597,0.599509874311885,0
1597,0.7490678109137383,0
1597,0.7506811992880077,0
1597,0.758063869885649,0
1598,0.04010384746748205,0
1598,-0.1326721830958503,0
1598,-0.10395072003139708,0
1598,-0.007605295526329547,0
1598,-0.018516191487693068,0
1599,-0.31199585465188284,1
1599,-0.19663485186224078,1
1599,-0.20599704806094365,1
1599,-0.2864825213083147,1
1599,-0.21560295091987858,1
1600,0.10308932751512241,0
1600,0.11432207205118869,0
1600,0.18870233864043606,0
1600,0.07812149104349353,0
1600,0.06704251312762616,0
1601,0.059417257847415944,0
1601,-0.01902463060282883,0
1601,-0.01222341018478254,0
1601,-0.019850540635149683,0
1601,0.027599718055107025,0
1602,0.3613755895302593,0
1602,0.4054549850362711,0
1602,0.4451293402900315,0
1602,0.3513161571732897,0
1602,0.4803345244688599,0
1603,0.07284537898807034,1
1603,0.13996380425003796,1
1603,0.15570432108647553,1
1603,0.09468759973094652,1
1603,0.14966497422937394,1
1604,-0.016983519282341236,0
1604,-0.021700975215287688,0
1604,-0.09528006524942073,0
1604,0.07236729027998431,0
1604,0.011324361247181475,0
1605,0.6964482743940583,0
1605,0.6298291405096517,0
1605,0.6588178757331598,0
1605,0.5897855069040631,0
1605,0.4913980768426414,0
1606,0.5016279304966126,0
1606,0.4806830409116601,0
1606,0.49464949386170143,0
1606,0.5324289005505081,0
1606,0.5328347321683568,0
1607,0.34938897265041524,1
1607,0.32027720608070087,1
1607,0.2507486355672588,1
1607,0.30200087008141513,1
1607,0.2651180848698567,1
1608,-0.3976676515295663,0
1608,-0.4545199270084216,0
1608,-0.5306834847655557,0
1608,-0.5160574162763386,0
1608,-0.45831384716994594,0
1609,-0.024653803453828515,0
1609,0.029922570524070317,0
1609,0.061578975187457634,0
1609,0.04123961141253998,0
1609,-0.061719849223173716,0
1610,-0.19853905171974437,0
1610,-0.182055897678662,0
1610,-0.23226748735631628,0
1610,-0.23565237040283582,0
1610,-0.1625535335149719,0
1611,-0.0337863276624118,1
1611,0.015791200155085783,1
1611,-0.10755959565639556,1
1611,-0.06383544624251111,1
1611,-0.048775125788275586,1
1612,-0.04977216146484671,1
1612,0.027548103705246074,1
1612,0.09703616632721235,1
1612,0.04193776272815146,1
1612,0.08949354844026464,1
1613,0.13262479684049577,0
1613,-0.005627115618159789,0
1613,0.13740758996883243,0
1613,0.0546980826277417,0
1613,0.044056564422131086,0
1614,0.05301941282620093,1
1614,0.047999469451585036,1
1614,-0.03133873003693648,1
1614,0.10751905153203759,1
1614,0.0683786999889742,1
1615,0.4352186878895676,1
1615,0.48662305478550977,1
1615,0.5898975546952065,1
1615,0.4174034123157837,1
1615,0.5385599168415108,1
1616,0.3660236816921229,1
1616,0.27756796799653105,1
1616,0.10428319624222099,1
1616,0.37364404486023567,1
1616,0.4068701415803556,1
1617,-0.3325851162677141,0
1617,-0.3312964999767529,0
1617,-0.30155287088307614,0
1617,-0.2760461872483585,0
1617,-0.28981432008719066,0
1618,0.3723714784101988,0
1618,0.3957699021266861,0
1618,0.1399210169086011,0
1618,0.3848191215741227,0
1618,0.37343659528976836,0
1619,0.05402639849583432,0
1619,0.056241892082888684,0
1619,0.03828124861601395,0
1619,-0.05601879474723846,0
1619,0.0016310643808210568,0
1620,0.0010173091115581179,0
1620,0.07240806946902104,0
1620,0.047074289657212026,0
1620,0.03702472852899216,0
1620,0.08001481240379685,0
1621,0.45021922338023035,1
1621,0.5618595637358409,1
1621,0.4877922356548742,1
1621,0.4630732996541565,1
1621,0.5064669684743968,1
1622,0.21447129260912545,1
1622,0.2871316312204474,1
1622,0.4231204995622749,1
1622,0.3653898078372934,1
1622,0.21863559776308816,1
1623,0.31201356702222915,0
1623,0.2515974911596078,0
1623,0.2311751351207988,0
1623,0.20324687888706786,0
1623,0.17171697434011532,0
1624,0.06306345086398654,0
1624,-0.0008827427851628156,0
1624,0.01644279986349803,0
1624,-0.007960840787117757,0
1624,-0.05016958365854304,0
1625,0.27403213856060776,0
1625,0.14955118594792238,0
1625,0.327627761442421,0
1625,0.12494104517997107,0
1625,0.2037283085098453,0
1626,0.31202615786268273,0
1626,0.25764718680404763,0
1626,0.18203832875700526,0
1626,0.15189854219592672,0
1626,0.19296914345110922,0
1627,-0.06862960372161153,0
1627,0.04819579235130128,0
1627,0.04457440161482132,0
1627,-0.10525084207388447,0
1627,-0.09957046251519172,0
1628,0.39953024760991085,1
1628,0.7092204334806002,1
1628,0.4582490642550885,1
1628,0.5099044610892027,1
1628,0.43534550992624443,1
1629,0.48987519998191936,0
1629,0.45957201033227385,0
1629,0.3898160309728032,0
1629,0.5514321996667941,0
1629,0.4387289955483966,0
1630,0.5038953107652531,0
1630,0.41421839504499947,0
1630,0.6080253631339271,0
1630,0.5289940048544701,0
1630,0.5404848584296476,0
1631,-0.1256552354642986,1
1631,-0.1303913575472797,1
1631,-0.06884675684108238,1
1631,-0.1940961356638574,1
1631,-0.09857000620045483,1
1632,0.3456309440634596,0
1632,0.38171104744879575,0
1632,0.2774102069354429,0
1632,0.3534349043405938,0
1632,0.2840974424989922,0
1633,0.07954926742534958,0
1633,0.12438889965434811,0
1633,0.13938794273230337,0
1633,0.14060706794171945,0
1633,0.08540260826803953,0
1634,-0.09030204768430702,0
1634,-0.09464817501398667,0
1634,-0.04860789535757026,0
1634,-0.08607807678114643,0
1634,-0.17841403371946804,0
1635,0.3997153310501855,0
1635,0.44165419009013174,0
1635,0.36046799703951965,0
1635,0.3959052607109743,0
1635,0.4834832756824059,0
1636,0.09200864496476047,1
1636,0.040006999817121,1
1636,0.029931347729988955,1
1636,0.06292739809016373,1
1636,0.0487836629256896,1
1637,0.0014318790901855505,1
1637,-0.022108034010243444,1
1637,0.029767859941548513,1
1637,-0.0005900101406177971,1
1637,0.14760317476202178,1
1638,0.21316601192233806,1
1638,0.2770449791651313,1
1638,0.2835547606837844,1
1638,0.2755785228012179,1
1638,0.2754036473322118,1
1639,0.23115001283607933,0
1639,0.3179122296314064,0
1639,0.29839368289788876,0
1639,0.25023099877162897,0
1639,0.28846361515205415,0
1640,0.25285578509212064,0
1640,0.3021286559474699,0
1640,0.3008687106862319,0
1640,0.2647098165386479,0
1640,0.2736890817047242,0
1641,0.1379220409978928,0
1641,0.19542548001767243,0
1641,0.17653990067192066,0
1641,0.18123288218214992,0
1641,0.21533737906111122,0
1642,0.30606718405453287,1
1642,0.2533379562235937,1
1642,0.2399789870521683,1
1642,0.2537622092216333,1
1642,0.29070311833116547,1
1643,0.30970167965086615,1
1643,0.2165206248209926,1
1643,0.3708150504072008,1
1643,0.398859955684845,1
1643,0.3798855367486422,1
1644,-0.4573539102924379,0
1644,-0.5097055241566314,0
1644,-0.3526874165077245,0
1644,-0.4476115864075191,0
1644,-0.47984239579035887,0
1645,-0.17413372166928992,0
1645,-0.23805361642056108,0
1645,-0.22666497757573661,0
1645,-0.29049651737732224,0
1645,-0.16310043374231986,0
1646,0.26799016848969615,1
1646,0.22475280583800722,1
1646,0.21172119275679366,1
1646,0.19135669474101236,1
1646,0.27581021174702736,1
1647,0.21716560197799045,0
1647,0.23369260948319984,0
1647,0.22743878518324093,0
1647,0.23952418427271222,0
1647,0.23091796602675058,0
1648,0.10306056311133871,0
1648,0.03615479762432283,0
1648,-0.024067910844248835,0
1648,0.08709696769248391,0
1648,0.10173012711999499,0
1649,0.4992570029291068,1
1649,0.4962658786951584,1
1649,0.5062944859843741,1
1649,0.539434650711837,1
1649,0.433196792566064,1
1650,0.801547459119813,1
1650,0.7246970761381639,1
1650,0.8628460576288728,1
1650,0.8130949450025924,1
1650,0.8142705086816044,1
1651,0.6443783912151825,0
1651,0.5175696427060287,0
1651,0.5143044483920236,0
1651,0.5490430075968292,0
1651,0.5853013927825835,0
1652,-0.14105054929916372,1
1652,-0.15810651038500073,1
1652,-0.06282147685197734,1
1652,-0.14084553088897145,1
1652,-0.1678334289435724,1
1653,0.07295266561798977,0
1653,-0.014798484825461214,0
1653,0.11952909336668358,0
1653,-0.0127260289934846,0
1653,0.03330977453125741,0
1654,-0.13133520107454122,0
1654,-0.1735619401143212,0
1654,-0.09063381047886401,0
1654,-0.13132246377010764,0
1654,-0.2017975749278676,0
1655,-0.13453763748256434,0
1655,-0.23487850408913502,0
1655,-0.07404083041671258,0
1655,-0.19180916872218465,0
1655,-0.10128085948047788,0
1656,0.7950574910161716,0
1656,0.7739287840710853,0
1656,0.7296488496397608,0
1656,0.7169075793288532,0
1656,0.8419007333643842,0
1657,-0.13929445418815375,0
1657,-0.0619696309525504,0
1657,-0.1301632556569126,0
1657,-0.02025097396459738,0
1657,-0.09132149604049483,0
1658,0.3539077551043977,1
1658,0.2855124374464888,1
1658,0.34763086200151133,1
1658,0.380256210139525,1
1658,0.34608529380024133,1
1659,-0.2026313209128336,1
1659,-0.2662683656800361,1
1659,-0.2465085082271272,1
1659,-0.2652802703209094,1
1659,-0.35627949035302203,1
1660,-0.3627793898505833,0
1660,-0.29992988572778473,0
1660,-0.29507533810250497,0
1660,-0.33657660714604043,0
1660,-0.2515545884733621,0
1661,0.49334575747884685,0
1661,0.4704171729291434,0
1661,0.4790451580736278,0
1661,0.5184161341838431,0
1661,0.49782007888811264,0
1662,0.09417290011327654,0
1662,0.1164903291382272,0
1662,0.1719146832534605,0
1662,0.05487520844878735,0
1662,0.19230169562526425,0
1663,0.692160369001898,1
1663,0.7478698439953283,1
1663,0.600814435057659,1
1663,0.7163794663595494,1
1663,0.6170922805668668,1
1664,-0.31237884967473406,0
1664,-0.38327891316232876,0
1664,-0.4064919285686777,0
1664,-0.4146355703837715,0
1664,-0.40616581986776445,0
1665,-0.06898710323141338,0
1665,0.010252421193031075,0
1665,0.06301919338127485,0
1665,-0.09233526550495963,0
1665,-0.02584842934881107,0
1666,0.5623757513344597,0
1666,0.52155025398824,0
1666,0.5756637572032544,0
1666,0.5854155709203563,0
1666,0.49356486178977177,0
1667,0.1700787319769722,0
1667,0.11418111650645515,0
1667,0.14831201047943862,0
1667,0.2741670356195738,0
1667,0.10447320740260507,0
1668,0.08002017017455304,0
1668,0.033280292954902355,0
1668,0.11093696424522184,0
1668,-0.03973035220000716,0
1668,0.06426218419351706,0
1669,0.15268976200436454,0
1669,0.1150627863482437,0
1669,0.19400318994139876,0
1669,0.28451628078647556,0
1669,0.1176599231057204,0
1670,-0.1230441111430754,1
1670,-0.17186315034140326,1
1670,-0.15329688830761326,1
1670,-0.1977614415183688,1
1670,-0.13690920863719927,1
1671,-0.12956257603081578,0
1671,-0.07875632608656477,0
1671,-0.029996740903014935,0
1671,-0.04790050078075145,0
1671,-0.05400368506376421,0
1672,0.230253177146457,1
1672,0.21929212624437583,1
1672,0.25317324634203375,1
1672,0.3030874127265329,1
1672,0.24633927667884126,1
1673,-0.008866046111468212,0
1673,-0.04190960969655305,0
1673,0.016255031898424283,0
1673,-0.09744210491150074,0
1673,0.04641908916644538,0
1674,0.24354483804740146,0
1674,0.11230450924888423,0
1674,0.07958798632668547,0
1674,0.030919648525594576,0
1674,0.13674670222152824,0
1675,-0.17338972470213138,0
1675,-0.018561038142231534,0
1675,-0.14310024259152973,0
1675,-0.05564822281351489,0
1675,-0.07744822303462404,0
1676,0.11346678863002042,0
1676,0.23573629771691149,0
1676,0.1155835653700365,0
1676,0.18779518757093377,0
1676,0.13932902633586022,0
1677,-0.14966530541799977,0
1677,-0.10630117048905563,0
1677,-0.16194647782124327,0
1677,-0.07095729589593155,0
1677,-0.03667754876620968,0
1678,-0.21179643299530865,0
1678,-0.10093440330484671,0
1678,-0.21078616496742347,0
1678,-0.03709307216656313,0
1678,-0.1446505286666765,0
1679,-0.04572211277932692,0
1679,-0.04436440365210573,0
1679,-0.08554711520538394,0
1679,-0.046019171926503344,0
1679,-0.09725584229098053,0
1680,-0.2807979541983572,0
1680,-0.35608247819129785,0
1680,-0.2673369630332397,0
1680,-0.25121978814479,0
1680,-0.3522494965164433,0
1681,-0.08088389178303337,0
1681,-0.041923901092026955,0
1681,-0.09810504780662743,0
1681,-0.010235698009084304,0
1681,0.0513958761493678,0
1682,0.3470307167035863,1
1682,0.26603340591454966,1
1682,0.4122048274517318,1
1682,0.2765326454539162,1
1682,0.32632230588696204,1
1683,0.44427059405050734,0
1683,0.4743753247411378,0
1683,0.43671760591670644,0
1683,0.4805883756778357,0
1683,0.42489501082588693,0
1684,0.4085035076919246,1
1684,0.5365654619341382,1
1684,0.46949681832091034,1
1684,0.42637014165750275,1
1684,0.4117729328784584,1
1685,-0.1889515845744539,0
1685,-0.22253175836460326,0
1685,-0.17675595314727324,0
1685,-0.14246634359710886,0
1685,-0.11116379515143585,0
1686,0.07972421689421877,0
1686,0.20295001196838858,0
1686,0.18259179066957243,0
1686,0.1612878166241221,0
1686,0.12353122695804322,0
1687,0.13321984308245097,0
1687,0.1152931946847211,0
1687,0.11861552166764593,0
1687,0.21714408137409916,0
1687,0.19303240311845532,0
1688,-0.3947821081732442,1
1688,-0.38153437669567036,1
1688,-0.4625135279323641,1
1688,-0.45107935990229137,1
1688,-0.3753441141101622,1
1689,-0.22262262636834584,1
1689,-0.2745788840545351,1
1689,-0.3678449774555276,1
1689,-0.27501920664845414,1
1689,-0.26739483506523565,1
1690,0.13023350328700978,0
1690,0.1351252914624408,0
1690,0.22905327759742994,0
1690,-0.0031578508289235863,0
1690,0.11584260760980843,0
1691,-0.1945887989394164,0
1691,-0.10767535321766203,0
1691,-0.1991151161654391,0
1691,-0.17030806035620966,0
1691,-0.15169742086742133,0
1692,-0.21050060588961922,0
1692,-0.28021146091080595,0
1692,-0.26888273734829027,0
1692,-0.18559488396879614,0
1692,-0.22189388908240523,0
1693,-0.3390022033746414,0
1693,-0.25636499744651053,0
1693,-0.30777375772389226,0
1693,-0.2549798750987786,0
1693,-0.10941981295367828,0
1694,0.2542575482011232,0
1694,0.2933012908125122,0
1694,0.31720250202000905,0
1694,0.3283127606478418,0
1694,0.32557864308244144,0
1695,-0.06520662856639076,1
1695,0.0016190407867339718,1
1695,-0.09619991552307128,1
1695,-0.16167112628939978,1
1695,-0.01774434066510089,1
1696,0.06964333801896881,0
1696,0.07650364394344915,0
1696,0.1538072314395153,0
1696,0.16666534397867272,0
1696,0.04549857376157522,0
1697,0.41041418747173797,0
1697,0.4624693910547961,0
1697,0.3949621115504331,0
1697,0.452116445302351,0
1697,0.4685646282153025,0
1698,0.47043550707784704,0
1698,0.4661592495858447,0
1698,0.48984569711261,0
1698,0.4780214642180661,0
1698,0.45997028515315835,0
1699,0.710759329604324,0
1699,0.6281095553961662,0
1699,0.6498652720143812,0
1699,0.7279511028241369,0
1699,0.6560106980954711,0
1700,0.4971328289585953,0
1700,0.4031215984103583,0
1700,0.4432227172096964,0
1700,0.43415653603122595,0
1700,0.3994062825909691,0
1701,0.3327677937384928,1
1701,0.3839904116098028,1
1701,0.3940087757770604,1
1701,0.34084429487459267,1
1701,0.36878907999944943,1
1702,-0.5081151250093724,0
1702,-0.44742198101106506,0
1702,-0.5022439726682536,0
1702,-0.4791871041266341,0
1702,-0.44822953113466807,0
1703,-0.10261422940065873,1
1703,0.02756277796174078,1
1703,-0.11002320691445133,1
1703,-0.1396805644954727,1
1703,-0.062308743476906264,1
1704,-0.34601602467342585,0
1704,-0.3979294153336397,0
1704,-0.33998003238455343,0
1704,-0.3357017255219116,0
1704,-0.28389737887688016,0
1705,0.19031008585414533,0
1705,0.27711425007853335,0
1705,0.4024554576443229,0
1705,0.3965717053255159,0
1705,0.24161946496185663,0
1706,-0.00702383761948383,0
1706,0.026435924942349698,0
1706,0.00785516093462052,0
1706,-0.06957499999648462,0
1706,-0.0835531930009765,0
1707,-0.06317213756668488,0
1707,-0.09606666986552065,0
1707,-0.007582103660732531,0
1707,-0.10323422568591042,0
1707,-0.12957413678867064,0
1708,0.2952392219304286,1
1708,0.4045053032925138,1
1708,0.37145093300377946,1
1708,0.44096470682589217,1
1708,0.35931315023361743,1
1709,-0.19936692095100023,0
1709,-0.3910172735287425,0
1709,-0.24774807236202906,0
1709,-0.36810753789864903,0
1709,-0.3173469225332525,0
1710,0.3646569051464717,1
1710,0.3540508658914004,1
1710,0.35315876370022325,1
1710,0.3755585570232941,1
1710,0.34820550729454625,1
1711,-0.0517137487159188,0
1711,-0.10648816860838595,0
1711,-0.12537029631900812,0
1711,-0.09014251727499215,0
1711,-0.10477197895028043,0
1712,0.12640001363389514,0
1712,0.3073640642339639,0
1712,0.2250970526618412,0
1712,0.15690353249725614,0
1712,0.24444991399703886,0
1713,-0.03217136205273277,0
1713,-0.031389953848797184,0
1713,0.10248636198037739,0
1713,0.026865397659347395,0
1713,0.031522764981190304,0
1714,-0.23729662542288038,0
1714,-0.2772275127480238,0
1714,-0.2297946488684379,0
1714,-0.18120769130867126,0
1714,-0.319344146150849,0
1715,0.28218684969958036,1
1715,0.20185411196310526,1
1715,0.30425073554743265,1
1715,0.14046063342476817,1
1715,0.25526808720887917,1
1716,0.38501615162105735,1
1716,0.29486753786284986,1
1716,0.38026521388303036,1
1716,0.4683809536689181,1
1716,0.303071189167309,1
1717,0.009553614240495306,0
1717,-0.05728474102863075,0
1717,-0.0031920138145646593,0
1717,0.042706212278421446,0
1717,0.009128788229957746,0
1718,-0.24099959511145505,0
1718,-0.07661578607287656,0
1718,-0.13925796864350642,0
1718,-0.15909624720552407,0
1718,-0.18358790670543068,0
1719,0.4085173103316934,0
1719,0.3595014825602729,0
1719,0.3813824557524379,0
1719,0.40144840831951867,0
1719,0.2841079767595067,0
1720,0.37569314771964546,1
1720,0.38850409799259294,1
1720,0.3967149507981262,1
1720,0.4202056832713158,1
1720,0.3844129210453241,1
1721,0.22026575796520811,0
1721,0.10640918645959137,0
1721,0.17447108100668773,0
1721,0.2299834192684424,0
1721,0.17501273701536174,0
1722,-0.21306702379366832,0
1722,-0.027325015324781737,0
1722,-0.1624024101023423,0
1722,-0.17867398508396243,0
1722,-0.10154750406364524,0
1723,0.27334909421012266,0
1723,0.20283084584651825,0
1723,0.24669107792484546,0
1723,0.2082377881678326,0
1723,0.20893042616139776,0
1724,0.7451787642919641,1
1724,0.7523216304518157,1
1724,0.9527267421218116,1
1724,0.7361083831550421,1
1724,0.7359479631817698,1
1725,0.35161017643585923,0
1725,0.3336046288341317,0
1725,0.3088058466506805,0
1725,0.26612033797398316,0
1725,0.3468521855161173,0
1726,0.37540280909274304,0
1726,0.3829753370714535,0
1726,0.4415127259448354,0
1726,0.4894678790562348,0
1726,0.4457819940244402,0
1727,-0.07765777806692165,0
1727,-0.0961014666917597,0
1727,-0.021829590657093417,0
1727,-0.05229154370644176,0
1727,-0.07345298409099552,0
1728,0.17037496583600248,1
1728,0.12003537348564168,1
1728,0.06421176521043484,1
1728,0.17161041502815,1
1728,0.07585549369743558,1
1729,-0.2292970335968364,1
1729,-0.17600579693334636,1
1729,-0.15860696270994995,1
1729,-0.1078544663637856,1
1729,-0.22241293536865156,1
1730,-0.28063801679291694,0
1730,-0.1559977809746313,0
1730,-0.14323239189247888,0
1730,-0.33414241342936674,0
1730,-0.22209478368358157,0
1731,0.4646105191837453,0
1731,0.5034737972669985,0
1731,0.42333016475003743,0
1731,0.5048236138175042,0
1731,0.40163117637851664,0
1732,0.4230868975257352,0
1732,0.4153891723350308,0
1732,0.39753741536954335,0
1732,0.48802930895398977,0
1732,0.38917487639280973,0
1733,0.6749094734490404,0
1733,0.7653015411869075,0
1733,0.4940248231498762,0
1733,0.6033698639487736,0
1733,0.706997889834088,0
1734,0.3144800562743592,1
1734,0.3331455917948505,1
1734,0.3012937958820541,1
1734,0.35757738230092206,1
1734,0.3482274868581325,1
1735,0.6139613003939688,0
1735,0.613072670549367,0
1735,0.6285545159281077,0
1735,0.5114052898328532,0
1735,0.57964355812216,0
1736,0.1905439483433556,1
1736,0.14567149422565007,1
1736,0.17254176948564212,1
1736,0.10943158830833569,1
1736,0.12981433481746202,1
1737,-0.11562383038002308,0
1737,0.05058320759244697,0
1737,-0.06252631007734397,0
1737,-0.04212410654239926,0
1737,-0.03752003589378719,0
1738,0.31213122583240605,1
1738,0.4493928918940093,1
1738,0.39968323973212033,1
1738,0.37114856136380014,1
1738,0.4221476740114371,1
1739,0.21574735934068484,1
1739,0.12544346123355082,1
1739,0.14756254072854982,1
1739,0.13642193146153922,1
1739,0.1424770277990648,1
1740,0.6696863447594359,1
1740,0.648364922848989,1
1740,0.6102501030531784,1
1740,0.6358766810962876,1
1740,0.618364372178779,1
1741,0.14694237814267846,0
1741,0.03421883518790694,0
1741,0.08248712309681253,0
1741,0.01009351177345949,0
1741,0.03155590337313237,0
1742,0.516064004390988,0
1742,0.4951543796373583,0
1742,0.16251120298205513,0
1742,0.39686787293042897,0
1742,0.45048297209395305,0
1743,0.027094106158081138,0
1743,-0.013731075968157272,0
1743,0.051185218322235465,0
1743,-0.05809294098572576,0
1743,0.03187185414184199,0
1744,-0.2527109961551313,0
1744,-0.18141016781065764,0
1744,-0.15226793189865195,0
1744,-0.178348753192435,0
1744,-0.15440021823067365,0
1745,-0.06393496746580415,0
1745,-0.09425007227539528,0
1745,-0.17243588668320362,0
1745,-0.049687950843993994,0
1745,-0.0036614104973706485,0
1746,-0.32374862204113575,0
1746,-0.3184505956935611,0
1746,-0.2534627781823303,0
1746,-0.25341032410723613,0
1746,-0.2112717971912571,0
1747,-0.5206809628460161,0
1747,-0.5001589291916052,0
1747,-0.5374182903128966,0
1747,-0.5436460047165106,0
1747,-0.5097323570145398,0
1748,0.44814041642887653,0
1748,0.463035317354725,0
1748,0.4307361125730599,0
1748,0.41446387619722425,0
1748,0.42590600407326745,0
1749,-0.11890912198682055,0
1749,-0.1090460985316239,0
1749,-0.08508967531086749,0
1749,-0.06795132297206291,0
1749,-0.1003958953907835,0
1750,0.47642570815962937,1
1750,0.46793749728080203,1
1750,0.47213946169074067,1
1750,0.5438760357211195,1
1750,0.4398944545339044,1
1751,-0.5925380829519896,0
1751,-0.47039061431209495,0
1751,-0.5177935349649254,0
1751,-0.5165688571446002,0
1751,-0.5283945324450459,0
1752,0.4442730862578229,0
1752,0.42929965026536354,0
1752,0.5298504811365085,0
1752,0.49749591267622006,0
1752,0.5445360283508728,0
1753,0.4768529545712852,1
1753,0.4896163294192444,1
1753,0.48512040635628656,1
1753,0.48596068814649385,1
1753,0.42968648717559965,1
1754,-0.41693505913108553,0
1754,-0.10696212714561187,0
1754,-0.3577938803442251,0
1754,-0.3232477042988794,0
1754,-0.3519885480889752,0
1755,0.345140829270825,0
1755,0.35536360325795846,0
1755,0.2842787549205913,0
1755,0.23958690915946582,0
1755,0.24714925464243703,0
1756,0.23260070770065347,0
1756,0.41186268980280805,0
1756,0.27002223522852514,0
1756,0.38828727309259176,0
1756,0.3241292293327086,0
1757,0.24971138659483721,0
1757,0.26101070626484346,0
1757,0.270069976530947,0
1757,0.27367896777400424,0
1757,0.3020341968796229,0
1758,0.04344392480194212,1
1758,0.04797753998225188,1
1758,-0.021574201117884564,1
1758,-0.0023499873350243256,1
1758,0.06809510037333175,1
1759,-0.15399741860614308,0
1759,-0.09590506556929873,0
1759,-0.17580869625767614,0
1759,-0.2559331393405697,0
1759,-0.1147388242371592,0
1760,0.6873811384245112,1
1760,0.7127454384081845,1
1760,0.7265010142248609,1
1760,0.6962477716063572,1
1760,0.5839496397590936,1
1761,-0.04110060857590031,0
1761,0.017437450512977182,0
1761,-0.05663664494432888,0
1761,0.011793342278986152,0
1761,0.03185157884899212,0
1762,0.48156892059560735,1
1762,0.4619077079955518,1
1762,0.46409943239520013,1
1762,0.4420209878118645,1
1762,0.4645987761209579,1
1763,0.34298976378533796,0
1763,0.34395473954977274,0
1763,0.39973460518260884,0
1763,0.44249818848158096,0
1763,0.46540134924478027,0
1764,0.215253406365826,0
1764,0.21900139718664635,0
1764,0.20947071408606474,0
1764,0.2024019358722215,0
1764,0.18162807590626118,0
1765,-0.10054975863073973,0
1765,-0.10375245521105247,0
1765,-0.24399747497451055,0
1765,-0.15309927926142541,0
1765,-0.25183754496824473,0
1766,0.69825281472004,1
1766,0.553284198701141,1
1766,0.6506716622339261,1
1766,0.6454859961071144,1
1766,0.6468489303019762,1
1767,0.06636538538495804,0
1767,0.1179720672560034,0
1767,0.0773903495879005,0
1767,0.10721557196330743,0
1767,0.11079091280479465,0
1768,-0.17806119047248947,0
1768,-0.2538205778435449,0
1768,-0.21645833231359263,0
1768,-0.3835519789546327,0
1768,-0.2750187299464455,0
1769,-0.15337874203800836,0
1769,-0.08579299017513639,0
1769,-0.10885253395492261,0
1769,-0.07713284827680454,0
1769,-0.13949844349841625,0
1770,0.5435248003780105,0
1770,0.5583978386306032,0
1770,0.5381992869319024,0
1770,0.477055717849727,0
1770,0.5754595595572515,0
1771,-0.4279786898766138,0
1771,-0.532937467480961,0
1771,-0.48903389743832126,0
1771,-0.4312470361289074,0
1771,-0.3800881346333787,0
1772,-0.3236007344593467,0
1772,-0.2711004245943596,0
1772,-0.2904806721398949,0
1772,-0.2957988529543271,0
1772,-0.23560203096488144,0
1773,0.6111766036781306,1
1773,0.5957958574017692,1
1773,0.617108162809976,1
1773,0.4307127038674725,1
1773,0.6060591533428844,1
1774,0.4441164170848302,0
1774,0.4452347519836296,0
1774,0.5134196795249599,0
1774,0.48338173325245865,0
1774,0.4507610297490613,0
1775,-0.3567608257505504,0
1775,-0.29227329606002783,0
1775,-0.48534731152745814,0
1775,-0.47243195220224216,0
1775,-0.39897684194983185,0
1776,0.2582664089942406,0
1776,0.25856363381303193,0
1776,0.22758328290698737,0
1776,0.22213334609951846,0
1776,0.2338397057588737,0
1777,-0.14175813355328934,1
1777,-0.13464149885481635,1
1777,-0.11639287952407643,1
1777,-0.17412451476364674,1
1777,-0.18245264135400935,1
1778,-0.1302882508638724,0
1778,-0.004675671982712404,0
1778,-0.15887835127479671,0
1778,-0.06969463241982538,0
1778,-0.09361236781938218,0
1779,-0.05015527814310494,0
1779,-0.11515781834035002,0
1779,-0.09702883777241125,0
1779,-0.014724634267109238,0
1779,-0.07011686807453613,0
1780,-0.03017995458453218,0
1780,-0.08609529575887265,0
1780,-0.15408860431374244,0
1780,-0.20522705600492333,0
1780,-0.23666864021957254,0
1781,0.17860042471412083,0
1781,0.1323696801813877,0
1781,0.19169751408346644,0
1781,0.044801173511428094,0
1781,0.2010408902211342,0
1782,-0.17756549156183776,0
1782,-0.10641480400094971,0
1782,-0.2034426735512532,0
1782,-0.020811729174798232,0
1782,-0.13519801653268324,0
1783,-0.14666631321363527,1
1783,-0.13028966919224894,1
1783,-0.15525691781473833,1
1783,-0.13567871148896532,1
1783,-0.16049722183146184,1
1784,0.4829518286653557,0
1784,0.3015224838724207,0
1784,0.32432956668917745,0
1784,0.523533428524175,0
1784,0.31903782510304257,0
1785,0.19077554460147284,0
1785,0.22199122648379813,0
1785,0.09186980168411893,0
1785,0.1841790180001549,0
1785,0.1371835998542676,0
1786,0.3548601997364823,0
1786,0.3710898962434483,0
1786,0.3317820291707687,0
1786,0.3369238263932624,0
1786,0.3434654657347807,0
1787,0.4246800627517074,1
1787,0.3406567903171276,1
1787,0.3771177497272178,1
1787,0.384993290057405,1
1787,0.4454206824528376,1
1788,0.10670529888387767,1
1788,0.20825847280071128,1
1788,0.17606872924874667,1
1788,0.22052419612506785,1
1788,0.13372478089231687,1
1789,0.5691882317673015,0
1789,0.602559836240568,0
1789,0.5850148211550209,0
1789,0.5452013166386174,0
1789,0.578682152837446,0
1790,0.045068320487190505,0
1790,-0.014584709670189072,0
1790,0.15698075178612866,0
1790,0.05426731986025528,0
1790,0.00032806373098639985,0
1791,0.4142256536179005,1
1791,0.29523289782396256,1
1791,0.4219815450088657,1
1791,0.4128452810752445,1
1791,0.3494084266044796,1
1792,0.48087273069397585,1
1792,0.5183318604987426,1
1792,0.5390325326804637,1
1792,0.48347027657825226,1
1792,0.4986772185605449,1
1793,-0.16954632541794956,0
1793,-0.10892938160792998,0
1793,-0.12119955693637714,0
1793,-0.022991735043692202,0
1793,-0.11974933395763934,0
1794,-0.30467963849852825,1
1794,-0.3003663670485345,1
1794,-0.2713689088131707,1
1794,-0.33659644925991994,1
1794,-0.3150018325102208,1
1795,-0.22817583739776992,0
1795,-0.22292944572796108,0
1795,-0.18964838065190678,0
1795,-0.20165626590642202,0
1795,-0.18491464642275007,0
1796,0.46666586941883614,0
1796,0.5460577439864098,0
1796,0.5164552822339209,0
1796,0.5874308594836622,0
1796,0.49340379833443737,0
1797,-0.1347266104393298,1
1797,-0.22182783737339634,1
1797,-0.12000121348375536,1
1797,-0.14813383045657716,1
1797,-0.1488611521877343,1
1798,0.07802405655306453,0
1798,0.11523085111594969,0
1798,0.18419326472994918,0
1798,0.10204655309655203,0
1798,0.1361873486922137,0
1799,-0.4220910457813938,0
1799,-0.41584454588831943,0
1799,-0.5385496080369326,0
1799,-0.3628124223701994,0
1799,-0.47023127016109,0
1800,-0.034755145654350714,0
1800,0.12581079743727014,0
1800,-0.0395338484515349,0
1800,0.04387554515333253,0
1800,0.08113685115824837,0
1801,-0.08061296640677323,0
1801,-0.0705911290845948,0
1801,-0.10605861508604977,0
1801,-0.051398912472422564,0
1801,-0.04905839380978527,0
1802,-0.08515460149053715,0
1802,-0.11322277291617087,0
1802,-0.09099262078955324,0
1802,-0.07461007422315341,0
1802,-0.07137161925089555,0
1803,0.261922947854016,0
1803,0.38442666298755757,0
1803,0.24386495242709894,0
1803,0.2570059190545666,0
1803,0.34696005067198,0
1804,1.0249011386460123,0
1804,0.9604035867295656,0
1804,1.2316868454991434,0
1804,1.1108551354167862,0
1804,1.1709637662106405,0
1805,0.5666769708964547,0
1805,0.49063714786642265,0
1805,0.5530824368933127,0
1805,0.6052208884283959,0
1805,0.5610232299109252,0
1806,0.3088553859081498,0
1806,0.19253549107067391,0
1806,0.21851475711801638,0
1806,0.23050336123533696,0
1806,0.28910942379397686,0
1807,0.5218897197571617,0
1807,0.5380146521429245,0
1807,0.5688434162161776,0
1807,0.37283217034163924,0
1807,0.5843017131758979,0
1808,0.011295261470748635,1
1808,0.05766970442460578,1
1808,0.029543912804006894,1
1808,-0.04125457205623345,1
1808,0.13313036969505207,1
1809,0.5939543674445023,0
1809,0.6478866857661436,0
1809,0.6249958144851081,0
1809,0.6191917563144287,0
1809,0.6412199531221223,0
1810,-0.33529779886553557,0
1810,-0.19721569681904572,0
1810,-0.35097077137325994,0
1810,-0.23044184013817884,0
1810,-0.2658445822029183,0
1811,0.19801608539664298,0
1811,0.10312619078313447,0
1811,0.04145279824737122,0
1811,0.09204292525885036,0
1811,0.06180657612560907,0
1812,-0.07442584315225481,0
1812,-0.06450496611529138,0
1812,-0.19346608222707548,0
1812,-0.16970836488331134,0
1812,-0.1480843211355807,0
1813,-0.20648302030117227,0
1813,-0.16645784217117915,0
1813,-0.19458556583433606,0
1813,-0.22803434218421384,0
1813,-0.22713361245373526,0
1814,0.5634620508029713,1
1814,0.6014523731941247,1
1814,0.5140666493303273,1
1814,0.5820070252104341,1
1814,0.6055810887758015,1
1815,-0.30962812324181344,0
1815,-0.25352728943614233,0
1815,-0.2207536507242681,0
1815,-0.22378136998511192,0
1815,-0.2290511935251141,0
1816,-0.3262442617394426,0
1816,-0.42337032850086415,0
1816,-0.35508109329285886,0
1816,-0.394992269898504,0
1816,-0.3530008470486231,0
1817,0.47934740530347625,0
1817,0.4033329630434167,0
1817,0.4440848000047382,0
1817,0.4180533185646742,0
1817,0.4064349504154398,0
1818,0.6529654996565326,0
1818,0.5833444358128028,0
1818,0.5885422313184314,0
1818,0.6315884283852752,0
1818,0.5973705526355764,0
1819,0.0645599071052616,0
1819,0.007020987184446326,0
1819,0.01865806898080874,0
1819,-0.017585662353784143,0
1819,0.02582162912221317,0
1820,0.820396614032726,0
1820,0.8146236702315346,0
1820,0.7777835181263902,0
1820,0.8392095473131734,0
1820,0.8130379727274815,0
1821,-0.06737493957284135,1
1821,-0.07200895474707053,1
1821,-0.0862699278772949,1
1821,-0.09166130513728293,1
1821,-0.14361415517684367,1
1822,0.007199969238869397,0
1822,0.1436568164310843,0
1822,-0.021973787808372558,0
1822,0.028342774536080417,0
1822,0.08829011917481044,0
1823,0.3585823922010458,0
1823,0.3961009252365154,0
1823,0.33969755978068816,0
1823,0.3848306070426071,0
1823,0.36273484005595147,0
1824,0.820613943221107,0
1824,0.8329307430690682,0
1824,0.963012348297788,0
1824,0.8808471493008261,0
1824,0.960916622258859,0
1825,0.46058077356859295,0
1825,0.40948617708251,0
1825,0.38346761659406003,0
1825,0.41084990215569683,0
1825,0.4125228584447447,0
1826,0.32587045319377717,0
1826,0.3021891144649941,0
1826,0.31414699419348724,0
1826,0.25991459315039517,0
1826,0.2674637607968883,0
1827,-0.5201493970741049,0
1827,-0.4395198699443439,0
1827,-0.45879719823512854,0
1827,-0.3339697787417858,0
1827,-0.4943548542094993,0
1828,-0.15408660473176838,0
1828,-0.22389959655065417,0
1828,-0.17962854064372116,0
1828,-0.13335602236425922,0
1828,-0.16556142810416158,0
1829,-0.659536493086718,1
1829,-0.5513276834295975,1
1829,-0.6421996905169909,1
1829,-0.5580304897197798,1
1829,-0.5889784831919517,1
1830,0.2541031226252224,0
1830,0.27848484843598575,0
1830,0.30329093164245735,0
1830,0.29189970979133134,0
1830,0.34501744180214006,0
1831,-0.21377213811875304,0
1831,-0.21510725369535175,0
1831,-0.17679824233277835,0
1831,-0.2048474361248645,0
1831,-0.261016135638227,0
1832,-0.07886590784673084,0
1832,-0.09242328225273294,0
1832,-0.1716392354587874,0
1832,-0.14721939408659357,0
1832,-0.1920681831483637,0
1833,0.030589824032215607,1
1833,0.1304081003834911,1
1833,0.08888363779921754,1
1833,0.042443005199250705,1
1833,0.02852773781815829,1
1834,-0.09147174760431548,0
1834,-0.09053786107295879,0
1834,-0.055500964727823066,0
1834,-0.06892655037703538,0
1834,-0.05479125432824902,0
1835,0.17300623072787444,0
1835,0.20128278159603036,0
1835,0.2126571614066391,0
1835,0.13747448138162574,0
1835,0.10675945837505375,0
1836,-0.2153756817722114,0
1836,-0.3426331714216089,0
1836,-0.31228769030627745,0
1836,-0.08813820504596862,0
1836,-0.2616049353534312,0
1837,-0.28945369654162745,0
1837,-0.31750963181113606,0
1837,-0.33718415005807395,0
1837,-0.41436152296545725,0
1837,-0.353232817361096,0
1838,0.44392243421489996,0
1838,0.43554292900944214,0
1838,0.3432596249124432,0
1838,0.3726529257122169,0
1838,0.44407256899932634,0
1839,-0.5536685347473432,1
1839,-0.6152765039361171,1
1839,-0.5467513202023424,1
1839,-0.5741138575762743,1
1839,-0.5405316837930438,1
1840,0.2501157466627977,1
1840,0.22334567978174313,1
1840,0.12972104346994764,1
1840,0.22891024149038658,1
1840,0.2191770213307887,1
1841,0.6161209358500558,0
1841,0.7265312365596214,0
1841,0.6039265561450716,0
1841,0.6059166730004981,0
1841,0.5226636708394301,0
1842,0.6454894120247917,1
1842,0.47326625780315545,1
1842,0.5633987161322807,1
1842,0.6108896533901305,1
1842,0.5664674816909335,1
1843,0.6236157488687583,1
1843,0.41008453117682275,1
1843,0.47272745272327443,1
1843,0.5952662810775355,1
1843,0.5024565898620941,1
1844,-0.35718521567473094,0
1844,-0.46165436200812143,0
1844,-0.3969457384807715,0
1844,-0.34065007618703164,0
1844,-0.31145776986460344,0
1845,0.6588287204788412,0
1845,0.5559606893302936,0
1845,0.6036063413738416,0
1845,0.5973201211362565,0
1845,0.5638594130142065,0
1846,0.7197202067945363,0
1846,0.7084054879102399,0
1846,0.8007371601922277,0
1846,0.7750310696270106,0
1846,0.7294023118136127,0
1847,-0.05651354219442224,1
1847,-0.03064777208119787,1
1847,0.04769470406039095,1
1847,0.030039753417840293,1
1847,0.036574611057133194,1
1848,-0.24123324840504928,0
1848,-0.3403074240305146,0
1848,-0.308038210709859,0
1848,-0.3197785274794283,0
1848,-0.2697774846701017,0
1849,0.3845730700332659,0
1849,0.36918641004675556,0
1849,0.40894459197559224,0
1849,0.36469088290714774,0
1849,0.3916742513905905,0
1850,0.4935330132828392,0
1850,0.592472047481921,0
1850,0.5748972768892552,0
1850,0.5149925677292858,0
1850,0.5165849147496359,0
1851,0.45773521642511483,0
1851,0.3713886904556476,0
1851,0.48617223230818596,0
1851,0.4800188163669221,0
1851,0.4870360714790555,0
1852,-0.2989996406162081,0
1852,-0.36521752369183824,0
1852,-0.4593676785094563,0
1852,-0.36598697347837383,0
1852,-0.32158125885182476,0
1853,-0.14444482916267956,0
1853,-0.10512573744468026,0
1853,-0.12713858160345598,0
1853,-0.02462325848851163,0
1853,-0.1422532121835459,0
1854,0.09513008438061048,0
1854,0.09067732229202588,0
1854,0.08171094013600055,0
1854,0.2697788223714857,0
1854,0.20002367862803935,0
1855,0.21128273576409878,0
1855,0.20583662795143076,0
1855,0.14000377863769597,0
1855,0.1895133306803542,0
1855,0.271872028143168,0
1856,0.34515072292304017,1
1856,0.32319732867758566,1
1856,0.3953231463924908,1
1856,0.38772872098609423,1
1856,0.3532926591906004,1
1857,0.3412985212495586,0
1857,0.34882571876588997,0
1857,0.4405180815256049,0
1857,0.3650272913275332,0
1857,0.28372182214457164,0
1858,-0.21873784647597927,0
1858,-0.25802163097807,0
1858,-0.23806117922388603,0
1858,-0.15643201288670397,0
1858,-0.056958519243552136,0
1859,0.3827676210097667,1
1859,0.5175780239424966,1
1859,0.46914428045869794,1
1859,0.44644002385409387,1
1859,0.4226239934336009,1
1860,0.40040232045077945,1
1860,0.39178141695472024,1
1860,0.4947992953684587,1
1860,0.48501741437649304,1
1860,0.5197434286770222,1
1861,-0.09420054755721663,0
1861,0.017008155921698048,0
1861,-0.16001153634424947,0
1861,-0.052132458297636186,0
1861,-0.1065119021637927,0
1862,0.3837030048394907,0
1862,0.52484200690462,0
1862,0.5338470958602746,0
1862,0.4256395080328812,0
1862,0.4768105399420349,0
1863,0.4032787200020622,1
1863,0.4677596814895759,1
1863,0.3458780055917713,1
1863,0.4679095577444328,1
1863,0.3492102991241266,1
1864,-0.15302533403841234,0
1864,-0.22113071750880842,0
1864,-0.11382887504235523,0
1864,-0.1389889103730721,0
1864,-0.13614137386349923,0
1865,0.07150818424294479,1
1865,0.11518052722856019,1
1865,0.09918485306346715,1
1865,0.1313305678177952,1
1865,0.03320990178283237,1
1866,0.42821460439602854,0
1866,0.5638500650504341,0
1866,0.6000080850774389,0
1866,0.5843751504186323,0
1866,0.5697977738389328,0
1867,0.3960330029638225,0
1867,0.3360135816321275,0
1867,0.3248679491355315,0
1867,0.20872320475043224,0
1867,0.20868104357762832,0
1868,0.36817135245497473,0
1868,0.37837061158744073,0
1868,0.3882011076434386,0
1868,0.3345100411916156,0
1868,0.35412244437692425,0
1869,0.24061311528106494,0
1869,0.14680563627262605,0
1869,0.22327348522780216,0
1869,0.22588884911596574,0
1869,0.1548316066147769,0
1870,0.21247064687463477,1
1870,0.28165972213174156,1
1870,0.1640208837787716,1
1870,0.15845511490607803,1
1870,0.1478285855541267,1
1871,0.40975198252461265,1
1871,0.3727532054572382,1
1871,0.44353403738499186,1
1871,0.3886923922925387,1
1871,0.45210443010626594,1
1872,0.2932486900516157,0
1872,0.31513826340095163,0
1872,0.24749505196545038,0
1872,0.28903184659596404,0
1872,0.26760147764396985,0
1873,0.4086377112061836,0
1873,0.46498684072384094,0
1873,0.3694386894856527,0
1873,0.4212158422882146,0
1873,0.396645983928831,0
1874,0.36925907937445973,0
1874,0.30179870912107754,0
1874,0.2577891222133473,0
1874,0.4167695404310928,0
1874,0.3590715616422491,0
1875,-0.027616193317200305,0
1875,-0.015486130281378074,0
1875,-0.02334161408904667,0
1875,-0.09268849866017281,0
1875,-0.043335082299128996,0
1876,0.2241229512462129,0
1876,0.2551921528124054,0
1876,0.2184219439951323,0
1876,0.26672762791089377,0
1876,0.3100522712233405,0
1877,0.6755809527685537,0
1877,0.7061493265260586,0
1877,0.6393124002057485,0
1877,0.7035483778464536,0
1877,0.6892430696655601,0
1878,0.06071949172499394,1
1878,0.019745479879110656,1
1878,0.003833836636086857,1
1878,0.0885237839795803,1
1878,1.1502501257754094e-05,1
1879,0.12602521468082012,1
1879,0.09279278699777496,1
1879,0.11917573870502415,1
1879,0.10469338399350851,1
1879,0.06374671896384186,1
1880,0.33614483879985513,1
1880,0.37947410266887055,1
1880,0.35506767582065496,1
1880,0.34212732102460736,1
1880,0.39428321671013095,1
1881,0.3700532809764673,0
1881,0.6076362886924708,0
1881,0.42066878240926064,0
1881,0.5405788523375112,0
1881,0.44254940216385463,0
1882,0.05012176227753873,0
1882,0.09734925370144376,0
1882,-0.05605314069831566,0
1882,0.05898767664396726,0
1882,0.014296165674761996,0
1883,-0.13177853549917662,0
1883,-0.361033084322676,0
1883,-0.24578982766055524,0
1883,-0.25141162453991794,0
1883,-0.2954755247067806,0
1884,-0.16065059773244345,1
1884,0.07864756670116424,1
1884,-0.1649264076607697,1
1884,-0.16740439664214352,1
1884,-0.03645518966685568,1
1885,-0.14476008756112532,0
1885,-0.3614714255624359,0
1885,-0.2849816789935771,0
1885,-0.320917498776498,0
1885,-0.3782655103614634,0
1886,0.47122635813694147,0
1886,0.5179505675379236,0
1886,0.5259906879218441,0
1886,0.5769686826853326,0
1886,0.6074992006740335,0
1887,-0.02754504334512098,0
1887,-0.007222646380771108,0
1887,0.031481515771682345,0
1887,-0.058029235559552805,0
1887,-0.04779361526936696,0
1888,0.0500029402931117,0
1888,0.09948340034314623,0
1888,0.2047210567610228,0
1888,0.19206456324571672,0
1888,0.11919142509220648,0
1889,0.055022909080565785,0
1889,-0.058719740226180206,0
1889,-0.12330600577767264,0
1889,-0.03907120435215336,0
1889,-0.05908001332456145,0
1890,0.3987888605502148,0
1890,0.5038546171941652,0
1890,0.42017669342825653,0
1890,0.3880147237910463,0
1890,0.397458941091695,0
1891,0.03450663605219867,1
1891,-0.02861133612975625,1
1891,0.01546149811275796,1
1891,0.08510411305516527,1
1891,0.007355894399475454,1
1892,0.22205158453342305,0
1892,0.15989597696784835,0
1892,0.16608932167745855,0
1892,0.27320178682554297,0
1892,0.17501665790642812,0
1893,0.5350323198562255,0
1893,0.47052193289851496,0
1893,0.45786168706965025,0
1893,0.5147300356202908,0
1893,0.48361836751329024,0
1894,0.017507257363458845,0
1894,-0.007994657366099528,0
1894,0.014809847063849607,0
1894,0.08933710810894989,0
1894,0.1561600733621672,0
1895,0.047639098913526995,0
1895,0.1487393116180459,0
1895,0.08235989106209281,0
1895,0.19383020744219853,0
1895,0.1891156349526164,0
1896,0.43609318739321734,1
1896,0.48312540729710296,1
1896,0.45070612118108566,1
1896,0.560573653207143,1
1896,0.40178325560654665,1
1897,-0.37527637061819863,1
1897,-0.4501510580867435,1
1897,-0.4585761530387584,1
1897,-0.35744627201254786,1
1897,-0.391805697105036,1
1898,0.1589027139463044,0
1898,0.33342844622246365,0
1898,0.2636142389424673,0
1898,0.23306377250593635,0
1898,0.14269104590627424,0
1899,0.07262924357421158,1
1899,0.059998866090825054,1
1899,0.06714609987589465,1
1899,-0.08909037879765166,1
1899,0.11646580523047462,1
1900,-0.02125270926261158,0
1900,-0.05838411752443251,0
1900,0.006658349026526372,0
1900,-0.005536595473706135,0
1900,-0.07129795421991372,0
1901,0.22424392274086882,1
1901,0.18731231404214532,1
1901,0.2185709218666033,1
1901,0.18410213151787555,1
1901,0.2377425606059444,1
1902,0.17830752646971526,0
1902,0.2496445003029991,0
1902,0.2641705720267413,0
1902,0.2063750969347919,0
1902,0.19785363505946668,0
1903,0.46086591990150927,1
1903,0.38085384897350827,1
1903,0.3969233874109378,1
1903,0.4017868802494622,1
1903,0.49790606879481797,1
1904,-0.4494016991237623,0
1904,-0.43318257558404577,0
1904,-0.43877974217891924,0
1904,-0.40854983916743326,0
1904,-0.4457429091404016,0
1905,0.3819610711295437,1
1905,0.39936878256579544,1
1905,0.48956069139696934,1
1905,0.3745224977193181,1
1905,0.4248104950241428,1
1906,-0.08915938210135885,0
1906,-0.11789329380747596,0
1906,-0.13844396071303988,0
1906,-0.03682246507452919,0
1906,-0.15367642942333207,0
1907,0.25785165825307493,1
1907,0.45532577015228376,1
1907,0.38151938318926415,1
1907,0.33944018591205405,1
1907,0.39635656487122256,1
1908,-0.02374771223667399,0
1908,-0.07628464107904678,0
1908,-0.0020311099126052445,0
1908,-0.030862931508332525,0
1908,0.012801887485701685,0
1909,0.02473403624325353,0
1909,0.09005910305848565,0
1909,0.11979112643614087,0
1909,0.10614197285603555,0
1909,0.06614682956771233,0
1910,-0.012333424151994347,0
1910,0.0797422567031693,0
1910,0.0226007822090325,0
1910,0.019721234777214526,0
1910,0.06552010259843528,0
1911,0.33067166410644366,0
1911,0.3561324416711141,0
1911,0.3849473227040794,0
1911,0.35642677840375164,0
1911,0.3630547478926495,0
1912,0.49998412035728945,1
1912,0.5076876763215884,1
1912,0.48998319273877977,1
1912,0.34183968198035103,1
1912,0.4780425497061137,1
1913,0.3473193234699366,1
1913,0.34022564842261116,1
1913,0.3368613026229736,1
1913,0.31901145763966504,1
1913,0.3358077591564158,1
1914,-0.021003074076911404,0
1914,0.07283312655277632,0
1914,0.0414221045126916,0
1914,-0.04974275028039585,0
1914,0.1370804902577041,0
1915,-0.1196059776867017,0
1915,-0.1324087620377692,0
1915,-0.09829980805811753,0
1915,-0.16217298723781998,0
1915,-0.05540475145838611,0
1916,-0.011233926530711619,0
1916,-0.10591285171801137,0
1916,-0.03742930619318782,0
1916,-0.05023753802978928,0
1916,-0.016286217018598892,0
1917,0.006081479238497833,0
1917,0.07282819318607461,0
1917,0.15362513770610428,0
1917,-0.06123289634899179,0
1917,0.019329776062481957,0
1918,-0.5031707360392705,0
1918,-0.5964519214607744,0
1918,-0.517933296314828,0
1918,-0.5527702043118201,0
1918,-0.3396726321270854,0
1919,-0.23212754194973945,1
1919,-0.35178704732372346,1
1919,-0.3877667418354104,1
1919,-0.3030912628808217,1
1919,-0.33065947982499905,1
1920,-0.004601301425731813,1
1920,-0.03442286355189694,1
1920,0.11286103802818988,1
1920,-0.054898557025760186,1
1920,0.041615655189082196,1
1921,0.2542926579854319,1
1921,0.28787469501621976,1
1921,0.2753222978306248,1
1921,0.2718384281145953,1
1921,0.2800532839277208,1
1922,0.5762963712253336,1
1922,0.5558162759770905,1
1922,0.6055243416229745,1
1922,0.49712268899228135,1
1922,0.45017265136781415,1
1923,0.09740771743457413,1
1923,0.15510075379169055,1
1923,0.11950780970102821,1
1923,0.03225921416008939,1
1923,0.14395892142781114,1
1924,-0.2737564923822766,0
1924,-0.11639679508697279,0
1924,-0.18232625845357697,0
1924,-0.1917030899145078,0
1924,-0.11178285194730908,0
1925,-0.09558680443188128,0
1925,-0.042742773765447425,0
1925,0.05603802950209211,0
1925,0.09714236374238733,0
1925,-0.005675577343972699,0
1926,-0.09218538853767519,0
1926,-0.14480619787642568,0
1926,-0.11545601479124012,0
1926,-0.039132198621847414,0
1926,-0.21813982911433333,0
1927,-0.028249966363618817,0
1927,-0.07824645972043681,0
1927,-0.19874109890799396,0
1927,-0.08759112258832807,0
1927,-0.11231774677633635,0
1928,-0.3915006546943858,0
1928,-0.32395327658468975,0
1928,-0.20940539878336245,0
1928,-0.3192207180333083,0
1928,-0.32866259692197686,0
1929,-0.14986723555532896,0
1929,-0.11835649123650285,0
1929,-0.13688372962214673,0
1929,-0.0803024692727419,0
1929,-0.07677059208777057,0
1930,0.25967720987224785,0
1930,0.221863795095482,0
1930,0.1650977839830558,0
1930,0.23598458978969866,0
1930,0.1980942559057131,0
1931,0.015119735814334734,0
1931,-0.05530365518507388,0
1931,-0.029655472419126416,0
1931,0.01856156864554162,0
1931,-0.12974465410731723,0
1932,-0.22001004376893232,1
1932,-0.2699634815193739,1
1932,-0.2427176911415601,1
1932,-0.20177622710500664,1
1932,-0.2382309088086402,1
1933,-0.0008660918783578025,1
1933,0.08025563168563186,1
1933,0.1505814333888349,1
1933,0.05430281421704128,1
1933,0.05597542732444444,1
1934,0.6097182487007857,1
1934,0.6317526168220466,1
1934,0.5071177445902065,1
1934,0.5559444237552318,1
1934,0.5180845907366352,1
1935,-0.09526756001517839,0
1935,-0.1115173014173001,0
1935,-0.14288555224013244,0
1935,-0.03334314448019565,0
1935,0.08174773950364456,0
1936,-0.19070817731551531,0
1936,-0.26211926275378905,0
1936,-0.32358615666284585,0
1936,-0.20846533351320157,0
1936,-0.22007882960770273,0
1937,-0.3371969807438452,0
1937,-0.3759919099424417,0
1937,-0.3098582981748522,0
1937,-0.3180606092191956,0
1937,-0.3041001983964401,0
1938,-0.2893804415991989,0
1938,-0.2555570921405149,0
1938,-0.34341578619684426,0
1938,-0.18451198291291124,0
1938,-0.20382963977642954,0
1939,0.3833467740054406,1
1939,0.6351829104310653,1
1939,0.48836759945081687,1
1939,0.5294626671930853,1
1939,0.4202487243416557,1
1940,0.6545498677293579,1
1940,0.695873252731682,1
1940,0.6515192663000049,1
1940,0.6364028699356024,1
1940,0.6602096086036191,1
1941,0.43661617851246187,1
1941,0.364428221103029,1
1941,0.43648424351967596,1
1941,0.4376332369888133,1
1941,0.3879891151518309,1
1942,0.1556791407231784,1
1942,0.16699098826652775,1
1942,0.03576636190869131,1
1942,0.13920750490154904,1
1942,0.14587979712655058,1
1943,-0.061842479937624595,0
1943,-0.1400920922666248,0
1943,-0.07228370816906032,0
1943,-0.10417356141182091,0
1943,-0.017958676669898976,0
1944,0.16847834069637888,1
1944,0.2405500790899499,1
1944,0.31207400726534845,1
1944,0.21833443450651974,1
1944,0.2231387179397389,1
1945,0.5905548821162137,1
1945,0.5411998085181923,1
1945,0.6586515747488466,1
1945,0.5767175879260563,1
1945,0.5388730911825079,1
1946,0.8489103488435975,0
1946,0.8980491353212566,0
1946,0.8357164878071888,0
1946,0.8711792591389637,0
1946,1.0979393563678925,0
1947,0.5214696324004606,0
1947,0.6076371455789494,0
1947,0.5244240255153974,0
1947,0.45898150050907566,0
1947,0.49101252021093356,0
1948,0.14437202384956938,1
1948,0.15765330231039812,1
1948,0.2561779852137529,1
1948,0.19035894734860737,1
1948,0.20827982979845286,1
1949,0.3836187430733279,1
1949,0.3528050329308702,1
1949,0.35356454726134556,1
1949,0.2897106780134554,1
1949,0.2870400608680822,1
1950,-0.46751495999551806,1
1950,-0.43890787547701005,1
1950,-0.4042136022829896,1
1950,-0.4694964728011568,1
1950,-0.4335254768403748,1
1951,0.5085257021911734,1
1951,0.5263650030246708,1
1951,0.6086790010461555,1
1951,0.5556700318323162,1
1951,0.563734726089278,1
1952,0.24537603924211637,1
1952,0.2829387488793514,1
1952,0.1930354832866522,1
1952,0.2872942263150836,1
1952,0.201702859759311,1
1953,0.39512982863642115,1
1953,0.3899109802933682,1
1953,0.3092612645974707,1
1953,0.3582806701545606,1
1953,0.351298328030719,1
1954,0.32907965876294615,0
1954,0.3811070088545004,0
1954,0.3576769093231896,0
1954,0.340289123483863,0
1954,0.32161970715079174,0
1955,0.5717799240214618,0
1955,0.6947717977126611,0
1955,0.6409980318033613,0
1955,0.5929231749187855,0
1955,0.6572613535577178,0
1956,0.3530259488274686,1
1956,0.6337450366996715,1
1956,0.5568414325918976,1
1956,0.4624279001688008,1
1956,0.5224625093977399,1
1957,-0.25545982320225374,0
1957,-0.26974767957003876,0
1957,-0.09976457379757092,0
1957,-0.23904328233618238,0
1957,-0.2870688860253139,0
1958,-0.11613404017548692,0
1958,-0.16438736126689174,0
1958,-0.21681699865027337,0
1958,-0.19844418102827832,0
1958,-0.007100116611749585,0
1959,-0.28186742914820173,0
1959,-0.41025209589721534,0
1959,-0.2757529543209062,0
1959,-0.33057107844493716,0
1959,-0.34474627988652307,0
1960,0.16071782180622315,1
1960,0.0670299841394424,1
1960,0.20951317091798236,1
1960,0.1730033129282021,1
1960,0.09594779743413755,1
1961,-0.008472715938120962,0
1961,0.0848689454501087,0
1961,0.06644737026099257,0
1961,0.13886217845046658,0
1961,0.04600881046597721,0
1962,0.4982808307102651,1
1962,0.5615149861127965,1
1962,0.5426806347180588,1
1962,0.578751970088601,1
1962,0.5715467209448121,1
1963,0.20536394904370167,1
1963,0.22412895754010587,1
1963,0.18537458216540556,1
1963,0.22166961031934823,1
1963,0.2792880078435999,1
1964,0.1423087281596428,1
1964,0.12391688916168442,1
1964,0.06407794230686667,1
1964,0.0945053217297306,1
1964,0.17348137701262387,1
1965,-0.02238126445614777,1
1965,-0.009610273706691264,1
1965,-0.024747329150850983,1
1965,0.017343759703814743,1
1965,0.04766070946665538,1
1966,0.32375827141095936,0
1966,0.3575918119835094,0
1966,0.4186485505980224,0
1966,0.3019232833514146,0
1966,0.3078642210330985,0
1967,0.727057986216437,1
1967,0.6422746529632173,1
1967,0.6882529240022686,1
1967,0.7699324419647717,1
1967,0.6806125464686938,1
1968,-0.015254423894207086,1
1968,-0.024407912472652782,1
1968,0.02937712946859289,1
1968,-0.05859801588127883,1
1968,-0.08883422208932944,1
1969,-0.21566115779584344,1
1969,-0.13906818473659388,1
1969,-0.18378976706614708,1
1969,-0.16648923714096217,1
1969,-0.09066341121366,1
1970,0.7338650608273486,1
1970,0.8113608426509245,1
1970,0.7332458381785323,1
1970,0.7943191814810157,1
1970,0.7820251112093182,1
1971,0.2516725284754818,1
1971,0.21999073993944812,1
1971,0.17088549280634366,1
1971,0.24645862094606563,1
1971,0.16997003737715563,1
1972,-0.044179235446781484,0
1972,-0.12193541575894934,0
1972,-0.0664313391029753,0
1972,-0.020250207412155635,0
1972,-0.09370667558318865,0
1973,0.12556274182356758,1
1973,-0.020559895354229363,1
1973,-0.027477085690210762,1
1973,0.03860142213292639,1
1973,-0.05279497674884448,1
1974,0.15572219939827822,0
1974,0.05266726689095605,0
1974,0.2499737518519775,0
1974,0.08463672203097831,0
1974,0.17104339119999376,0
1975,0.8621495647313084,1
1975,1.0346143965252794,1
1975,0.667093523835146,1
1975,0.8671282778016929,1
1975,0.9481467591570121,1
1976,0.39815090374363776,1
1976,0.40186811014899443,1
1976,0.518618289311297,1
1976,0.3585766493625262,1
1976,0.40306357567021633,1
1977,0.057751657622315766,0
1977,0.16970760430922907,0
1977,0.020644661929915625,0
1977,0.007573721827806051,0
1977,0.027981640448133893,0
1978,0.252921304046714,0
1978,0.20248799631345943,0
1978,0.2032084628005062,0
1978,0.19504254577165436,0
1978,0.2462320342596292,0
